grid,family,family_params,T,beta,delta,sigma_logit,V,seed,cost_order,total_cost,max_accel_norm,gate_activations,per_source_costs,per_pair_costs,truth_label,hit,margin,rank,threshold_pass,alignment_pass,cell_pass,failure_reasons
ablation,linear_drift,"{""drift_rate"": 0.01}",0.1,200.0,0.5,3.0,1024,42,ZEROTH,1.0609222225316039e-08,0.039999999999999994,0,"[5.304611112658019e-09, 1.0609222225316039e-08, 5.304611112658019e-09]","{""1,0"": 5.304611112658019e-09, ""2,0"": 0.0, ""2,1"": 5.304611112658019e-09}",,,,,False,,False,lin_drift.total_cost<=1e-10(fp64);lin_drift.max_accel<=1e-10(fp64);lin_drift.per_source<=1e-10(fp64)
ablation,linear_drift,"{""drift_rate"": 0.01}",0.1,200.0,0.5,3.0,1024,43,ZEROTH,1.0609222225316039e-08,0.04,0,"[5.304611112658019e-09, 1.0609222225316039e-08, 5.304611112658019e-09]","{""1,0"": 5.304611112658019e-09, ""2,0"": 0.0, ""2,1"": 5.304611112658019e-09}",,,,,False,,False,lin_drift.total_cost<=1e-10(fp64);lin_drift.max_accel<=1e-10(fp64);lin_drift.per_source<=1e-10(fp64)
ablation,linear_drift,"{""drift_rate"": 0.01}",0.1,200.0,0.5,3.0,1024,44,ZEROTH,1.0609222225316039e-08,0.04,0,"[5.304611112658019e-09, 1.0609222225316039e-08, 5.304611112658019e-09]","{""1,0"": 5.304611112658019e-09, ""2,0"": 0.0, ""2,1"": 5.304611112658019e-09}",,,,,False,,False,lin_drift.total_cost<=1e-10(fp64);lin_drift.max_accel<=1e-10(fp64);lin_drift.per_source<=1e-10(fp64)
ablation,linear_drift,"{""drift_rate"": 0.01}",0.1,200.0,0.5,3.0,1024,42,FIRST,2.612967426089829e-10,0.01,0,"[1.3064837130449144e-10, 2.612967426089829e-10, 1.3064837130449144e-10]","{""1,0"": 1.3064837130449144e-10, ""2,0"": 0.0, ""2,1"": 1.3064837130449144e-10}",,,,,False,,False,lin_drift.total_cost<=1e-10(fp64);lin_drift.max_accel<=1e-10(fp64);lin_drift.per_source<=1e-10(fp64)
ablation,linear_drift,"{""drift_rate"": 0.01}",0.1,200.0,0.5,3.0,1024,43,FIRST,2.612967426089829e-10,0.01,0,"[1.3064837130449144e-10, 2.612967426089829e-10, 1.3064837130449144e-10]","{""1,0"": 1.3064837130449144e-10, ""2,0"": 0.0, ""2,1"": 1.3064837130449144e-10}",,,,,False,,False,lin_drift.total_cost<=1e-10(fp64);lin_drift.max_accel<=1e-10(fp64);lin_drift.per_source<=1e-10(fp64)
ablation,linear_drift,"{""drift_rate"": 0.01}",0.1,200.0,0.5,3.0,1024,44,FIRST,2.612967426089829e-10,0.01,0,"[1.3064837130449144e-10, 2.612967426089829e-10, 1.3064837130449144e-10]","{""1,0"": 1.3064837130449144e-10, ""2,0"": 0.0, ""2,1"": 1.3064837130449144e-10}",,,,,False,,False,lin_drift.total_cost<=1e-10(fp64);lin_drift.max_accel<=1e-10(fp64);lin_drift.per_source<=1e-10(fp64)
ablation,linear_drift,"{""drift_rate"": 0.01}",0.1,200.0,0.5,3.0,1024,42,SECOND,0.0,3.400627856649791e-17,0,"[0.0, 0.0, 0.0]","{""1,0"": 0.0, ""2,0"": 0.0, ""2,1"": 0.0}",,,,,True,,True,
ablation,linear_drift,"{""drift_rate"": 0.01}",0.1,200.0,0.5,3.0,1024,43,SECOND,0.0,3.259419472014834e-17,0,"[0.0, 0.0, 0.0]","{""1,0"": 0.0, ""2,0"": 0.0, ""2,1"": 0.0}",,,,,True,,True,
ablation,linear_drift,"{""drift_rate"": 0.01}",0.1,200.0,0.5,3.0,1024,44,SECOND,0.0,3.838866040110581e-17,0,"[0.0, 0.0, 0.0]","{""1,0"": 0.0, ""2,0"": 0.0, ""2,1"": 0.0}",,,,,True,,True,
ablation,linear_drift,"{""drift_rate"": 0.02}",0.1,200.0,0.5,3.0,1024,42,ZEROTH,0.0001155971156668313,0.07999999999999999,0,"[5.779855783341565e-05, 0.0001155971156668313, 5.779855783341565e-05]","{""1,0"": 5.779855783341565e-05, ""2,0"": 0.0, ""2,1"": 5.779855783341565e-05}",,,,,False,,False,lin_drift.total_cost<=1e-10(fp64);lin_drift.max_accel<=1e-10(fp64);lin_drift.per_source<=1e-10(fp64)
ablation,linear_drift,"{""drift_rate"": 0.02}",0.1,200.0,0.5,3.0,1024,43,ZEROTH,0.0001155971156668313,0.07999999999999999,0,"[5.779855783341565e-05, 0.0001155971156668313, 5.779855783341565e-05]","{""1,0"": 5.779855783341565e-05, ""2,0"": 0.0, ""2,1"": 5.779855783341565e-05}",,,,,False,,False,lin_drift.total_cost<=1e-10(fp64);lin_drift.max_accel<=1e-10(fp64);lin_drift.per_source<=1e-10(fp64)
ablation,linear_drift,"{""drift_rate"": 0.02}",0.1,200.0,0.5,3.0,1024,44,ZEROTH,0.00011559711566683158,0.08,0,"[5.779855783341579e-05, 0.00011559711566683158, 5.779855783341579e-05]","{""1,0"": 5.779855783341579e-05, ""2,0"": 0.0, ""2,1"": 5.779855783341579e-05}",,,,,False,,False,lin_drift.total_cost<=1e-10(fp64);lin_drift.max_accel<=1e-10(fp64);lin_drift.per_source<=1e-10(fp64)
ablation,linear_drift,"{""drift_rate"": 0.02}",0.1,200.0,0.5,3.0,1024,42,FIRST,1.007144416585575e-06,0.020000000000000004,0,"[5.035722082927875e-07, 1.007144416585575e-06, 5.035722082927875e-07]","{""1,0"": 5.035722082927875e-07, ""2,0"": 0.0, ""2,1"": 5.035722082927875e-07}",,,,,False,,False,lin_drift.total_cost<=1e-10(fp64);lin_drift.max_accel<=1e-10(fp64);lin_drift.per_source<=1e-10(fp64)
ablation,linear_drift,"{""drift_rate"": 0.02}",0.1,200.0,0.5,3.0,1024,43,FIRST,1.007144416585575e-06,0.02,0,"[5.035722082927875e-07, 1.007144416585575e-06, 5.035722082927875e-07]","{""1,0"": 5.035722082927875e-07, ""2,0"": 0.0, ""2,1"": 5.035722082927875e-07}",,,,,False,,False,lin_drift.total_cost<=1e-10(fp64);lin_drift.max_accel<=1e-10(fp64);lin_drift.per_source<=1e-10(fp64)
ablation,linear_drift,"{""drift_rate"": 0.02}",0.1,200.0,0.5,3.0,1024,44,FIRST,1.007144416585575e-06,0.020000000000000004,0,"[5.035722082927875e-07, 1.007144416585575e-06, 5.035722082927875e-07]","{""1,0"": 5.035722082927875e-07, ""2,0"": 0.0, ""2,1"": 5.035722082927875e-07}",,,,,False,,False,lin_drift.total_cost<=1e-10(fp64);lin_drift.max_accel<=1e-10(fp64);lin_drift.per_source<=1e-10(fp64)
ablation,linear_drift,"{""drift_rate"": 0.02}",0.1,200.0,0.5,3.0,1024,42,SECOND,0.0,3.3708296056580084e-17,0,"[0.0, 0.0, 0.0]","{""1,0"": 0.0, ""2,0"": 0.0, ""2,1"": 0.0}",,,,,True,,True,
ablation,linear_drift,"{""drift_rate"": 0.02}",0.1,200.0,0.5,3.0,1024,43,SECOND,0.0,3.7186934638860566e-17,0,"[0.0, 0.0, 0.0]","{""1,0"": 0.0, ""2,0"": 0.0, ""2,1"": 0.0}",,,,,True,,True,
ablation,linear_drift,"{""drift_rate"": 0.02}",0.1,200.0,0.5,3.0,1024,44,SECOND,0.0,3.6221277595792376e-17,0,"[0.0, 0.0, 0.0]","{""1,0"": 0.0, ""2,0"": 0.0, ""2,1"": 0.0}",,,,,True,,True,
ablation,linear_drift,"{""drift_rate"": 0.05}",0.1,200.0,0.5,3.0,1024,42,ZEROTH,0.06548189552271971,0.19999999999999998,4,"[0.032740947761359857, 0.06548189552271971, 0.032740947761359857]","{""1,0"": 0.032740947761359857, ""2,0"": 0.0, ""2,1"": 0.032740947761359857}",,,,,False,,False,lin_drift.total_cost<=1e-10(fp64);lin_drift.max_accel<=1e-10(fp64);lin_drift.per_source<=1e-10(fp64)
ablation,linear_drift,"{""drift_rate"": 0.05}",0.1,200.0,0.5,3.0,1024,43,ZEROTH,0.06548189552271971,0.19999999999999998,4,"[0.032740947761359857, 0.06548189552271971, 0.032740947761359857]","{""1,0"": 0.032740947761359857, ""2,0"": 0.0, ""2,1"": 0.032740947761359857}",,,,,False,,False,lin_drift.total_cost<=1e-10(fp64);lin_drift.max_accel<=1e-10(fp64);lin_drift.per_source<=1e-10(fp64)
ablation,linear_drift,"{""drift_rate"": 0.05}",0.1,200.0,0.5,3.0,1024,44,ZEROTH,0.06548189552271982,0.2,4,"[0.03274094776135991, 0.06548189552271982, 0.03274094776135991]","{""1,0"": 0.03274094776135991, ""2,0"": 0.0, ""2,1"": 0.03274094776135991}",,,,,False,,False,lin_drift.total_cost<=1e-10(fp64);lin_drift.max_accel<=1e-10(fp64);lin_drift.per_source<=1e-10(fp64)
ablation,linear_drift,"{""drift_rate"": 0.05}",0.1,200.0,0.5,3.0,1024,42,FIRST,0.00498756211208895,0.05000000000000001,4,"[0.002493781056044475, 0.00498756211208895, 0.002493781056044475]","{""1,0"": 0.002493781056044475, ""2,0"": 0.0, ""2,1"": 0.002493781056044475}",,,,,False,,False,lin_drift.total_cost<=1e-10(fp64);lin_drift.max_accel<=1e-10(fp64);lin_drift.per_source<=1e-10(fp64)
ablation,linear_drift,"{""drift_rate"": 0.05}",0.1,200.0,0.5,3.0,1024,43,FIRST,0.00498756211208895,0.05000000000000001,4,"[0.002493781056044475, 0.00498756211208895, 0.002493781056044475]","{""1,0"": 0.002493781056044475, ""2,0"": 0.0, ""2,1"": 0.002493781056044475}",,,,,False,,False,lin_drift.total_cost<=1e-10(fp64);lin_drift.max_accel<=1e-10(fp64);lin_drift.per_source<=1e-10(fp64)
ablation,linear_drift,"{""drift_rate"": 0.05}",0.1,200.0,0.5,3.0,1024,44,FIRST,0.00498756211208895,0.05000000000000002,4,"[0.002493781056044475, 0.00498756211208895, 0.002493781056044475]","{""1,0"": 0.002493781056044475, ""2,0"": 0.0, ""2,1"": 0.002493781056044475}",,,,,False,,False,lin_drift.total_cost<=1e-10(fp64);lin_drift.max_accel<=1e-10(fp64);lin_drift.per_source<=1e-10(fp64)
ablation,linear_drift,"{""drift_rate"": 0.05}",0.1,200.0,0.5,3.0,1024,42,SECOND,0.0,4.073546362201167e-17,2,"[0.0, 0.0, 0.0]","{""1,0"": 0.0, ""2,0"": 0.0, ""2,1"": 0.0}",,,,,True,,True,
ablation,linear_drift,"{""drift_rate"": 0.05}",0.1,200.0,0.5,3.0,1024,43,SECOND,0.0,4.875799568240468e-17,2,"[0.0, 0.0, 0.0]","{""1,0"": 0.0, ""2,0"": 0.0, ""2,1"": 0.0}",,,,,True,,True,
ablation,linear_drift,"{""drift_rate"": 0.05}",0.1,200.0,0.5,3.0,1024,44,SECOND,0.0,4.615428004726742e-17,2,"[0.0, 0.0, 0.0]","{""1,0"": 0.0, ""2,0"": 0.0, ""2,1"": 0.0}",,,,,True,,True,
ablation,linear_drift,"{""drift_rate"": 0.1}",0.1,200.0,0.5,3.0,1024,42,ZEROTH,0.26687506954151613,0.39999999999999997,6,"[0.13343753477075807, 0.26687506954151613, 0.13343753477075807]","{""1,0"": 0.13343753477075807, ""2,0"": 0.0, ""2,1"": 0.13343753477075807}",,,,,False,,False,lin_drift.total_cost<=1e-10(fp64);lin_drift.max_accel<=1e-10(fp64);lin_drift.per_source<=1e-10(fp64)
ablation,linear_drift,"{""drift_rate"": 0.1}",0.1,200.0,0.5,3.0,1024,43,ZEROTH,0.26687506954151613,0.39999999999999997,6,"[0.13343753477075807, 0.26687506954151613, 0.13343753477075807]","{""1,0"": 0.13343753477075807, ""2,0"": 0.0, ""2,1"": 0.13343753477075807}",,,,,False,,False,lin_drift.total_cost<=1e-10(fp64);lin_drift.max_accel<=1e-10(fp64);lin_drift.per_source<=1e-10(fp64)
ablation,linear_drift,"{""drift_rate"": 0.1}",0.1,200.0,0.5,3.0,1024,44,ZEROTH,0.26687506954151635,0.4,6,"[0.13343753477075818, 0.26687506954151635, 0.13343753477075818]","{""1,0"": 0.13343753477075818, ""2,0"": 0.0, ""2,1"": 0.13343753477075818}",,,,,False,,False,lin_drift.total_cost<=1e-10(fp64);lin_drift.max_accel<=1e-10(fp64);lin_drift.per_source<=1e-10(fp64)
ablation,linear_drift,"{""drift_rate"": 0.1}",0.1,200.0,0.5,3.0,1024,42,FIRST,0.02970585407783462,0.10000000000000002,6,"[0.01485292703891731, 0.02970585407783462, 0.01485292703891731]","{""1,0"": 0.01485292703891731, ""2,0"": 0.0, ""2,1"": 0.01485292703891731}",,,,,False,,False,lin_drift.total_cost<=1e-10(fp64);lin_drift.max_accel<=1e-10(fp64);lin_drift.per_source<=1e-10(fp64)
ablation,linear_drift,"{""drift_rate"": 0.1}",0.1,200.0,0.5,3.0,1024,43,FIRST,0.02970585407783462,0.10000000000000003,6,"[0.01485292703891731, 0.02970585407783462, 0.01485292703891731]","{""1,0"": 0.01485292703891731, ""2,0"": 0.0, ""2,1"": 0.01485292703891731}",,,,,False,,False,lin_drift.total_cost<=1e-10(fp64);lin_drift.max_accel<=1e-10(fp64);lin_drift.per_source<=1e-10(fp64)
ablation,linear_drift,"{""drift_rate"": 0.1}",0.1,200.0,0.5,3.0,1024,44,FIRST,0.02970585407783462,0.10000000000000003,6,"[0.01485292703891731, 0.02970585407783462, 0.01485292703891731]","{""1,0"": 0.01485292703891731, ""2,0"": 0.0, ""2,1"": 0.01485292703891731}",,,,,False,,False,lin_drift.total_cost<=1e-10(fp64);lin_drift.max_accel<=1e-10(fp64);lin_drift.per_source<=1e-10(fp64)
ablation,linear_drift,"{""drift_rate"": 0.1}",0.1,200.0,0.5,3.0,1024,42,SECOND,0.0,7.670983892384985e-17,4,"[0.0, 0.0, 0.0]","{""1,0"": 0.0, ""2,0"": 0.0, ""2,1"": 0.0}",,,,,True,,True,
ablation,linear_drift,"{""drift_rate"": 0.1}",0.1,200.0,0.5,3.0,1024,43,SECOND,0.0,8.178773432249468e-17,4,"[0.0, 0.0, 0.0]","{""1,0"": 0.0, ""2,0"": 0.0, ""2,1"": 0.0}",,,,,True,,True,
ablation,linear_drift,"{""drift_rate"": 0.1}",0.1,200.0,0.5,3.0,1024,44,SECOND,0.0,7.74520527184718e-17,4,"[0.0, 0.0, 0.0]","{""1,0"": 0.0, ""2,0"": 0.0, ""2,1"": 0.0}",,,,,True,,True,
ablation,linear_drift,"{""drift_rate"": 0.2}",0.1,200.0,0.5,3.0,1024,42,ZEROTH,0.9032519851736727,0.7999999999999999,8,"[0.45162599258683633, 0.9032519851736727, 0.45162599258683633]","{""1,0"": 0.45162599258683633, ""2,0"": 0.0, ""2,1"": 0.45162599258683633}",,,,,False,,False,lin_drift.total_cost<=1e-10(fp64);lin_drift.max_accel<=1e-10(fp64);lin_drift.per_source<=1e-10(fp64)
ablation,linear_drift,"{""drift_rate"": 0.2}",0.1,200.0,0.5,3.0,1024,43,ZEROTH,0.9032519851736727,0.7999999999999999,8,"[0.45162599258683633, 0.9032519851736727, 0.45162599258683633]","{""1,0"": 0.45162599258683633, ""2,0"": 0.0, ""2,1"": 0.45162599258683633}",,,,,False,,False,lin_drift.total_cost<=1e-10(fp64);lin_drift.max_accel<=1e-10(fp64);lin_drift.per_source<=1e-10(fp64)
ablation,linear_drift,"{""drift_rate"": 0.2}",0.1,200.0,0.5,3.0,1024,44,ZEROTH,0.903251985173673,0.8,8,"[0.4516259925868365, 0.903251985173673, 0.4516259925868365]","{""1,0"": 0.4516259925868365, ""2,0"": 0.0, ""2,1"": 0.4516259925868365}",,,,,False,,False,lin_drift.total_cost<=1e-10(fp64);lin_drift.max_accel<=1e-10(fp64);lin_drift.per_source<=1e-10(fp64)
ablation,linear_drift,"{""drift_rate"": 0.2}",0.1,200.0,0.5,3.0,1024,42,FIRST,0.1348076824970764,0.20000000000000004,6,"[0.0674038412485382, 0.1348076824970764, 0.0674038412485382]","{""1,0"": 0.0674038412485382, ""2,0"": 0.0, ""2,1"": 0.0674038412485382}",,,,,False,,False,lin_drift.total_cost<=1e-10(fp64);lin_drift.max_accel<=1e-10(fp64);lin_drift.per_source<=1e-10(fp64)
ablation,linear_drift,"{""drift_rate"": 0.2}",0.1,200.0,0.5,3.0,1024,43,FIRST,0.1348076824970764,0.20000000000000007,6,"[0.0674038412485382, 0.1348076824970764, 0.0674038412485382]","{""1,0"": 0.0674038412485382, ""2,0"": 0.0, ""2,1"": 0.0674038412485382}",,,,,False,,False,lin_drift.total_cost<=1e-10(fp64);lin_drift.max_accel<=1e-10(fp64);lin_drift.per_source<=1e-10(fp64)
ablation,linear_drift,"{""drift_rate"": 0.2}",0.1,200.0,0.5,3.0,1024,44,FIRST,0.1348076824970766,0.20000000000000007,6,"[0.0674038412485383, 0.1348076824970766, 0.0674038412485383]","{""1,0"": 0.0674038412485383, ""2,0"": 0.0, ""2,1"": 0.0674038412485383}",,,,,False,,False,lin_drift.total_cost<=1e-10(fp64);lin_drift.max_accel<=1e-10(fp64);lin_drift.per_source<=1e-10(fp64)
ablation,linear_drift,"{""drift_rate"": 0.2}",0.1,200.0,0.5,3.0,1024,42,SECOND,0.0,1.4249810607357106e-16,6,"[0.0, 0.0, 0.0]","{""1,0"": 0.0, ""2,0"": 0.0, ""2,1"": 0.0}",,,,,True,,True,
ablation,linear_drift,"{""drift_rate"": 0.2}",0.1,200.0,0.5,3.0,1024,43,SECOND,0.0,1.4442686565833764e-16,6,"[0.0, 0.0, 0.0]","{""1,0"": 0.0, ""2,0"": 0.0, ""2,1"": 0.0}",,,,,True,,True,
ablation,linear_drift,"{""drift_rate"": 0.2}",0.1,200.0,0.5,3.0,1024,44,SECOND,0.0,1.4995852865739058e-16,6,"[0.0, 0.0, 0.0]","{""1,0"": 0.0, ""2,0"": 0.0, ""2,1"": 0.0}",,,,,True,,True,
primary,baseline,{},0.1,200.0,0.5,3.0,1024,42,SECOND,0.0,0.0,0,"[0.0, 0.0, 0.0]","{""1,0"": 0.0, ""2,0"": 0.0, ""2,1"": 0.0}",,,,,True,,True,
primary,baseline,{},0.1,200.0,0.5,3.0,1024,43,SECOND,0.0,0.0,0,"[0.0, 0.0, 0.0]","{""1,0"": 0.0, ""2,0"": 0.0, ""2,1"": 0.0}",,,,,True,,True,
primary,baseline,{},0.1,200.0,0.5,3.0,1024,44,SECOND,0.0,0.0,0,"[0.0, 0.0, 0.0]","{""1,0"": 0.0, ""2,0"": 0.0, ""2,1"": 0.0}",,,,,True,,True,
primary,constant_bias,"{""alpha_mag"": 0.05}",0.1,200.0,0.5,3.0,1024,42,SECOND,0.0,2.5069022375274173e-17,0,"[0.0, 0.0, 0.0]","{""1,0"": 0.0, ""2,0"": 0.0, ""2,1"": 0.0}",,,,,True,,True,
primary,constant_bias,"{""alpha_mag"": 0.05}",0.1,200.0,0.5,3.0,1024,43,SECOND,0.0,3.268074769692252e-17,0,"[0.0, 0.0, 0.0]","{""1,0"": 0.0, ""2,0"": 0.0, ""2,1"": 0.0}",,,,,True,,True,
primary,constant_bias,"{""alpha_mag"": 0.05}",0.1,200.0,0.5,3.0,1024,44,SECOND,0.0,3.76467099586943e-17,0,"[0.0, 0.0, 0.0]","{""1,0"": 0.0, ""2,0"": 0.0, ""2,1"": 0.0}",,,,,True,,True,
primary,constant_bias,"{""alpha_mag"": 0.1}",0.1,200.0,0.5,3.0,1024,42,SECOND,0.0,3.507392853828626e-17,0,"[0.0, 0.0, 0.0]","{""1,0"": 0.0, ""2,0"": 0.0, ""2,1"": 0.0}",,,,,True,,True,
primary,constant_bias,"{""alpha_mag"": 0.1}",0.1,200.0,0.5,3.0,1024,43,SECOND,0.0,3.512789027500704e-17,0,"[0.0, 0.0, 0.0]","{""1,0"": 0.0, ""2,0"": 0.0, ""2,1"": 0.0}",,,,,True,,True,
primary,constant_bias,"{""alpha_mag"": 0.1}",0.1,200.0,0.5,3.0,1024,44,SECOND,0.0,3.8355757367223526e-17,0,"[0.0, 0.0, 0.0]","{""1,0"": 0.0, ""2,0"": 0.0, ""2,1"": 0.0}",,,,,True,,True,
primary,constant_bias,"{""alpha_mag"": 0.2}",0.1,200.0,0.5,3.0,1024,42,SECOND,0.0,3.6145032812452724e-17,6,"[0.0, 0.0, 0.0]","{""1,0"": 0.0, ""2,0"": 0.0, ""2,1"": 0.0}",,,,,True,,True,
primary,constant_bias,"{""alpha_mag"": 0.2}",0.1,200.0,0.5,3.0,1024,43,SECOND,0.0,3.942126077641342e-17,6,"[0.0, 0.0, 0.0]","{""1,0"": 0.0, ""2,0"": 0.0, ""2,1"": 0.0}",,,,,True,,True,
primary,constant_bias,"{""alpha_mag"": 0.2}",0.1,200.0,0.5,3.0,1024,44,SECOND,0.0,3.7668735746876647e-17,6,"[0.0, 0.0, 0.0]","{""1,0"": 0.0, ""2,0"": 0.0, ""2,1"": 0.0}",,,,,True,,True,
primary,constant_bias,"{""alpha_mag"": 0.5}",0.1,200.0,0.5,3.0,1024,42,SECOND,0.0,3.4562079788485076e-17,6,"[0.0, 0.0, 0.0]","{""1,0"": 0.0, ""2,0"": 0.0, ""2,1"": 0.0}",,,,,True,,True,
primary,constant_bias,"{""alpha_mag"": 0.5}",0.1,200.0,0.5,3.0,1024,43,SECOND,0.0,6.487963349758453e-17,6,"[0.0, 0.0, 0.0]","{""1,0"": 0.0, ""2,0"": 0.0, ""2,1"": 0.0}",,,,,True,,True,
primary,constant_bias,"{""alpha_mag"": 0.5}",0.1,200.0,0.5,3.0,1024,44,SECOND,0.0,4.1896052457274834e-17,6,"[0.0, 0.0, 0.0]","{""1,0"": 0.0, ""2,0"": 0.0, ""2,1"": 0.0}",,,,,True,,True,
primary,constant_bias,"{""alpha_mag"": 1.0}",0.1,200.0,0.5,3.0,1024,42,SECOND,0.0,5.4034080460231003e-17,6,"[0.0, 0.0, 0.0]","{""1,0"": 0.0, ""2,0"": 0.0, ""2,1"": 0.0}",,,,,True,,True,
primary,constant_bias,"{""alpha_mag"": 1.0}",0.1,200.0,0.5,3.0,1024,43,SECOND,0.0,5.688413315981548e-17,6,"[0.0, 0.0, 0.0]","{""1,0"": 0.0, ""2,0"": 0.0, ""2,1"": 0.0}",,,,,True,,True,
primary,constant_bias,"{""alpha_mag"": 1.0}",0.1,200.0,0.5,3.0,1024,44,SECOND,0.0,4.9604265595293973e-17,6,"[0.0, 0.0, 0.0]","{""1,0"": 0.0, ""2,0"": 0.0, ""2,1"": 0.0}",,,,,True,,True,
primary,constant_bias,"{""alpha_mag"": 2.0}",0.1,200.0,0.5,3.0,1024,42,SECOND,0.0,7.17063687534666e-17,6,"[0.0, 0.0, 0.0]","{""1,0"": 0.0, ""2,0"": 0.0, ""2,1"": 0.0}",,,,,True,,True,
primary,constant_bias,"{""alpha_mag"": 2.0}",0.1,200.0,0.5,3.0,1024,43,SECOND,0.0,7.153879865978253e-17,6,"[0.0, 0.0, 0.0]","{""1,0"": 0.0, ""2,0"": 0.0, ""2,1"": 0.0}",,,,,True,,True,
primary,constant_bias,"{""alpha_mag"": 2.0}",0.1,200.0,0.5,3.0,1024,44,SECOND,0.0,5.638029863302244e-17,6,"[0.0, 0.0, 0.0]","{""1,0"": 0.0, ""2,0"": 0.0, ""2,1"": 0.0}",,,,,True,,True,
primary,linear_drift,"{""drift_rate"": 0.01}",0.1,200.0,0.5,3.0,1024,42,SECOND,0.0,3.400627856649791e-17,0,"[0.0, 0.0, 0.0]","{""1,0"": 0.0, ""2,0"": 0.0, ""2,1"": 0.0}",,,,,True,,True,
primary,linear_drift,"{""drift_rate"": 0.01}",0.1,200.0,0.5,3.0,1024,43,SECOND,0.0,3.259419472014834e-17,0,"[0.0, 0.0, 0.0]","{""1,0"": 0.0, ""2,0"": 0.0, ""2,1"": 0.0}",,,,,True,,True,
primary,linear_drift,"{""drift_rate"": 0.01}",0.1,200.0,0.5,3.0,1024,44,SECOND,0.0,3.838866040110581e-17,0,"[0.0, 0.0, 0.0]","{""1,0"": 0.0, ""2,0"": 0.0, ""2,1"": 0.0}",,,,,True,,True,
primary,linear_drift,"{""drift_rate"": 0.02}",0.1,200.0,0.5,3.0,1024,42,SECOND,0.0,3.3708296056580084e-17,0,"[0.0, 0.0, 0.0]","{""1,0"": 0.0, ""2,0"": 0.0, ""2,1"": 0.0}",,,,,True,,True,
primary,linear_drift,"{""drift_rate"": 0.02}",0.1,200.0,0.5,3.0,1024,43,SECOND,0.0,3.7186934638860566e-17,0,"[0.0, 0.0, 0.0]","{""1,0"": 0.0, ""2,0"": 0.0, ""2,1"": 0.0}",,,,,True,,True,
primary,linear_drift,"{""drift_rate"": 0.02}",0.1,200.0,0.5,3.0,1024,44,SECOND,0.0,3.6221277595792376e-17,0,"[0.0, 0.0, 0.0]","{""1,0"": 0.0, ""2,0"": 0.0, ""2,1"": 0.0}",,,,,True,,True,
primary,linear_drift,"{""drift_rate"": 0.05}",0.1,200.0,0.5,3.0,1024,42,SECOND,0.0,4.073546362201167e-17,2,"[0.0, 0.0, 0.0]","{""1,0"": 0.0, ""2,0"": 0.0, ""2,1"": 0.0}",,,,,True,,True,
primary,linear_drift,"{""drift_rate"": 0.05}",0.1,200.0,0.5,3.0,1024,43,SECOND,0.0,4.875799568240468e-17,2,"[0.0, 0.0, 0.0]","{""1,0"": 0.0, ""2,0"": 0.0, ""2,1"": 0.0}",,,,,True,,True,
primary,linear_drift,"{""drift_rate"": 0.05}",0.1,200.0,0.5,3.0,1024,44,SECOND,0.0,4.615428004726742e-17,2,"[0.0, 0.0, 0.0]","{""1,0"": 0.0, ""2,0"": 0.0, ""2,1"": 0.0}",,,,,True,,True,
primary,linear_drift,"{""drift_rate"": 0.1}",0.1,200.0,0.5,3.0,1024,42,SECOND,0.0,7.670983892384985e-17,4,"[0.0, 0.0, 0.0]","{""1,0"": 0.0, ""2,0"": 0.0, ""2,1"": 0.0}",,,,,True,,True,
primary,linear_drift,"{""drift_rate"": 0.1}",0.1,200.0,0.5,3.0,1024,43,SECOND,0.0,8.178773432249468e-17,4,"[0.0, 0.0, 0.0]","{""1,0"": 0.0, ""2,0"": 0.0, ""2,1"": 0.0}",,,,,True,,True,
primary,linear_drift,"{""drift_rate"": 0.1}",0.1,200.0,0.5,3.0,1024,44,SECOND,0.0,7.74520527184718e-17,4,"[0.0, 0.0, 0.0]","{""1,0"": 0.0, ""2,0"": 0.0, ""2,1"": 0.0}",,,,,True,,True,
primary,linear_drift,"{""drift_rate"": 0.2}",0.1,200.0,0.5,3.0,1024,42,SECOND,0.0,1.4249810607357106e-16,6,"[0.0, 0.0, 0.0]","{""1,0"": 0.0, ""2,0"": 0.0, ""2,1"": 0.0}",,,,,True,,True,
primary,linear_drift,"{""drift_rate"": 0.2}",0.1,200.0,0.5,3.0,1024,43,SECOND,0.0,1.4442686565833764e-16,6,"[0.0, 0.0, 0.0]","{""1,0"": 0.0, ""2,0"": 0.0, ""2,1"": 0.0}",,,,,True,,True,
primary,linear_drift,"{""drift_rate"": 0.2}",0.1,200.0,0.5,3.0,1024,44,SECOND,0.0,1.4995852865739058e-16,6,"[0.0, 0.0, 0.0]","{""1,0"": 0.0, ""2,0"": 0.0, ""2,1"": 0.0}",,,,,True,,True,
primary,accelerating,"{""accel_mag"": 0.02}",0.1,200.0,0.5,3.0,1024,42,SECOND,4.766454129102274e-05,0.020000001415610313,0,"[2.383227064551137e-05, 4.766454129102274e-05, 2.383227064551137e-05]","{""1,0"": 2.383227064551137e-05, ""2,0"": 0.0, ""2,1"": 2.383227064551137e-05}",1,1,2.0,1,True,True,True,
primary,accelerating,"{""accel_mag"": 0.02}",0.1,200.0,0.5,3.0,1024,43,SECOND,4.7664541291480154e-05,0.020000001415610313,0,"[2.3832270645740077e-05, 4.7664541291480154e-05, 2.3832270645740077e-05]","{""1,0"": 2.3832270645740077e-05, ""2,0"": 0.0, ""2,1"": 2.3832270645740077e-05}",1,1,2.0,1,True,True,True,
primary,accelerating,"{""accel_mag"": 0.02}",0.1,200.0,0.5,3.0,1024,44,SECOND,4.7664550165223115e-05,0.020000003278255463,0,"[2.3832275082611557e-05, 4.7664550165223115e-05, 2.3832275082611557e-05]","{""1,0"": 2.3832275082611557e-05, ""2,0"": 0.0, ""2,1"": 2.3832275082611557e-05}",1,1,2.0,1,True,True,True,
primary,accelerating,"{""accel_mag"": 0.05}",0.1,200.0,0.5,3.0,1024,42,SECOND,0.0037406715314227575,0.05000000447034836,2,"[0.0018703357657113787, 0.0037406715314227575, 0.0018703357657113787]","{""1,0"": 0.0018703357657113787, ""2,0"": 0.0, ""2,1"": 0.0018703357657113787}",1,1,2.0,1,True,True,True,
primary,accelerating,"{""accel_mag"": 0.05}",0.1,200.0,0.5,3.0,1024,43,SECOND,0.0037406720874430983,0.05000000819563866,2,"[0.0018703360437215492, 0.0037406720874430983, 0.0018703360437215492]","{""1,0"": 0.0018703360437215492, ""2,0"": 0.0, ""2,1"": 0.0018703360437215492}",1,1,2.0,1,True,True,True,
primary,accelerating,"{""accel_mag"": 0.05}",0.1,200.0,0.5,3.0,1024,44,SECOND,0.0037406715314227575,0.05000000447034836,2,"[0.0018703357657113787, 0.0037406715314227575, 0.0018703357657113787]","{""1,0"": 0.0018703357657113787, ""2,0"": 0.0, ""2,1"": 0.0018703357657113787}",1,1,2.0,1,True,True,True,
primary,accelerating,"{""accel_mag"": 0.1}",0.1,200.0,0.5,3.0,1024,42,SECOND,0.019804349908167262,0.10000000894069672,4,"[0.009902174954083631, 0.019804349908167262, 0.009902174954083631]","{""1,0"": 0.009902174954083631, ""2,0"": 0.0, ""2,1"": 0.009902174954083631}",1,1,2.0,1,True,True,True,
primary,accelerating,"{""accel_mag"": 0.1}",0.1,200.0,0.5,3.0,1024,43,SECOND,0.019804352830525285,0.10000001639127731,4,"[0.009902176415262642, 0.019804352830525285, 0.009902176415262642]","{""1,0"": 0.009902176415262642, ""2,0"": 0.0, ""2,1"": 0.009902176415262642}",1,1,2.0,1,True,True,True,
primary,accelerating,"{""accel_mag"": 0.1}",0.1,200.0,0.5,3.0,1024,44,SECOND,0.019804349908167262,0.10000000894069672,4,"[0.009902174954083631, 0.019804349908167262, 0.009902174954083631]","{""1,0"": 0.009902174954083631, ""2,0"": 0.0, ""2,1"": 0.009902174954083631}",1,1,2.0,1,True,True,True,
primary,accelerating,"{""accel_mag"": 0.2}",0.1,200.0,0.5,3.0,1024,42,SECOND,0.09629119348239917,0.20000001788139343,4,"[0.04814559674119959, 0.09629119348239917, 0.04814559674119959]","{""1,0"": 0.04814559674119959, ""2,0"": 0.0, ""2,1"": 0.04814559674119959}",1,1,2.0,1,True,True,True,
primary,accelerating,"{""accel_mag"": 0.2}",0.1,200.0,0.5,3.0,1024,43,SECOND,0.09629120455070356,0.20000003278255463,4,"[0.04814560227535178, 0.09629120455070356, 0.04814560227535178]","{""1,0"": 0.04814560227535178, ""2,0"": 0.0, ""2,1"": 0.04814560227535178}",1,1,2.0,1,True,True,True,
primary,accelerating,"{""accel_mag"": 0.2}",0.1,200.0,0.5,3.0,1024,44,SECOND,0.09629119348239917,0.20000001788139343,4,"[0.04814559674119959, 0.09629119348239917, 0.04814559674119959]","{""1,0"": 0.04814559674119959, ""2,0"": 0.0, ""2,1"": 0.04814559674119959}",1,1,2.0,1,True,True,True,
primary,accelerating,"{""accel_mag"": 0.5}",0.1,200.0,0.5,3.0,1024,42,SECOND,0.6213203435596427,0.5,6,"[0.31066017177982136, 0.6213203435596427, 0.31066017177982136]","{""1,0"": 0.31066017177982136, ""2,0"": 0.0, ""2,1"": 0.31066017177982136}",1,1,2.0,1,True,True,True,
primary,accelerating,"{""accel_mag"": 0.5}",0.1,200.0,0.5,3.0,1024,43,SECOND,0.6213203435596427,0.5,6,"[0.31066017177982136, 0.6213203435596427, 0.31066017177982136]","{""1,0"": 0.31066017177982136, ""2,0"": 0.0, ""2,1"": 0.31066017177982136}",1,1,2.0,1,True,True,True,
primary,accelerating,"{""accel_mag"": 0.5}",0.1,200.0,0.5,3.0,1024,44,SECOND,0.6213203435596427,0.5,6,"[0.31066017177982136, 0.6213203435596427, 0.31066017177982136]","{""1,0"": 0.31066017177982136, ""2,0"": 0.0, ""2,1"": 0.31066017177982136}",1,1,2.0,1,True,True,True,
primary,accelerating,"{""accel_mag"": 1.0}",0.1,200.0,0.5,3.0,1024,42,SECOND,1.8541019662496847,1.0,6,"[0.9270509831248424, 1.8541019662496847, 0.9270509831248424]","{""1,0"": 0.9270509831248424, ""2,0"": 0.0, ""2,1"": 0.9270509831248424}",1,1,2.0,1,True,True,True,
primary,accelerating,"{""accel_mag"": 1.0}",0.1,200.0,0.5,3.0,1024,43,SECOND,1.8541019662496847,1.0,6,"[0.9270509831248424, 1.8541019662496847, 0.9270509831248424]","{""1,0"": 0.9270509831248424, ""2,0"": 0.0, ""2,1"": 0.9270509831248424}",1,1,2.0,1,True,True,True,
primary,accelerating,"{""accel_mag"": 1.0}",0.1,200.0,0.5,3.0,1024,44,SECOND,1.8541019662496847,1.0,6,"[0.9270509831248424, 1.8541019662496847, 0.9270509831248424]","{""1,0"": 0.9270509831248424, ""2,0"": 0.0, ""2,1"": 0.9270509831248424}",1,1,2.0,1,True,True,True,
primary,noise_floor,"{""sigma_noise"": 0.001}",0.1,200.0,0.5,3.0,1024,42,SECOND,4.558661402824529e-15,0.0010328139178454876,0,"[2.494146759015196e-15, 3.3722152678964305e-15, 3.250960778737432e-15]","{""1,0"": 1.3077006240870972e-15, ""2,0"": 1.1864461349280988e-15, ""2,1"": 2.0645146438093332e-15}",,,,,True,,True,
primary,noise_floor,"{""sigma_noise"": 0.001}",0.1,200.0,0.5,3.0,1024,43,SECOND,6.527793790458618e-15,0.0009714483749121428,0,"[3.817898083044065e-15, 4.561413558280472e-15, 4.6762759395926996e-15]","{""1,0"": 1.8515178508659186e-15, ""2,0"": 1.966380232178146e-15, ""2,1"": 2.7098957074145534e-15}",,,,,True,,True,
primary,noise_floor,"{""sigma_noise"": 0.001}",0.1,200.0,0.5,3.0,1024,44,SECOND,9.593062187500225e-15,0.0012542948825284839,0,"[5.662212689092174e-15, 6.475127480413866e-15, 7.048784205494411e-15]","{""1,0"": 2.5442779820058145e-15, ""2,0"": 3.1179347070863593e-15, ""2,1"": 3.9308494984080515e-15}",,,,,True,,True,
primary,noise_floor,"{""sigma_noise"": 0.005}",0.1,200.0,0.5,3.0,1024,42,SECOND,1.439545324222779e-13,0.005162389948964119,0,"[7.664646042379853e-14, 1.0819262933360849e-13, 1.030699750871488e-13]","{""1,0"": 4.088455733512911e-14, ""2,0"": 3.5761903088669425e-14, ""2,1"": 6.730807199847938e-14}",,,,,True,,True,
primary,noise_floor,"{""sigma_noise"": 0.005}",0.1,200.0,0.5,3.0,1024,43,SECOND,2.172401334660852e-13,0.004857542458921671,0,"[1.2389615991619555e-13, 1.52782155984886e-13, 1.5780195103108887e-13]","{""1,0"": 5.943818243499635e-14, ""2,0"": 6.445797748119921e-14, ""2,1"": 9.334397354988966e-14}",,,,,True,,True,
primary,noise_floor,"{""sigma_noise"": 0.005}",0.1,200.0,0.5,3.0,1024,44,SECOND,3.3482003205023585e-13,0.006263354327529669,0,"[1.961920203764968e-13, 2.2579723998009554e-13, 2.4765080374387945e-13]","{""1,0"": 8.716922830635645e-14, ""2,0"": 1.0902279207014034e-13, ""2,1"": 1.3862801167373909e-13}",,,,,True,,True,
primary,noise_floor,"{""sigma_noise"": 0.01}",0.1,200.0,0.5,3.0,1024,42,SECOND,7.758317881676494e-13,0.010320702567696571,0,"[3.984182643986977e-13, 5.9480012674526e-13, 5.584451851913411e-13]","{""1,0"": 2.1738660297630836e-13, ""2,0"": 1.8103166142238938e-13, ""2,1"": 3.774135237689517e-13}",,,,,True,,True,
primary,noise_floor,"{""sigma_noise"": 0.01}",0.1,200.0,0.5,3.0,1024,43,SECOND,1.2526866121802608e-12,0.009715310297906399,0,"[6.899477683276183e-13, 8.886942032959465e-13, 9.267312527369568e-13]","{""1,0"": 3.2595535944330405e-13, ""2,0"": 3.639924088843143e-13, ""2,1"": 5.627388438526425e-13}",,,,,True,,True,
primary,noise_floor,"{""sigma_noise"": 0.01}",0.1,200.0,0.5,3.0,1024,44,SECOND,2.0594289935310684e-12,0.01250831875950098,0,"[1.1877809857757402e-12, 1.3925678866776045e-12, 1.5385091146087923e-12]","{""1,0"": 5.209198789222762e-13, ""2,0"": 6.66861106853464e-13, ""2,1"": 8.716480077553283e-13}",,,,,True,,True,
primary,noise_floor,"{""sigma_noise"": 0.02}",0.1,200.0,0.5,3.0,1024,42,SECOND,5.74052018933207e-12,0.02062493935227394,0,"[2.723531297818406e-12, 4.575110293705406e-12, 4.182398787140328e-12]","{""1,0"": 1.5581214021917417e-12, ""2,0"": 1.1654098956266641e-12, ""2,1"": 3.016988891513664e-12}",,,,,True,,True,
primary,noise_floor,"{""sigma_noise"": 0.02}",0.1,200.0,0.5,3.0,1024,43,SECOND,1.0674284709982855e-11,0.01943213678896427,0,"[5.425385713148662e-12, 7.71899737195485e-12, 8.204186334862198e-12]","{""1,0"": 2.470098375120657e-12, ""2,0"": 2.9552873380280055e-12, ""2,1"": 5.248898996834193e-12}",,,,,True,,True,
primary,noise_floor,"{""sigma_noise"": 0.02}",0.1,200.0,0.5,3.0,1024,44,SECOND,2.0288340012867428e-11,0.02494341880083084,0,"[1.1091598945292332e-11, 1.3962616244077728e-11, 1.552246483636479e-11]","{""1,0"": 4.765875176502635e-12, ""2,0"": 6.3257237687896976e-12, ""2,1"": 9.196741067575094e-12}",,,,,True,,True,
primary,noise_floor,"{""sigma_noise"": 0.05}",0.1,200.0,0.5,3.0,1024,42,SECOND,2.55416647735579e-10,0.05144107714295387,0,"[9.137176827599647e-11, 2.2394995115446695e-10, 1.955115760406946e-10]","{""1,0"": 5.99050716948844e-11, ""2,0"": 3.146669658111206e-11, ""2,1"": 1.6404487945958255e-10}",,,,,True,,True,
primary,noise_floor,"{""sigma_noise"": 0.05}",0.1,200.0,0.5,3.0,1024,43,SECOND,7.479079687879658e-10,0.048583198338747025,0,"[2.7996250375530646e-10, 5.755368898886734e-10, 6.403165439319518e-10]","{""1,0"": 1.0759142485601408e-10, ""2,0"": 1.723710788992924e-10, ""2,1"": 4.679454650326593e-10}",,,,,True,,True,
primary,noise_floor,"{""sigma_noise"": 0.05}",0.1,200.0,0.5,3.0,1024,44,SECOND,2.4164946084682777e-09,0.06179879233241081,0,"[9.830099079690227e-10, 1.8563524847344807e-09, 1.9936268242330515e-09]","{""1,0"": 4.2286778423522594e-10, ""2,0"": 5.601421237337967e-10, ""2,1"": 1.4334847004992547e-09}",,,,,True,,True,
primary,outlier,"{""accel_mag"": 0.3}",0.1,200.0,0.5,3.0,1024,42,SECOND,0.24928181277436512,0.30000004172325134,6,"[0.24928181277436512, 0.12464090638718256, 0.12464090638718256]","{""1,0"": 0.12464090638718256, ""2,0"": 0.12464090638718256, ""2,1"": 0.0}",0,1,2.0,1,True,True,True,
primary,outlier,"{""accel_mag"": 0.3}",0.1,200.0,0.5,3.0,1024,43,SECOND,0.24928182810753563,0.30000007152557373,6,"[0.24928182810753563, 0.12464091405376782, 0.12464091405376782]","{""1,0"": 0.12464091405376782, ""2,0"": 0.12464091405376782, ""2,1"": 0.0}",0,1,2.0,1,True,True,True,
primary,outlier,"{""accel_mag"": 0.3}",0.1,200.0,0.5,3.0,1024,44,SECOND,0.24928181277436512,0.30000004172325134,6,"[0.24928181277436512, 0.12464090638718256, 0.12464090638718256]","{""1,0"": 0.12464090638718256, ""2,0"": 0.12464090638718256, ""2,1"": 0.0}",0,1,2.0,1,True,True,True,
primary,eos_truncation,"{""accel_mag"": 0.3, ""k_eos"": 0, ""outer_family"": ""outlier""}",0.1,200.0,0.5,3.0,1024,42,SECOND,0.0,0.30000004172325134,0,"[0.0, 0.0, 0.0]","{""1,0"": 0.0, ""2,0"": 0.0, ""2,1"": 0.0}",0,1,inf,1,True,True,True,
primary,eos_truncation,"{""accel_mag"": 0.3, ""k_eos"": 0, ""outer_family"": ""outlier""}",0.1,200.0,0.5,3.0,1024,43,SECOND,0.0,0.30000007152557373,0,"[0.0, 0.0, 0.0]","{""1,0"": 0.0, ""2,0"": 0.0, ""2,1"": 0.0}",0,1,inf,1,True,True,True,
primary,eos_truncation,"{""accel_mag"": 0.3, ""k_eos"": 0, ""outer_family"": ""outlier""}",0.1,200.0,0.5,3.0,1024,44,SECOND,0.0,0.30000004172325134,0,"[0.0, 0.0, 0.0]","{""1,0"": 0.0, ""2,0"": 0.0, ""2,1"": 0.0}",0,1,inf,1,True,True,True,
primary,eos_truncation,"{""accel_mag"": 0.3, ""k_eos"": 1, ""outer_family"": ""outlier""}",0.1,200.0,0.5,3.0,1024,42,SECOND,0.0,0.30000004172325134,0,"[0.0, 0.0, 0.0]","{""1,0"": 0.0, ""2,0"": 0.0, ""2,1"": 0.0}",0,1,inf,1,True,True,True,
primary,eos_truncation,"{""accel_mag"": 0.3, ""k_eos"": 1, ""outer_family"": ""outlier""}",0.1,200.0,0.5,3.0,1024,43,SECOND,0.0,0.30000007152557373,0,"[0.0, 0.0, 0.0]","{""1,0"": 0.0, ""2,0"": 0.0, ""2,1"": 0.0}",0,1,inf,1,True,True,True,
primary,eos_truncation,"{""accel_mag"": 0.3, ""k_eos"": 1, ""outer_family"": ""outlier""}",0.1,200.0,0.5,3.0,1024,44,SECOND,0.0,0.30000004172325134,0,"[0.0, 0.0, 0.0]","{""1,0"": 0.0, ""2,0"": 0.0, ""2,1"": 0.0}",0,1,inf,1,True,True,True,
primary,eos_truncation,"{""accel_mag"": 0.3, ""k_eos"": 2, ""outer_family"": ""outlier""}",0.1,200.0,0.5,3.0,1024,42,SECOND,0.08309142153876903,0.30000004172325134,2,"[0.08309142153876903, 0.041545710769384514, 0.041545710769384514]","{""1,0"": 0.041545710769384514, ""2,0"": 0.041545710769384514, ""2,1"": 0.0}",0,1,2.0,1,True,True,True,
primary,eos_truncation,"{""accel_mag"": 0.3, ""k_eos"": 2, ""outer_family"": ""outlier""}",0.1,200.0,0.5,3.0,1024,43,SECOND,0.08309142153876903,0.30000007152557373,2,"[0.08309142153876903, 0.041545710769384514, 0.041545710769384514]","{""1,0"": 0.041545710769384514, ""2,0"": 0.041545710769384514, ""2,1"": 0.0}",0,1,2.0,1,True,True,True,
primary,eos_truncation,"{""accel_mag"": 0.3, ""k_eos"": 2, ""outer_family"": ""outlier""}",0.1,200.0,0.5,3.0,1024,44,SECOND,0.08309142153876903,0.30000004172325134,2,"[0.08309142153876903, 0.041545710769384514, 0.041545710769384514]","{""1,0"": 0.041545710769384514, ""2,0"": 0.041545710769384514, ""2,1"": 0.0}",0,1,2.0,1,True,True,True,
primary,eos_truncation,"{""accel_mag"": 0.3, ""k_eos"": 3, ""outer_family"": ""outlier""}",0.1,200.0,0.5,3.0,1024,42,SECOND,0.16618660182339828,0.30000004172325134,4,"[0.16618660182339828, 0.08309330091169914, 0.08309330091169914]","{""1,0"": 0.08309330091169914, ""2,0"": 0.08309330091169914, ""2,1"": 0.0}",0,1,2.0,1,True,True,True,
primary,eos_truncation,"{""accel_mag"": 0.3, ""k_eos"": 3, ""outer_family"": ""outlier""}",0.1,200.0,0.5,3.0,1024,43,SECOND,0.16618660182339828,0.30000007152557373,4,"[0.16618660182339828, 0.08309330091169914, 0.08309330091169914]","{""1,0"": 0.08309330091169914, ""2,0"": 0.08309330091169914, ""2,1"": 0.0}",0,1,2.0,1,True,True,True,
primary,eos_truncation,"{""accel_mag"": 0.3, ""k_eos"": 3, ""outer_family"": ""outlier""}",0.1,200.0,0.5,3.0,1024,44,SECOND,0.16618660182339828,0.30000004172325134,4,"[0.16618660182339828, 0.08309330091169914, 0.08309330091169914]","{""1,0"": 0.08309330091169914, ""2,0"": 0.08309330091169914, ""2,1"": 0.0}",0,1,2.0,1,True,True,True,
primary,eos_truncation,"{""accel_mag"": 0.3, ""k_eos"": 4, ""outer_family"": ""outlier""}",0.1,200.0,0.5,3.0,1024,42,SECOND,0.24928181277436512,0.30000004172325134,6,"[0.24928181277436512, 0.12464090638718256, 0.12464090638718256]","{""1,0"": 0.12464090638718256, ""2,0"": 0.12464090638718256, ""2,1"": 0.0}",0,1,2.0,1,True,True,True,
primary,eos_truncation,"{""accel_mag"": 0.3, ""k_eos"": 4, ""outer_family"": ""outlier""}",0.1,200.0,0.5,3.0,1024,43,SECOND,0.24928182810753563,0.30000007152557373,6,"[0.24928182810753563, 0.12464091405376782, 0.12464091405376782]","{""1,0"": 0.12464091405376782, ""2,0"": 0.12464091405376782, ""2,1"": 0.0}",0,1,2.0,1,True,True,True,
primary,eos_truncation,"{""accel_mag"": 0.3, ""k_eos"": 4, ""outer_family"": ""outlier""}",0.1,200.0,0.5,3.0,1024,44,SECOND,0.24928181277436512,0.30000004172325134,6,"[0.24928181277436512, 0.12464090638718256, 0.12464090638718256]","{""1,0"": 0.12464090638718256, ""2,0"": 0.12464090638718256, ""2,1"": 0.0}",0,1,2.0,1,True,True,True,
sensitivity,baseline,{},0.05,100.0,0.25,1.0,1024,42,SECOND,0.0,0.0,0,"[0.0, 0.0, 0.0]","{""1,0"": 0.0, ""2,0"": 0.0, ""2,1"": 0.0}",,,,,True,,True,
sensitivity,baseline,{},0.05,100.0,0.25,1.0,1024,43,SECOND,0.0,0.0,0,"[0.0, 0.0, 0.0]","{""1,0"": 0.0, ""2,0"": 0.0, ""2,1"": 0.0}",,,,,True,,True,
sensitivity,baseline,{},0.05,100.0,0.25,1.0,1024,44,SECOND,0.0,0.0,0,"[0.0, 0.0, 0.0]","{""1,0"": 0.0, ""2,0"": 0.0, ""2,1"": 0.0}",,,,,True,,True,
sensitivity,baseline,{},0.05,100.0,0.25,3.0,1024,42,SECOND,0.0,0.0,0,"[0.0, 0.0, 0.0]","{""1,0"": 0.0, ""2,0"": 0.0, ""2,1"": 0.0}",,,,,True,,True,
sensitivity,baseline,{},0.05,100.0,0.25,3.0,1024,43,SECOND,0.0,0.0,0,"[0.0, 0.0, 0.0]","{""1,0"": 0.0, ""2,0"": 0.0, ""2,1"": 0.0}",,,,,True,,True,
sensitivity,baseline,{},0.05,100.0,0.25,3.0,1024,44,SECOND,0.0,0.0,0,"[0.0, 0.0, 0.0]","{""1,0"": 0.0, ""2,0"": 0.0, ""2,1"": 0.0}",,,,,True,,True,
sensitivity,baseline,{},0.05,100.0,0.25,5.0,1024,42,SECOND,0.0,0.0,0,"[0.0, 0.0, 0.0]","{""1,0"": 0.0, ""2,0"": 0.0, ""2,1"": 0.0}",,,,,True,,True,
sensitivity,baseline,{},0.05,100.0,0.25,5.0,1024,43,SECOND,0.0,0.0,0,"[0.0, 0.0, 0.0]","{""1,0"": 0.0, ""2,0"": 0.0, ""2,1"": 0.0}",,,,,True,,True,
sensitivity,baseline,{},0.05,100.0,0.25,5.0,1024,44,SECOND,0.0,0.0,0,"[0.0, 0.0, 0.0]","{""1,0"": 0.0, ""2,0"": 0.0, ""2,1"": 0.0}",,,,,True,,True,
sensitivity,baseline,{},0.05,100.0,0.5,1.0,1024,42,SECOND,0.0,0.0,0,"[0.0, 0.0, 0.0]","{""1,0"": 0.0, ""2,0"": 0.0, ""2,1"": 0.0}",,,,,True,,True,
sensitivity,baseline,{},0.05,100.0,0.5,1.0,1024,43,SECOND,0.0,0.0,0,"[0.0, 0.0, 0.0]","{""1,0"": 0.0, ""2,0"": 0.0, ""2,1"": 0.0}",,,,,True,,True,
sensitivity,baseline,{},0.05,100.0,0.5,1.0,1024,44,SECOND,0.0,0.0,0,"[0.0, 0.0, 0.0]","{""1,0"": 0.0, ""2,0"": 0.0, ""2,1"": 0.0}",,,,,True,,True,
sensitivity,baseline,{},0.05,100.0,0.5,3.0,1024,42,SECOND,0.0,0.0,0,"[0.0, 0.0, 0.0]","{""1,0"": 0.0, ""2,0"": 0.0, ""2,1"": 0.0}",,,,,True,,True,
sensitivity,baseline,{},0.05,100.0,0.5,3.0,1024,43,SECOND,0.0,0.0,0,"[0.0, 0.0, 0.0]","{""1,0"": 0.0, ""2,0"": 0.0, ""2,1"": 0.0}",,,,,True,,True,
sensitivity,baseline,{},0.05,100.0,0.5,3.0,1024,44,SECOND,0.0,0.0,0,"[0.0, 0.0, 0.0]","{""1,0"": 0.0, ""2,0"": 0.0, ""2,1"": 0.0}",,,,,True,,True,
sensitivity,baseline,{},0.05,100.0,0.5,5.0,1024,42,SECOND,0.0,0.0,0,"[0.0, 0.0, 0.0]","{""1,0"": 0.0, ""2,0"": 0.0, ""2,1"": 0.0}",,,,,True,,True,
sensitivity,baseline,{},0.05,100.0,0.5,5.0,1024,43,SECOND,0.0,0.0,0,"[0.0, 0.0, 0.0]","{""1,0"": 0.0, ""2,0"": 0.0, ""2,1"": 0.0}",,,,,True,,True,
sensitivity,baseline,{},0.05,100.0,0.5,5.0,1024,44,SECOND,0.0,0.0,0,"[0.0, 0.0, 0.0]","{""1,0"": 0.0, ""2,0"": 0.0, ""2,1"": 0.0}",,,,,True,,True,
sensitivity,baseline,{},0.05,100.0,1.0,1.0,1024,42,SECOND,0.0,0.0,0,"[0.0, 0.0, 0.0]","{""1,0"": 0.0, ""2,0"": 0.0, ""2,1"": 0.0}",,,,,True,,True,
sensitivity,baseline,{},0.05,100.0,1.0,1.0,1024,43,SECOND,0.0,0.0,0,"[0.0, 0.0, 0.0]","{""1,0"": 0.0, ""2,0"": 0.0, ""2,1"": 0.0}",,,,,True,,True,
sensitivity,baseline,{},0.05,100.0,1.0,1.0,1024,44,SECOND,0.0,0.0,0,"[0.0, 0.0, 0.0]","{""1,0"": 0.0, ""2,0"": 0.0, ""2,1"": 0.0}",,,,,True,,True,
sensitivity,baseline,{},0.05,100.0,1.0,3.0,1024,42,SECOND,0.0,0.0,0,"[0.0, 0.0, 0.0]","{""1,0"": 0.0, ""2,0"": 0.0, ""2,1"": 0.0}",,,,,True,,True,
sensitivity,baseline,{},0.05,100.0,1.0,3.0,1024,43,SECOND,0.0,0.0,0,"[0.0, 0.0, 0.0]","{""1,0"": 0.0, ""2,0"": 0.0, ""2,1"": 0.0}",,,,,True,,True,
sensitivity,baseline,{},0.05,100.0,1.0,3.0,1024,44,SECOND,0.0,0.0,0,"[0.0, 0.0, 0.0]","{""1,0"": 0.0, ""2,0"": 0.0, ""2,1"": 0.0}",,,,,True,,True,
sensitivity,baseline,{},0.05,100.0,1.0,5.0,1024,42,SECOND,0.0,0.0,0,"[0.0, 0.0, 0.0]","{""1,0"": 0.0, ""2,0"": 0.0, ""2,1"": 0.0}",,,,,True,,True,
sensitivity,baseline,{},0.05,100.0,1.0,5.0,1024,43,SECOND,0.0,0.0,0,"[0.0, 0.0, 0.0]","{""1,0"": 0.0, ""2,0"": 0.0, ""2,1"": 0.0}",,,,,True,,True,
sensitivity,baseline,{},0.05,100.0,1.0,5.0,1024,44,SECOND,0.0,0.0,0,"[0.0, 0.0, 0.0]","{""1,0"": 0.0, ""2,0"": 0.0, ""2,1"": 0.0}",,,,,True,,True,
sensitivity,baseline,{},0.05,200.0,0.25,1.0,1024,42,SECOND,0.0,0.0,0,"[0.0, 0.0, 0.0]","{""1,0"": 0.0, ""2,0"": 0.0, ""2,1"": 0.0}",,,,,True,,True,
sensitivity,baseline,{},0.05,200.0,0.25,1.0,1024,43,SECOND,0.0,0.0,0,"[0.0, 0.0, 0.0]","{""1,0"": 0.0, ""2,0"": 0.0, ""2,1"": 0.0}",,,,,True,,True,
sensitivity,baseline,{},0.05,200.0,0.25,1.0,1024,44,SECOND,0.0,0.0,0,"[0.0, 0.0, 0.0]","{""1,0"": 0.0, ""2,0"": 0.0, ""2,1"": 0.0}",,,,,True,,True,
sensitivity,baseline,{},0.05,200.0,0.25,3.0,1024,42,SECOND,0.0,0.0,0,"[0.0, 0.0, 0.0]","{""1,0"": 0.0, ""2,0"": 0.0, ""2,1"": 0.0}",,,,,True,,True,
sensitivity,baseline,{},0.05,200.0,0.25,3.0,1024,43,SECOND,0.0,0.0,0,"[0.0, 0.0, 0.0]","{""1,0"": 0.0, ""2,0"": 0.0, ""2,1"": 0.0}",,,,,True,,True,
sensitivity,baseline,{},0.05,200.0,0.25,3.0,1024,44,SECOND,0.0,0.0,0,"[0.0, 0.0, 0.0]","{""1,0"": 0.0, ""2,0"": 0.0, ""2,1"": 0.0}",,,,,True,,True,
sensitivity,baseline,{},0.05,200.0,0.25,5.0,1024,42,SECOND,0.0,0.0,0,"[0.0, 0.0, 0.0]","{""1,0"": 0.0, ""2,0"": 0.0, ""2,1"": 0.0}",,,,,True,,True,
sensitivity,baseline,{},0.05,200.0,0.25,5.0,1024,43,SECOND,0.0,0.0,0,"[0.0, 0.0, 0.0]","{""1,0"": 0.0, ""2,0"": 0.0, ""2,1"": 0.0}",,,,,True,,True,
sensitivity,baseline,{},0.05,200.0,0.25,5.0,1024,44,SECOND,0.0,0.0,0,"[0.0, 0.0, 0.0]","{""1,0"": 0.0, ""2,0"": 0.0, ""2,1"": 0.0}",,,,,True,,True,
sensitivity,baseline,{},0.05,200.0,0.5,1.0,1024,42,SECOND,0.0,0.0,0,"[0.0, 0.0, 0.0]","{""1,0"": 0.0, ""2,0"": 0.0, ""2,1"": 0.0}",,,,,True,,True,
sensitivity,baseline,{},0.05,200.0,0.5,1.0,1024,43,SECOND,0.0,0.0,0,"[0.0, 0.0, 0.0]","{""1,0"": 0.0, ""2,0"": 0.0, ""2,1"": 0.0}",,,,,True,,True,
sensitivity,baseline,{},0.05,200.0,0.5,1.0,1024,44,SECOND,0.0,0.0,0,"[0.0, 0.0, 0.0]","{""1,0"": 0.0, ""2,0"": 0.0, ""2,1"": 0.0}",,,,,True,,True,
sensitivity,baseline,{},0.05,200.0,0.5,3.0,1024,42,SECOND,0.0,0.0,0,"[0.0, 0.0, 0.0]","{""1,0"": 0.0, ""2,0"": 0.0, ""2,1"": 0.0}",,,,,True,,True,
sensitivity,baseline,{},0.05,200.0,0.5,3.0,1024,43,SECOND,0.0,0.0,0,"[0.0, 0.0, 0.0]","{""1,0"": 0.0, ""2,0"": 0.0, ""2,1"": 0.0}",,,,,True,,True,
sensitivity,baseline,{},0.05,200.0,0.5,3.0,1024,44,SECOND,0.0,0.0,0,"[0.0, 0.0, 0.0]","{""1,0"": 0.0, ""2,0"": 0.0, ""2,1"": 0.0}",,,,,True,,True,
sensitivity,baseline,{},0.05,200.0,0.5,5.0,1024,42,SECOND,0.0,0.0,0,"[0.0, 0.0, 0.0]","{""1,0"": 0.0, ""2,0"": 0.0, ""2,1"": 0.0}",,,,,True,,True,
sensitivity,baseline,{},0.05,200.0,0.5,5.0,1024,43,SECOND,0.0,0.0,0,"[0.0, 0.0, 0.0]","{""1,0"": 0.0, ""2,0"": 0.0, ""2,1"": 0.0}",,,,,True,,True,
sensitivity,baseline,{},0.05,200.0,0.5,5.0,1024,44,SECOND,0.0,0.0,0,"[0.0, 0.0, 0.0]","{""1,0"": 0.0, ""2,0"": 0.0, ""2,1"": 0.0}",,,,,True,,True,
sensitivity,baseline,{},0.05,200.0,1.0,1.0,1024,42,SECOND,0.0,0.0,0,"[0.0, 0.0, 0.0]","{""1,0"": 0.0, ""2,0"": 0.0, ""2,1"": 0.0}",,,,,True,,True,
sensitivity,baseline,{},0.05,200.0,1.0,1.0,1024,43,SECOND,0.0,0.0,0,"[0.0, 0.0, 0.0]","{""1,0"": 0.0, ""2,0"": 0.0, ""2,1"": 0.0}",,,,,True,,True,
sensitivity,baseline,{},0.05,200.0,1.0,1.0,1024,44,SECOND,0.0,0.0,0,"[0.0, 0.0, 0.0]","{""1,0"": 0.0, ""2,0"": 0.0, ""2,1"": 0.0}",,,,,True,,True,
sensitivity,baseline,{},0.05,200.0,1.0,3.0,1024,42,SECOND,0.0,0.0,0,"[0.0, 0.0, 0.0]","{""1,0"": 0.0, ""2,0"": 0.0, ""2,1"": 0.0}",,,,,True,,True,
sensitivity,baseline,{},0.05,200.0,1.0,3.0,1024,43,SECOND,0.0,0.0,0,"[0.0, 0.0, 0.0]","{""1,0"": 0.0, ""2,0"": 0.0, ""2,1"": 0.0}",,,,,True,,True,
sensitivity,baseline,{},0.05,200.0,1.0,3.0,1024,44,SECOND,0.0,0.0,0,"[0.0, 0.0, 0.0]","{""1,0"": 0.0, ""2,0"": 0.0, ""2,1"": 0.0}",,,,,True,,True,
sensitivity,baseline,{},0.05,200.0,1.0,5.0,1024,42,SECOND,0.0,0.0,0,"[0.0, 0.0, 0.0]","{""1,0"": 0.0, ""2,0"": 0.0, ""2,1"": 0.0}",,,,,True,,True,
sensitivity,baseline,{},0.05,200.0,1.0,5.0,1024,43,SECOND,0.0,0.0,0,"[0.0, 0.0, 0.0]","{""1,0"": 0.0, ""2,0"": 0.0, ""2,1"": 0.0}",,,,,True,,True,
sensitivity,baseline,{},0.05,200.0,1.0,5.0,1024,44,SECOND,0.0,0.0,0,"[0.0, 0.0, 0.0]","{""1,0"": 0.0, ""2,0"": 0.0, ""2,1"": 0.0}",,,,,True,,True,
sensitivity,baseline,{},0.05,500.0,0.25,1.0,1024,42,SECOND,0.0,0.0,0,"[0.0, 0.0, 0.0]","{""1,0"": 0.0, ""2,0"": 0.0, ""2,1"": 0.0}",,,,,True,,True,
sensitivity,baseline,{},0.05,500.0,0.25,1.0,1024,43,SECOND,0.0,0.0,0,"[0.0, 0.0, 0.0]","{""1,0"": 0.0, ""2,0"": 0.0, ""2,1"": 0.0}",,,,,True,,True,
sensitivity,baseline,{},0.05,500.0,0.25,1.0,1024,44,SECOND,0.0,0.0,0,"[0.0, 0.0, 0.0]","{""1,0"": 0.0, ""2,0"": 0.0, ""2,1"": 0.0}",,,,,True,,True,
sensitivity,baseline,{},0.05,500.0,0.25,3.0,1024,42,SECOND,0.0,0.0,0,"[0.0, 0.0, 0.0]","{""1,0"": 0.0, ""2,0"": 0.0, ""2,1"": 0.0}",,,,,True,,True,
sensitivity,baseline,{},0.05,500.0,0.25,3.0,1024,43,SECOND,0.0,0.0,0,"[0.0, 0.0, 0.0]","{""1,0"": 0.0, ""2,0"": 0.0, ""2,1"": 0.0}",,,,,True,,True,
sensitivity,baseline,{},0.05,500.0,0.25,3.0,1024,44,SECOND,0.0,0.0,0,"[0.0, 0.0, 0.0]","{""1,0"": 0.0, ""2,0"": 0.0, ""2,1"": 0.0}",,,,,True,,True,
sensitivity,baseline,{},0.05,500.0,0.25,5.0,1024,42,SECOND,0.0,0.0,0,"[0.0, 0.0, 0.0]","{""1,0"": 0.0, ""2,0"": 0.0, ""2,1"": 0.0}",,,,,True,,True,
sensitivity,baseline,{},0.05,500.0,0.25,5.0,1024,43,SECOND,0.0,0.0,0,"[0.0, 0.0, 0.0]","{""1,0"": 0.0, ""2,0"": 0.0, ""2,1"": 0.0}",,,,,True,,True,
sensitivity,baseline,{},0.05,500.0,0.25,5.0,1024,44,SECOND,0.0,0.0,0,"[0.0, 0.0, 0.0]","{""1,0"": 0.0, ""2,0"": 0.0, ""2,1"": 0.0}",,,,,True,,True,
sensitivity,baseline,{},0.05,500.0,0.5,1.0,1024,42,SECOND,0.0,0.0,0,"[0.0, 0.0, 0.0]","{""1,0"": 0.0, ""2,0"": 0.0, ""2,1"": 0.0}",,,,,True,,True,
sensitivity,baseline,{},0.05,500.0,0.5,1.0,1024,43,SECOND,0.0,0.0,0,"[0.0, 0.0, 0.0]","{""1,0"": 0.0, ""2,0"": 0.0, ""2,1"": 0.0}",,,,,True,,True,
sensitivity,baseline,{},0.05,500.0,0.5,1.0,1024,44,SECOND,0.0,0.0,0,"[0.0, 0.0, 0.0]","{""1,0"": 0.0, ""2,0"": 0.0, ""2,1"": 0.0}",,,,,True,,True,
sensitivity,baseline,{},0.05,500.0,0.5,3.0,1024,42,SECOND,0.0,0.0,0,"[0.0, 0.0, 0.0]","{""1,0"": 0.0, ""2,0"": 0.0, ""2,1"": 0.0}",,,,,True,,True,
sensitivity,baseline,{},0.05,500.0,0.5,3.0,1024,43,SECOND,0.0,0.0,0,"[0.0, 0.0, 0.0]","{""1,0"": 0.0, ""2,0"": 0.0, ""2,1"": 0.0}",,,,,True,,True,
sensitivity,baseline,{},0.05,500.0,0.5,3.0,1024,44,SECOND,0.0,0.0,0,"[0.0, 0.0, 0.0]","{""1,0"": 0.0, ""2,0"": 0.0, ""2,1"": 0.0}",,,,,True,,True,
sensitivity,baseline,{},0.05,500.0,0.5,5.0,1024,42,SECOND,0.0,0.0,0,"[0.0, 0.0, 0.0]","{""1,0"": 0.0, ""2,0"": 0.0, ""2,1"": 0.0}",,,,,True,,True,
sensitivity,baseline,{},0.05,500.0,0.5,5.0,1024,43,SECOND,0.0,0.0,0,"[0.0, 0.0, 0.0]","{""1,0"": 0.0, ""2,0"": 0.0, ""2,1"": 0.0}",,,,,True,,True,
sensitivity,baseline,{},0.05,500.0,0.5,5.0,1024,44,SECOND,0.0,0.0,0,"[0.0, 0.0, 0.0]","{""1,0"": 0.0, ""2,0"": 0.0, ""2,1"": 0.0}",,,,,True,,True,
sensitivity,baseline,{},0.05,500.0,1.0,1.0,1024,42,SECOND,0.0,0.0,0,"[0.0, 0.0, 0.0]","{""1,0"": 0.0, ""2,0"": 0.0, ""2,1"": 0.0}",,,,,True,,True,
sensitivity,baseline,{},0.05,500.0,1.0,1.0,1024,43,SECOND,0.0,0.0,0,"[0.0, 0.0, 0.0]","{""1,0"": 0.0, ""2,0"": 0.0, ""2,1"": 0.0}",,,,,True,,True,
sensitivity,baseline,{},0.05,500.0,1.0,1.0,1024,44,SECOND,0.0,0.0,0,"[0.0, 0.0, 0.0]","{""1,0"": 0.0, ""2,0"": 0.0, ""2,1"": 0.0}",,,,,True,,True,
sensitivity,baseline,{},0.05,500.0,1.0,3.0,1024,42,SECOND,0.0,0.0,0,"[0.0, 0.0, 0.0]","{""1,0"": 0.0, ""2,0"": 0.0, ""2,1"": 0.0}",,,,,True,,True,
sensitivity,baseline,{},0.05,500.0,1.0,3.0,1024,43,SECOND,0.0,0.0,0,"[0.0, 0.0, 0.0]","{""1,0"": 0.0, ""2,0"": 0.0, ""2,1"": 0.0}",,,,,True,,True,
sensitivity,baseline,{},0.05,500.0,1.0,3.0,1024,44,SECOND,0.0,0.0,0,"[0.0, 0.0, 0.0]","{""1,0"": 0.0, ""2,0"": 0.0, ""2,1"": 0.0}",,,,,True,,True,
sensitivity,baseline,{},0.05,500.0,1.0,5.0,1024,42,SECOND,0.0,0.0,0,"[0.0, 0.0, 0.0]","{""1,0"": 0.0, ""2,0"": 0.0, ""2,1"": 0.0}",,,,,True,,True,
sensitivity,baseline,{},0.05,500.0,1.0,5.0,1024,43,SECOND,0.0,0.0,0,"[0.0, 0.0, 0.0]","{""1,0"": 0.0, ""2,0"": 0.0, ""2,1"": 0.0}",,,,,True,,True,
sensitivity,baseline,{},0.05,500.0,1.0,5.0,1024,44,SECOND,0.0,0.0,0,"[0.0, 0.0, 0.0]","{""1,0"": 0.0, ""2,0"": 0.0, ""2,1"": 0.0}",,,,,True,,True,
sensitivity,baseline,{},0.1,100.0,0.25,1.0,1024,42,SECOND,0.0,0.0,0,"[0.0, 0.0, 0.0]","{""1,0"": 0.0, ""2,0"": 0.0, ""2,1"": 0.0}",,,,,True,,True,
sensitivity,baseline,{},0.1,100.0,0.25,1.0,1024,43,SECOND,0.0,0.0,0,"[0.0, 0.0, 0.0]","{""1,0"": 0.0, ""2,0"": 0.0, ""2,1"": 0.0}",,,,,True,,True,
sensitivity,baseline,{},0.1,100.0,0.25,1.0,1024,44,SECOND,0.0,0.0,0,"[0.0, 0.0, 0.0]","{""1,0"": 0.0, ""2,0"": 0.0, ""2,1"": 0.0}",,,,,True,,True,
sensitivity,baseline,{},0.1,100.0,0.25,3.0,1024,42,SECOND,0.0,0.0,0,"[0.0, 0.0, 0.0]","{""1,0"": 0.0, ""2,0"": 0.0, ""2,1"": 0.0}",,,,,True,,True,
sensitivity,baseline,{},0.1,100.0,0.25,3.0,1024,43,SECOND,0.0,0.0,0,"[0.0, 0.0, 0.0]","{""1,0"": 0.0, ""2,0"": 0.0, ""2,1"": 0.0}",,,,,True,,True,
sensitivity,baseline,{},0.1,100.0,0.25,3.0,1024,44,SECOND,0.0,0.0,0,"[0.0, 0.0, 0.0]","{""1,0"": 0.0, ""2,0"": 0.0, ""2,1"": 0.0}",,,,,True,,True,
sensitivity,baseline,{},0.1,100.0,0.25,5.0,1024,42,SECOND,0.0,0.0,0,"[0.0, 0.0, 0.0]","{""1,0"": 0.0, ""2,0"": 0.0, ""2,1"": 0.0}",,,,,True,,True,
sensitivity,baseline,{},0.1,100.0,0.25,5.0,1024,43,SECOND,0.0,0.0,0,"[0.0, 0.0, 0.0]","{""1,0"": 0.0, ""2,0"": 0.0, ""2,1"": 0.0}",,,,,True,,True,
sensitivity,baseline,{},0.1,100.0,0.25,5.0,1024,44,SECOND,0.0,0.0,0,"[0.0, 0.0, 0.0]","{""1,0"": 0.0, ""2,0"": 0.0, ""2,1"": 0.0}",,,,,True,,True,
sensitivity,baseline,{},0.1,100.0,0.5,1.0,1024,42,SECOND,0.0,0.0,0,"[0.0, 0.0, 0.0]","{""1,0"": 0.0, ""2,0"": 0.0, ""2,1"": 0.0}",,,,,True,,True,
sensitivity,baseline,{},0.1,100.0,0.5,1.0,1024,43,SECOND,0.0,0.0,0,"[0.0, 0.0, 0.0]","{""1,0"": 0.0, ""2,0"": 0.0, ""2,1"": 0.0}",,,,,True,,True,
sensitivity,baseline,{},0.1,100.0,0.5,1.0,1024,44,SECOND,0.0,0.0,0,"[0.0, 0.0, 0.0]","{""1,0"": 0.0, ""2,0"": 0.0, ""2,1"": 0.0}",,,,,True,,True,
sensitivity,baseline,{},0.1,100.0,0.5,3.0,1024,42,SECOND,0.0,0.0,0,"[0.0, 0.0, 0.0]","{""1,0"": 0.0, ""2,0"": 0.0, ""2,1"": 0.0}",,,,,True,,True,
sensitivity,baseline,{},0.1,100.0,0.5,3.0,1024,43,SECOND,0.0,0.0,0,"[0.0, 0.0, 0.0]","{""1,0"": 0.0, ""2,0"": 0.0, ""2,1"": 0.0}",,,,,True,,True,
sensitivity,baseline,{},0.1,100.0,0.5,3.0,1024,44,SECOND,0.0,0.0,0,"[0.0, 0.0, 0.0]","{""1,0"": 0.0, ""2,0"": 0.0, ""2,1"": 0.0}",,,,,True,,True,
sensitivity,baseline,{},0.1,100.0,0.5,5.0,1024,42,SECOND,0.0,0.0,0,"[0.0, 0.0, 0.0]","{""1,0"": 0.0, ""2,0"": 0.0, ""2,1"": 0.0}",,,,,True,,True,
sensitivity,baseline,{},0.1,100.0,0.5,5.0,1024,43,SECOND,0.0,0.0,0,"[0.0, 0.0, 0.0]","{""1,0"": 0.0, ""2,0"": 0.0, ""2,1"": 0.0}",,,,,True,,True,
sensitivity,baseline,{},0.1,100.0,0.5,5.0,1024,44,SECOND,0.0,0.0,0,"[0.0, 0.0, 0.0]","{""1,0"": 0.0, ""2,0"": 0.0, ""2,1"": 0.0}",,,,,True,,True,
sensitivity,baseline,{},0.1,100.0,1.0,1.0,1024,42,SECOND,0.0,0.0,0,"[0.0, 0.0, 0.0]","{""1,0"": 0.0, ""2,0"": 0.0, ""2,1"": 0.0}",,,,,True,,True,
sensitivity,baseline,{},0.1,100.0,1.0,1.0,1024,43,SECOND,0.0,0.0,0,"[0.0, 0.0, 0.0]","{""1,0"": 0.0, ""2,0"": 0.0, ""2,1"": 0.0}",,,,,True,,True,
sensitivity,baseline,{},0.1,100.0,1.0,1.0,1024,44,SECOND,0.0,0.0,0,"[0.0, 0.0, 0.0]","{""1,0"": 0.0, ""2,0"": 0.0, ""2,1"": 0.0}",,,,,True,,True,
sensitivity,baseline,{},0.1,100.0,1.0,3.0,1024,42,SECOND,0.0,0.0,0,"[0.0, 0.0, 0.0]","{""1,0"": 0.0, ""2,0"": 0.0, ""2,1"": 0.0}",,,,,True,,True,
sensitivity,baseline,{},0.1,100.0,1.0,3.0,1024,43,SECOND,0.0,0.0,0,"[0.0, 0.0, 0.0]","{""1,0"": 0.0, ""2,0"": 0.0, ""2,1"": 0.0}",,,,,True,,True,
sensitivity,baseline,{},0.1,100.0,1.0,3.0,1024,44,SECOND,0.0,0.0,0,"[0.0, 0.0, 0.0]","{""1,0"": 0.0, ""2,0"": 0.0, ""2,1"": 0.0}",,,,,True,,True,
sensitivity,baseline,{},0.1,100.0,1.0,5.0,1024,42,SECOND,0.0,0.0,0,"[0.0, 0.0, 0.0]","{""1,0"": 0.0, ""2,0"": 0.0, ""2,1"": 0.0}",,,,,True,,True,
sensitivity,baseline,{},0.1,100.0,1.0,5.0,1024,43,SECOND,0.0,0.0,0,"[0.0, 0.0, 0.0]","{""1,0"": 0.0, ""2,0"": 0.0, ""2,1"": 0.0}",,,,,True,,True,
sensitivity,baseline,{},0.1,100.0,1.0,5.0,1024,44,SECOND,0.0,0.0,0,"[0.0, 0.0, 0.0]","{""1,0"": 0.0, ""2,0"": 0.0, ""2,1"": 0.0}",,,,,True,,True,
sensitivity,baseline,{},0.1,200.0,0.25,1.0,1024,42,SECOND,0.0,0.0,0,"[0.0, 0.0, 0.0]","{""1,0"": 0.0, ""2,0"": 0.0, ""2,1"": 0.0}",,,,,True,,True,
sensitivity,baseline,{},0.1,200.0,0.25,1.0,1024,43,SECOND,0.0,0.0,0,"[0.0, 0.0, 0.0]","{""1,0"": 0.0, ""2,0"": 0.0, ""2,1"": 0.0}",,,,,True,,True,
sensitivity,baseline,{},0.1,200.0,0.25,1.0,1024,44,SECOND,0.0,0.0,0,"[0.0, 0.0, 0.0]","{""1,0"": 0.0, ""2,0"": 0.0, ""2,1"": 0.0}",,,,,True,,True,
sensitivity,baseline,{},0.1,200.0,0.25,3.0,1024,42,SECOND,0.0,0.0,0,"[0.0, 0.0, 0.0]","{""1,0"": 0.0, ""2,0"": 0.0, ""2,1"": 0.0}",,,,,True,,True,
sensitivity,baseline,{},0.1,200.0,0.25,3.0,1024,43,SECOND,0.0,0.0,0,"[0.0, 0.0, 0.0]","{""1,0"": 0.0, ""2,0"": 0.0, ""2,1"": 0.0}",,,,,True,,True,
sensitivity,baseline,{},0.1,200.0,0.25,3.0,1024,44,SECOND,0.0,0.0,0,"[0.0, 0.0, 0.0]","{""1,0"": 0.0, ""2,0"": 0.0, ""2,1"": 0.0}",,,,,True,,True,
sensitivity,baseline,{},0.1,200.0,0.25,5.0,1024,42,SECOND,0.0,0.0,0,"[0.0, 0.0, 0.0]","{""1,0"": 0.0, ""2,0"": 0.0, ""2,1"": 0.0}",,,,,True,,True,
sensitivity,baseline,{},0.1,200.0,0.25,5.0,1024,43,SECOND,0.0,0.0,0,"[0.0, 0.0, 0.0]","{""1,0"": 0.0, ""2,0"": 0.0, ""2,1"": 0.0}",,,,,True,,True,
sensitivity,baseline,{},0.1,200.0,0.25,5.0,1024,44,SECOND,0.0,0.0,0,"[0.0, 0.0, 0.0]","{""1,0"": 0.0, ""2,0"": 0.0, ""2,1"": 0.0}",,,,,True,,True,
sensitivity,baseline,{},0.1,200.0,0.5,1.0,1024,42,SECOND,0.0,0.0,0,"[0.0, 0.0, 0.0]","{""1,0"": 0.0, ""2,0"": 0.0, ""2,1"": 0.0}",,,,,True,,True,
sensitivity,baseline,{},0.1,200.0,0.5,1.0,1024,43,SECOND,0.0,0.0,0,"[0.0, 0.0, 0.0]","{""1,0"": 0.0, ""2,0"": 0.0, ""2,1"": 0.0}",,,,,True,,True,
sensitivity,baseline,{},0.1,200.0,0.5,1.0,1024,44,SECOND,0.0,0.0,0,"[0.0, 0.0, 0.0]","{""1,0"": 0.0, ""2,0"": 0.0, ""2,1"": 0.0}",,,,,True,,True,
sensitivity,baseline,{},0.1,200.0,0.5,3.0,1024,42,SECOND,0.0,0.0,0,"[0.0, 0.0, 0.0]","{""1,0"": 0.0, ""2,0"": 0.0, ""2,1"": 0.0}",,,,,True,,True,
sensitivity,baseline,{},0.1,200.0,0.5,3.0,1024,43,SECOND,0.0,0.0,0,"[0.0, 0.0, 0.0]","{""1,0"": 0.0, ""2,0"": 0.0, ""2,1"": 0.0}",,,,,True,,True,
sensitivity,baseline,{},0.1,200.0,0.5,3.0,1024,44,SECOND,0.0,0.0,0,"[0.0, 0.0, 0.0]","{""1,0"": 0.0, ""2,0"": 0.0, ""2,1"": 0.0}",,,,,True,,True,
sensitivity,baseline,{},0.1,200.0,0.5,5.0,1024,42,SECOND,0.0,0.0,0,"[0.0, 0.0, 0.0]","{""1,0"": 0.0, ""2,0"": 0.0, ""2,1"": 0.0}",,,,,True,,True,
sensitivity,baseline,{},0.1,200.0,0.5,5.0,1024,43,SECOND,0.0,0.0,0,"[0.0, 0.0, 0.0]","{""1,0"": 0.0, ""2,0"": 0.0, ""2,1"": 0.0}",,,,,True,,True,
sensitivity,baseline,{},0.1,200.0,0.5,5.0,1024,44,SECOND,0.0,0.0,0,"[0.0, 0.0, 0.0]","{""1,0"": 0.0, ""2,0"": 0.0, ""2,1"": 0.0}",,,,,True,,True,
sensitivity,baseline,{},0.1,200.0,1.0,1.0,1024,42,SECOND,0.0,0.0,0,"[0.0, 0.0, 0.0]","{""1,0"": 0.0, ""2,0"": 0.0, ""2,1"": 0.0}",,,,,True,,True,
sensitivity,baseline,{},0.1,200.0,1.0,1.0,1024,43,SECOND,0.0,0.0,0,"[0.0, 0.0, 0.0]","{""1,0"": 0.0, ""2,0"": 0.0, ""2,1"": 0.0}",,,,,True,,True,
sensitivity,baseline,{},0.1,200.0,1.0,1.0,1024,44,SECOND,0.0,0.0,0,"[0.0, 0.0, 0.0]","{""1,0"": 0.0, ""2,0"": 0.0, ""2,1"": 0.0}",,,,,True,,True,
sensitivity,baseline,{},0.1,200.0,1.0,3.0,1024,42,SECOND,0.0,0.0,0,"[0.0, 0.0, 0.0]","{""1,0"": 0.0, ""2,0"": 0.0, ""2,1"": 0.0}",,,,,True,,True,
sensitivity,baseline,{},0.1,200.0,1.0,3.0,1024,43,SECOND,0.0,0.0,0,"[0.0, 0.0, 0.0]","{""1,0"": 0.0, ""2,0"": 0.0, ""2,1"": 0.0}",,,,,True,,True,
sensitivity,baseline,{},0.1,200.0,1.0,3.0,1024,44,SECOND,0.0,0.0,0,"[0.0, 0.0, 0.0]","{""1,0"": 0.0, ""2,0"": 0.0, ""2,1"": 0.0}",,,,,True,,True,
sensitivity,baseline,{},0.1,200.0,1.0,5.0,1024,42,SECOND,0.0,0.0,0,"[0.0, 0.0, 0.0]","{""1,0"": 0.0, ""2,0"": 0.0, ""2,1"": 0.0}",,,,,True,,True,
sensitivity,baseline,{},0.1,200.0,1.0,5.0,1024,43,SECOND,0.0,0.0,0,"[0.0, 0.0, 0.0]","{""1,0"": 0.0, ""2,0"": 0.0, ""2,1"": 0.0}",,,,,True,,True,
sensitivity,baseline,{},0.1,200.0,1.0,5.0,1024,44,SECOND,0.0,0.0,0,"[0.0, 0.0, 0.0]","{""1,0"": 0.0, ""2,0"": 0.0, ""2,1"": 0.0}",,,,,True,,True,
sensitivity,baseline,{},0.1,500.0,0.25,1.0,1024,42,SECOND,0.0,0.0,0,"[0.0, 0.0, 0.0]","{""1,0"": 0.0, ""2,0"": 0.0, ""2,1"": 0.0}",,,,,True,,True,
sensitivity,baseline,{},0.1,500.0,0.25,1.0,1024,43,SECOND,0.0,0.0,0,"[0.0, 0.0, 0.0]","{""1,0"": 0.0, ""2,0"": 0.0, ""2,1"": 0.0}",,,,,True,,True,
sensitivity,baseline,{},0.1,500.0,0.25,1.0,1024,44,SECOND,0.0,0.0,0,"[0.0, 0.0, 0.0]","{""1,0"": 0.0, ""2,0"": 0.0, ""2,1"": 0.0}",,,,,True,,True,
sensitivity,baseline,{},0.1,500.0,0.25,3.0,1024,42,SECOND,0.0,0.0,0,"[0.0, 0.0, 0.0]","{""1,0"": 0.0, ""2,0"": 0.0, ""2,1"": 0.0}",,,,,True,,True,
sensitivity,baseline,{},0.1,500.0,0.25,3.0,1024,43,SECOND,0.0,0.0,0,"[0.0, 0.0, 0.0]","{""1,0"": 0.0, ""2,0"": 0.0, ""2,1"": 0.0}",,,,,True,,True,
sensitivity,baseline,{},0.1,500.0,0.25,3.0,1024,44,SECOND,0.0,0.0,0,"[0.0, 0.0, 0.0]","{""1,0"": 0.0, ""2,0"": 0.0, ""2,1"": 0.0}",,,,,True,,True,
sensitivity,baseline,{},0.1,500.0,0.25,5.0,1024,42,SECOND,0.0,0.0,0,"[0.0, 0.0, 0.0]","{""1,0"": 0.0, ""2,0"": 0.0, ""2,1"": 0.0}",,,,,True,,True,
sensitivity,baseline,{},0.1,500.0,0.25,5.0,1024,43,SECOND,0.0,0.0,0,"[0.0, 0.0, 0.0]","{""1,0"": 0.0, ""2,0"": 0.0, ""2,1"": 0.0}",,,,,True,,True,
sensitivity,baseline,{},0.1,500.0,0.25,5.0,1024,44,SECOND,0.0,0.0,0,"[0.0, 0.0, 0.0]","{""1,0"": 0.0, ""2,0"": 0.0, ""2,1"": 0.0}",,,,,True,,True,
sensitivity,baseline,{},0.1,500.0,0.5,1.0,1024,42,SECOND,0.0,0.0,0,"[0.0, 0.0, 0.0]","{""1,0"": 0.0, ""2,0"": 0.0, ""2,1"": 0.0}",,,,,True,,True,
sensitivity,baseline,{},0.1,500.0,0.5,1.0,1024,43,SECOND,0.0,0.0,0,"[0.0, 0.0, 0.0]","{""1,0"": 0.0, ""2,0"": 0.0, ""2,1"": 0.0}",,,,,True,,True,
sensitivity,baseline,{},0.1,500.0,0.5,1.0,1024,44,SECOND,0.0,0.0,0,"[0.0, 0.0, 0.0]","{""1,0"": 0.0, ""2,0"": 0.0, ""2,1"": 0.0}",,,,,True,,True,
sensitivity,baseline,{},0.1,500.0,0.5,3.0,1024,42,SECOND,0.0,0.0,0,"[0.0, 0.0, 0.0]","{""1,0"": 0.0, ""2,0"": 0.0, ""2,1"": 0.0}",,,,,True,,True,
sensitivity,baseline,{},0.1,500.0,0.5,3.0,1024,43,SECOND,0.0,0.0,0,"[0.0, 0.0, 0.0]","{""1,0"": 0.0, ""2,0"": 0.0, ""2,1"": 0.0}",,,,,True,,True,
sensitivity,baseline,{},0.1,500.0,0.5,3.0,1024,44,SECOND,0.0,0.0,0,"[0.0, 0.0, 0.0]","{""1,0"": 0.0, ""2,0"": 0.0, ""2,1"": 0.0}",,,,,True,,True,
sensitivity,baseline,{},0.1,500.0,0.5,5.0,1024,42,SECOND,0.0,0.0,0,"[0.0, 0.0, 0.0]","{""1,0"": 0.0, ""2,0"": 0.0, ""2,1"": 0.0}",,,,,True,,True,
sensitivity,baseline,{},0.1,500.0,0.5,5.0,1024,43,SECOND,0.0,0.0,0,"[0.0, 0.0, 0.0]","{""1,0"": 0.0, ""2,0"": 0.0, ""2,1"": 0.0}",,,,,True,,True,
sensitivity,baseline,{},0.1,500.0,0.5,5.0,1024,44,SECOND,0.0,0.0,0,"[0.0, 0.0, 0.0]","{""1,0"": 0.0, ""2,0"": 0.0, ""2,1"": 0.0}",,,,,True,,True,
sensitivity,baseline,{},0.1,500.0,1.0,1.0,1024,42,SECOND,0.0,0.0,0,"[0.0, 0.0, 0.0]","{""1,0"": 0.0, ""2,0"": 0.0, ""2,1"": 0.0}",,,,,True,,True,
sensitivity,baseline,{},0.1,500.0,1.0,1.0,1024,43,SECOND,0.0,0.0,0,"[0.0, 0.0, 0.0]","{""1,0"": 0.0, ""2,0"": 0.0, ""2,1"": 0.0}",,,,,True,,True,
sensitivity,baseline,{},0.1,500.0,1.0,1.0,1024,44,SECOND,0.0,0.0,0,"[0.0, 0.0, 0.0]","{""1,0"": 0.0, ""2,0"": 0.0, ""2,1"": 0.0}",,,,,True,,True,
sensitivity,baseline,{},0.1,500.0,1.0,3.0,1024,42,SECOND,0.0,0.0,0,"[0.0, 0.0, 0.0]","{""1,0"": 0.0, ""2,0"": 0.0, ""2,1"": 0.0}",,,,,True,,True,
sensitivity,baseline,{},0.1,500.0,1.0,3.0,1024,43,SECOND,0.0,0.0,0,"[0.0, 0.0, 0.0]","{""1,0"": 0.0, ""2,0"": 0.0, ""2,1"": 0.0}",,,,,True,,True,
sensitivity,baseline,{},0.1,500.0,1.0,3.0,1024,44,SECOND,0.0,0.0,0,"[0.0, 0.0, 0.0]","{""1,0"": 0.0, ""2,0"": 0.0, ""2,1"": 0.0}",,,,,True,,True,
sensitivity,baseline,{},0.1,500.0,1.0,5.0,1024,42,SECOND,0.0,0.0,0,"[0.0, 0.0, 0.0]","{""1,0"": 0.0, ""2,0"": 0.0, ""2,1"": 0.0}",,,,,True,,True,
sensitivity,baseline,{},0.1,500.0,1.0,5.0,1024,43,SECOND,0.0,0.0,0,"[0.0, 0.0, 0.0]","{""1,0"": 0.0, ""2,0"": 0.0, ""2,1"": 0.0}",,,,,True,,True,
sensitivity,baseline,{},0.1,500.0,1.0,5.0,1024,44,SECOND,0.0,0.0,0,"[0.0, 0.0, 0.0]","{""1,0"": 0.0, ""2,0"": 0.0, ""2,1"": 0.0}",,,,,True,,True,
sensitivity,baseline,{},0.2,100.0,0.25,1.0,1024,42,SECOND,0.0,0.0,0,"[0.0, 0.0, 0.0]","{""1,0"": 0.0, ""2,0"": 0.0, ""2,1"": 0.0}",,,,,True,,True,
sensitivity,baseline,{},0.2,100.0,0.25,1.0,1024,43,SECOND,0.0,0.0,0,"[0.0, 0.0, 0.0]","{""1,0"": 0.0, ""2,0"": 0.0, ""2,1"": 0.0}",,,,,True,,True,
sensitivity,baseline,{},0.2,100.0,0.25,1.0,1024,44,SECOND,0.0,0.0,0,"[0.0, 0.0, 0.0]","{""1,0"": 0.0, ""2,0"": 0.0, ""2,1"": 0.0}",,,,,True,,True,
sensitivity,baseline,{},0.2,100.0,0.25,3.0,1024,42,SECOND,0.0,0.0,0,"[0.0, 0.0, 0.0]","{""1,0"": 0.0, ""2,0"": 0.0, ""2,1"": 0.0}",,,,,True,,True,
sensitivity,baseline,{},0.2,100.0,0.25,3.0,1024,43,SECOND,0.0,0.0,0,"[0.0, 0.0, 0.0]","{""1,0"": 0.0, ""2,0"": 0.0, ""2,1"": 0.0}",,,,,True,,True,
sensitivity,baseline,{},0.2,100.0,0.25,3.0,1024,44,SECOND,0.0,0.0,0,"[0.0, 0.0, 0.0]","{""1,0"": 0.0, ""2,0"": 0.0, ""2,1"": 0.0}",,,,,True,,True,
sensitivity,baseline,{},0.2,100.0,0.25,5.0,1024,42,SECOND,0.0,0.0,0,"[0.0, 0.0, 0.0]","{""1,0"": 0.0, ""2,0"": 0.0, ""2,1"": 0.0}",,,,,True,,True,
sensitivity,baseline,{},0.2,100.0,0.25,5.0,1024,43,SECOND,0.0,0.0,0,"[0.0, 0.0, 0.0]","{""1,0"": 0.0, ""2,0"": 0.0, ""2,1"": 0.0}",,,,,True,,True,
sensitivity,baseline,{},0.2,100.0,0.25,5.0,1024,44,SECOND,0.0,0.0,0,"[0.0, 0.0, 0.0]","{""1,0"": 0.0, ""2,0"": 0.0, ""2,1"": 0.0}",,,,,True,,True,
sensitivity,baseline,{},0.2,100.0,0.5,1.0,1024,42,SECOND,0.0,0.0,0,"[0.0, 0.0, 0.0]","{""1,0"": 0.0, ""2,0"": 0.0, ""2,1"": 0.0}",,,,,True,,True,
sensitivity,baseline,{},0.2,100.0,0.5,1.0,1024,43,SECOND,0.0,0.0,0,"[0.0, 0.0, 0.0]","{""1,0"": 0.0, ""2,0"": 0.0, ""2,1"": 0.0}",,,,,True,,True,
sensitivity,baseline,{},0.2,100.0,0.5,1.0,1024,44,SECOND,0.0,0.0,0,"[0.0, 0.0, 0.0]","{""1,0"": 0.0, ""2,0"": 0.0, ""2,1"": 0.0}",,,,,True,,True,
sensitivity,baseline,{},0.2,100.0,0.5,3.0,1024,42,SECOND,0.0,0.0,0,"[0.0, 0.0, 0.0]","{""1,0"": 0.0, ""2,0"": 0.0, ""2,1"": 0.0}",,,,,True,,True,
sensitivity,baseline,{},0.2,100.0,0.5,3.0,1024,43,SECOND,0.0,0.0,0,"[0.0, 0.0, 0.0]","{""1,0"": 0.0, ""2,0"": 0.0, ""2,1"": 0.0}",,,,,True,,True,
sensitivity,baseline,{},0.2,100.0,0.5,3.0,1024,44,SECOND,0.0,0.0,0,"[0.0, 0.0, 0.0]","{""1,0"": 0.0, ""2,0"": 0.0, ""2,1"": 0.0}",,,,,True,,True,
sensitivity,baseline,{},0.2,100.0,0.5,5.0,1024,42,SECOND,0.0,0.0,0,"[0.0, 0.0, 0.0]","{""1,0"": 0.0, ""2,0"": 0.0, ""2,1"": 0.0}",,,,,True,,True,
sensitivity,baseline,{},0.2,100.0,0.5,5.0,1024,43,SECOND,0.0,0.0,0,"[0.0, 0.0, 0.0]","{""1,0"": 0.0, ""2,0"": 0.0, ""2,1"": 0.0}",,,,,True,,True,
sensitivity,baseline,{},0.2,100.0,0.5,5.0,1024,44,SECOND,0.0,0.0,0,"[0.0, 0.0, 0.0]","{""1,0"": 0.0, ""2,0"": 0.0, ""2,1"": 0.0}",,,,,True,,True,
sensitivity,baseline,{},0.2,100.0,1.0,1.0,1024,42,SECOND,0.0,0.0,0,"[0.0, 0.0, 0.0]","{""1,0"": 0.0, ""2,0"": 0.0, ""2,1"": 0.0}",,,,,True,,True,
sensitivity,baseline,{},0.2,100.0,1.0,1.0,1024,43,SECOND,0.0,0.0,0,"[0.0, 0.0, 0.0]","{""1,0"": 0.0, ""2,0"": 0.0, ""2,1"": 0.0}",,,,,True,,True,
sensitivity,baseline,{},0.2,100.0,1.0,1.0,1024,44,SECOND,0.0,0.0,0,"[0.0, 0.0, 0.0]","{""1,0"": 0.0, ""2,0"": 0.0, ""2,1"": 0.0}",,,,,True,,True,
sensitivity,baseline,{},0.2,100.0,1.0,3.0,1024,42,SECOND,0.0,0.0,0,"[0.0, 0.0, 0.0]","{""1,0"": 0.0, ""2,0"": 0.0, ""2,1"": 0.0}",,,,,True,,True,
sensitivity,baseline,{},0.2,100.0,1.0,3.0,1024,43,SECOND,0.0,0.0,0,"[0.0, 0.0, 0.0]","{""1,0"": 0.0, ""2,0"": 0.0, ""2,1"": 0.0}",,,,,True,,True,
sensitivity,baseline,{},0.2,100.0,1.0,3.0,1024,44,SECOND,0.0,0.0,0,"[0.0, 0.0, 0.0]","{""1,0"": 0.0, ""2,0"": 0.0, ""2,1"": 0.0}",,,,,True,,True,
sensitivity,baseline,{},0.2,100.0,1.0,5.0,1024,42,SECOND,0.0,0.0,0,"[0.0, 0.0, 0.0]","{""1,0"": 0.0, ""2,0"": 0.0, ""2,1"": 0.0}",,,,,True,,True,
sensitivity,baseline,{},0.2,100.0,1.0,5.0,1024,43,SECOND,0.0,0.0,0,"[0.0, 0.0, 0.0]","{""1,0"": 0.0, ""2,0"": 0.0, ""2,1"": 0.0}",,,,,True,,True,
sensitivity,baseline,{},0.2,100.0,1.0,5.0,1024,44,SECOND,0.0,0.0,0,"[0.0, 0.0, 0.0]","{""1,0"": 0.0, ""2,0"": 0.0, ""2,1"": 0.0}",,,,,True,,True,
sensitivity,baseline,{},0.2,200.0,0.25,1.0,1024,42,SECOND,0.0,0.0,0,"[0.0, 0.0, 0.0]","{""1,0"": 0.0, ""2,0"": 0.0, ""2,1"": 0.0}",,,,,True,,True,
sensitivity,baseline,{},0.2,200.0,0.25,1.0,1024,43,SECOND,0.0,0.0,0,"[0.0, 0.0, 0.0]","{""1,0"": 0.0, ""2,0"": 0.0, ""2,1"": 0.0}",,,,,True,,True,
sensitivity,baseline,{},0.2,200.0,0.25,1.0,1024,44,SECOND,0.0,0.0,0,"[0.0, 0.0, 0.0]","{""1,0"": 0.0, ""2,0"": 0.0, ""2,1"": 0.0}",,,,,True,,True,
sensitivity,baseline,{},0.2,200.0,0.25,3.0,1024,42,SECOND,0.0,0.0,0,"[0.0, 0.0, 0.0]","{""1,0"": 0.0, ""2,0"": 0.0, ""2,1"": 0.0}",,,,,True,,True,
sensitivity,baseline,{},0.2,200.0,0.25,3.0,1024,43,SECOND,0.0,0.0,0,"[0.0, 0.0, 0.0]","{""1,0"": 0.0, ""2,0"": 0.0, ""2,1"": 0.0}",,,,,True,,True,
sensitivity,baseline,{},0.2,200.0,0.25,3.0,1024,44,SECOND,0.0,0.0,0,"[0.0, 0.0, 0.0]","{""1,0"": 0.0, ""2,0"": 0.0, ""2,1"": 0.0}",,,,,True,,True,
sensitivity,baseline,{},0.2,200.0,0.25,5.0,1024,42,SECOND,0.0,0.0,0,"[0.0, 0.0, 0.0]","{""1,0"": 0.0, ""2,0"": 0.0, ""2,1"": 0.0}",,,,,True,,True,
sensitivity,baseline,{},0.2,200.0,0.25,5.0,1024,43,SECOND,0.0,0.0,0,"[0.0, 0.0, 0.0]","{""1,0"": 0.0, ""2,0"": 0.0, ""2,1"": 0.0}",,,,,True,,True,
sensitivity,baseline,{},0.2,200.0,0.25,5.0,1024,44,SECOND,0.0,0.0,0,"[0.0, 0.0, 0.0]","{""1,0"": 0.0, ""2,0"": 0.0, ""2,1"": 0.0}",,,,,True,,True,
sensitivity,baseline,{},0.2,200.0,0.5,1.0,1024,42,SECOND,0.0,0.0,0,"[0.0, 0.0, 0.0]","{""1,0"": 0.0, ""2,0"": 0.0, ""2,1"": 0.0}",,,,,True,,True,
sensitivity,baseline,{},0.2,200.0,0.5,1.0,1024,43,SECOND,0.0,0.0,0,"[0.0, 0.0, 0.0]","{""1,0"": 0.0, ""2,0"": 0.0, ""2,1"": 0.0}",,,,,True,,True,
sensitivity,baseline,{},0.2,200.0,0.5,1.0,1024,44,SECOND,0.0,0.0,0,"[0.0, 0.0, 0.0]","{""1,0"": 0.0, ""2,0"": 0.0, ""2,1"": 0.0}",,,,,True,,True,
sensitivity,baseline,{},0.2,200.0,0.5,3.0,1024,42,SECOND,0.0,0.0,0,"[0.0, 0.0, 0.0]","{""1,0"": 0.0, ""2,0"": 0.0, ""2,1"": 0.0}",,,,,True,,True,
sensitivity,baseline,{},0.2,200.0,0.5,3.0,1024,43,SECOND,0.0,0.0,0,"[0.0, 0.0, 0.0]","{""1,0"": 0.0, ""2,0"": 0.0, ""2,1"": 0.0}",,,,,True,,True,
sensitivity,baseline,{},0.2,200.0,0.5,3.0,1024,44,SECOND,0.0,0.0,0,"[0.0, 0.0, 0.0]","{""1,0"": 0.0, ""2,0"": 0.0, ""2,1"": 0.0}",,,,,True,,True,
sensitivity,baseline,{},0.2,200.0,0.5,5.0,1024,42,SECOND,0.0,0.0,0,"[0.0, 0.0, 0.0]","{""1,0"": 0.0, ""2,0"": 0.0, ""2,1"": 0.0}",,,,,True,,True,
sensitivity,baseline,{},0.2,200.0,0.5,5.0,1024,43,SECOND,0.0,0.0,0,"[0.0, 0.0, 0.0]","{""1,0"": 0.0, ""2,0"": 0.0, ""2,1"": 0.0}",,,,,True,,True,
sensitivity,baseline,{},0.2,200.0,0.5,5.0,1024,44,SECOND,0.0,0.0,0,"[0.0, 0.0, 0.0]","{""1,0"": 0.0, ""2,0"": 0.0, ""2,1"": 0.0}",,,,,True,,True,
sensitivity,baseline,{},0.2,200.0,1.0,1.0,1024,42,SECOND,0.0,0.0,0,"[0.0, 0.0, 0.0]","{""1,0"": 0.0, ""2,0"": 0.0, ""2,1"": 0.0}",,,,,True,,True,
sensitivity,baseline,{},0.2,200.0,1.0,1.0,1024,43,SECOND,0.0,0.0,0,"[0.0, 0.0, 0.0]","{""1,0"": 0.0, ""2,0"": 0.0, ""2,1"": 0.0}",,,,,True,,True,
sensitivity,baseline,{},0.2,200.0,1.0,1.0,1024,44,SECOND,0.0,0.0,0,"[0.0, 0.0, 0.0]","{""1,0"": 0.0, ""2,0"": 0.0, ""2,1"": 0.0}",,,,,True,,True,
sensitivity,baseline,{},0.2,200.0,1.0,3.0,1024,42,SECOND,0.0,0.0,0,"[0.0, 0.0, 0.0]","{""1,0"": 0.0, ""2,0"": 0.0, ""2,1"": 0.0}",,,,,True,,True,
sensitivity,baseline,{},0.2,200.0,1.0,3.0,1024,43,SECOND,0.0,0.0,0,"[0.0, 0.0, 0.0]","{""1,0"": 0.0, ""2,0"": 0.0, ""2,1"": 0.0}",,,,,True,,True,
sensitivity,baseline,{},0.2,200.0,1.0,3.0,1024,44,SECOND,0.0,0.0,0,"[0.0, 0.0, 0.0]","{""1,0"": 0.0, ""2,0"": 0.0, ""2,1"": 0.0}",,,,,True,,True,
sensitivity,baseline,{},0.2,200.0,1.0,5.0,1024,42,SECOND,0.0,0.0,0,"[0.0, 0.0, 0.0]","{""1,0"": 0.0, ""2,0"": 0.0, ""2,1"": 0.0}",,,,,True,,True,
sensitivity,baseline,{},0.2,200.0,1.0,5.0,1024,43,SECOND,0.0,0.0,0,"[0.0, 0.0, 0.0]","{""1,0"": 0.0, ""2,0"": 0.0, ""2,1"": 0.0}",,,,,True,,True,
sensitivity,baseline,{},0.2,200.0,1.0,5.0,1024,44,SECOND,0.0,0.0,0,"[0.0, 0.0, 0.0]","{""1,0"": 0.0, ""2,0"": 0.0, ""2,1"": 0.0}",,,,,True,,True,
sensitivity,baseline,{},0.2,500.0,0.25,1.0,1024,42,SECOND,0.0,0.0,0,"[0.0, 0.0, 0.0]","{""1,0"": 0.0, ""2,0"": 0.0, ""2,1"": 0.0}",,,,,True,,True,
sensitivity,baseline,{},0.2,500.0,0.25,1.0,1024,43,SECOND,0.0,0.0,0,"[0.0, 0.0, 0.0]","{""1,0"": 0.0, ""2,0"": 0.0, ""2,1"": 0.0}",,,,,True,,True,
sensitivity,baseline,{},0.2,500.0,0.25,1.0,1024,44,SECOND,0.0,0.0,0,"[0.0, 0.0, 0.0]","{""1,0"": 0.0, ""2,0"": 0.0, ""2,1"": 0.0}",,,,,True,,True,
sensitivity,baseline,{},0.2,500.0,0.25,3.0,1024,42,SECOND,0.0,0.0,0,"[0.0, 0.0, 0.0]","{""1,0"": 0.0, ""2,0"": 0.0, ""2,1"": 0.0}",,,,,True,,True,
sensitivity,baseline,{},0.2,500.0,0.25,3.0,1024,43,SECOND,0.0,0.0,0,"[0.0, 0.0, 0.0]","{""1,0"": 0.0, ""2,0"": 0.0, ""2,1"": 0.0}",,,,,True,,True,
sensitivity,baseline,{},0.2,500.0,0.25,3.0,1024,44,SECOND,0.0,0.0,0,"[0.0, 0.0, 0.0]","{""1,0"": 0.0, ""2,0"": 0.0, ""2,1"": 0.0}",,,,,True,,True,
sensitivity,baseline,{},0.2,500.0,0.25,5.0,1024,42,SECOND,0.0,0.0,0,"[0.0, 0.0, 0.0]","{""1,0"": 0.0, ""2,0"": 0.0, ""2,1"": 0.0}",,,,,True,,True,
sensitivity,baseline,{},0.2,500.0,0.25,5.0,1024,43,SECOND,0.0,0.0,0,"[0.0, 0.0, 0.0]","{""1,0"": 0.0, ""2,0"": 0.0, ""2,1"": 0.0}",,,,,True,,True,
sensitivity,baseline,{},0.2,500.0,0.25,5.0,1024,44,SECOND,0.0,0.0,0,"[0.0, 0.0, 0.0]","{""1,0"": 0.0, ""2,0"": 0.0, ""2,1"": 0.0}",,,,,True,,True,
sensitivity,baseline,{},0.2,500.0,0.5,1.0,1024,42,SECOND,0.0,0.0,0,"[0.0, 0.0, 0.0]","{""1,0"": 0.0, ""2,0"": 0.0, ""2,1"": 0.0}",,,,,True,,True,
sensitivity,baseline,{},0.2,500.0,0.5,1.0,1024,43,SECOND,0.0,0.0,0,"[0.0, 0.0, 0.0]","{""1,0"": 0.0, ""2,0"": 0.0, ""2,1"": 0.0}",,,,,True,,True,
sensitivity,baseline,{},0.2,500.0,0.5,1.0,1024,44,SECOND,0.0,0.0,0,"[0.0, 0.0, 0.0]","{""1,0"": 0.0, ""2,0"": 0.0, ""2,1"": 0.0}",,,,,True,,True,
sensitivity,baseline,{},0.2,500.0,0.5,3.0,1024,42,SECOND,0.0,0.0,0,"[0.0, 0.0, 0.0]","{""1,0"": 0.0, ""2,0"": 0.0, ""2,1"": 0.0}",,,,,True,,True,
sensitivity,baseline,{},0.2,500.0,0.5,3.0,1024,43,SECOND,0.0,0.0,0,"[0.0, 0.0, 0.0]","{""1,0"": 0.0, ""2,0"": 0.0, ""2,1"": 0.0}",,,,,True,,True,
sensitivity,baseline,{},0.2,500.0,0.5,3.0,1024,44,SECOND,0.0,0.0,0,"[0.0, 0.0, 0.0]","{""1,0"": 0.0, ""2,0"": 0.0, ""2,1"": 0.0}",,,,,True,,True,
sensitivity,baseline,{},0.2,500.0,0.5,5.0,1024,42,SECOND,0.0,0.0,0,"[0.0, 0.0, 0.0]","{""1,0"": 0.0, ""2,0"": 0.0, ""2,1"": 0.0}",,,,,True,,True,
sensitivity,baseline,{},0.2,500.0,0.5,5.0,1024,43,SECOND,0.0,0.0,0,"[0.0, 0.0, 0.0]","{""1,0"": 0.0, ""2,0"": 0.0, ""2,1"": 0.0}",,,,,True,,True,
sensitivity,baseline,{},0.2,500.0,0.5,5.0,1024,44,SECOND,0.0,0.0,0,"[0.0, 0.0, 0.0]","{""1,0"": 0.0, ""2,0"": 0.0, ""2,1"": 0.0}",,,,,True,,True,
sensitivity,baseline,{},0.2,500.0,1.0,1.0,1024,42,SECOND,0.0,0.0,0,"[0.0, 0.0, 0.0]","{""1,0"": 0.0, ""2,0"": 0.0, ""2,1"": 0.0}",,,,,True,,True,
sensitivity,baseline,{},0.2,500.0,1.0,1.0,1024,43,SECOND,0.0,0.0,0,"[0.0, 0.0, 0.0]","{""1,0"": 0.0, ""2,0"": 0.0, ""2,1"": 0.0}",,,,,True,,True,
sensitivity,baseline,{},0.2,500.0,1.0,1.0,1024,44,SECOND,0.0,0.0,0,"[0.0, 0.0, 0.0]","{""1,0"": 0.0, ""2,0"": 0.0, ""2,1"": 0.0}",,,,,True,,True,
sensitivity,baseline,{},0.2,500.0,1.0,3.0,1024,42,SECOND,0.0,0.0,0,"[0.0, 0.0, 0.0]","{""1,0"": 0.0, ""2,0"": 0.0, ""2,1"": 0.0}",,,,,True,,True,
sensitivity,baseline,{},0.2,500.0,1.0,3.0,1024,43,SECOND,0.0,0.0,0,"[0.0, 0.0, 0.0]","{""1,0"": 0.0, ""2,0"": 0.0, ""2,1"": 0.0}",,,,,True,,True,
sensitivity,baseline,{},0.2,500.0,1.0,3.0,1024,44,SECOND,0.0,0.0,0,"[0.0, 0.0, 0.0]","{""1,0"": 0.0, ""2,0"": 0.0, ""2,1"": 0.0}",,,,,True,,True,
sensitivity,baseline,{},0.2,500.0,1.0,5.0,1024,42,SECOND,0.0,0.0,0,"[0.0, 0.0, 0.0]","{""1,0"": 0.0, ""2,0"": 0.0, ""2,1"": 0.0}",,,,,True,,True,
sensitivity,baseline,{},0.2,500.0,1.0,5.0,1024,43,SECOND,0.0,0.0,0,"[0.0, 0.0, 0.0]","{""1,0"": 0.0, ""2,0"": 0.0, ""2,1"": 0.0}",,,,,True,,True,
sensitivity,baseline,{},0.2,500.0,1.0,5.0,1024,44,SECOND,0.0,0.0,0,"[0.0, 0.0, 0.0]","{""1,0"": 0.0, ""2,0"": 0.0, ""2,1"": 0.0}",,,,,True,,True,
sensitivity,constant_bias,"{""alpha_mag"": 0.5}",0.05,100.0,0.25,1.0,1024,42,SECOND,0.0,3.386657224237026e-17,6,"[0.0, 0.0, 0.0]","{""1,0"": 0.0, ""2,0"": 0.0, ""2,1"": 0.0}",,,,,True,,True,
sensitivity,constant_bias,"{""alpha_mag"": 0.5}",0.05,100.0,0.25,1.0,1024,43,SECOND,0.0,3.315247326120435e-17,6,"[0.0, 0.0, 0.0]","{""1,0"": 0.0, ""2,0"": 0.0, ""2,1"": 0.0}",,,,,True,,True,
sensitivity,constant_bias,"{""alpha_mag"": 0.5}",0.05,100.0,0.25,1.0,1024,44,SECOND,0.0,3.746968875657383e-17,6,"[0.0, 0.0, 0.0]","{""1,0"": 0.0, ""2,0"": 0.0, ""2,1"": 0.0}",,,,,True,,True,
sensitivity,constant_bias,"{""alpha_mag"": 0.5}",0.05,100.0,0.25,3.0,1024,42,SECOND,0.0,3.4562079788485076e-17,6,"[0.0, 0.0, 0.0]","{""1,0"": 0.0, ""2,0"": 0.0, ""2,1"": 0.0}",,,,,True,,True,
sensitivity,constant_bias,"{""alpha_mag"": 0.5}",0.05,100.0,0.25,3.0,1024,43,SECOND,0.0,6.487963349758453e-17,6,"[0.0, 0.0, 0.0]","{""1,0"": 0.0, ""2,0"": 0.0, ""2,1"": 0.0}",,,,,True,,True,
sensitivity,constant_bias,"{""alpha_mag"": 0.5}",0.05,100.0,0.25,3.0,1024,44,SECOND,0.0,4.1896052457274834e-17,6,"[0.0, 0.0, 0.0]","{""1,0"": 0.0, ""2,0"": 0.0, ""2,1"": 0.0}",,,,,True,,True,
sensitivity,constant_bias,"{""alpha_mag"": 0.5}",0.05,100.0,0.25,5.0,1024,42,SECOND,0.0,5.559372846308966e-17,6,"[0.0, 0.0, 0.0]","{""1,0"": 0.0, ""2,0"": 0.0, ""2,1"": 0.0}",,,,,True,,True,
sensitivity,constant_bias,"{""alpha_mag"": 0.5}",0.05,100.0,0.25,5.0,1024,43,SECOND,0.0,1.1181019216606914e-16,6,"[0.0, 0.0, 0.0]","{""1,0"": 0.0, ""2,0"": 0.0, ""2,1"": 0.0}",,,,,True,,True,
sensitivity,constant_bias,"{""alpha_mag"": 0.5}",0.05,100.0,0.25,5.0,1024,44,SECOND,0.0,6.597721168632359e-17,6,"[0.0, 0.0, 0.0]","{""1,0"": 0.0, ""2,0"": 0.0, ""2,1"": 0.0}",,,,,True,,True,
sensitivity,constant_bias,"{""alpha_mag"": 0.5}",0.05,100.0,0.5,1.0,1024,42,SECOND,0.0,3.386657224237026e-17,6,"[0.0, 0.0, 0.0]","{""1,0"": 0.0, ""2,0"": 0.0, ""2,1"": 0.0}",,,,,True,,True,
sensitivity,constant_bias,"{""alpha_mag"": 0.5}",0.05,100.0,0.5,1.0,1024,43,SECOND,0.0,3.315247326120435e-17,6,"[0.0, 0.0, 0.0]","{""1,0"": 0.0, ""2,0"": 0.0, ""2,1"": 0.0}",,,,,True,,True,
sensitivity,constant_bias,"{""alpha_mag"": 0.5}",0.05,100.0,0.5,1.0,1024,44,SECOND,0.0,3.746968875657383e-17,6,"[0.0, 0.0, 0.0]","{""1,0"": 0.0, ""2,0"": 0.0, ""2,1"": 0.0}",,,,,True,,True,
sensitivity,constant_bias,"{""alpha_mag"": 0.5}",0.05,100.0,0.5,3.0,1024,42,SECOND,0.0,3.4562079788485076e-17,6,"[0.0, 0.0, 0.0]","{""1,0"": 0.0, ""2,0"": 0.0, ""2,1"": 0.0}",,,,,True,,True,
sensitivity,constant_bias,"{""alpha_mag"": 0.5}",0.05,100.0,0.5,3.0,1024,43,SECOND,0.0,6.487963349758453e-17,6,"[0.0, 0.0, 0.0]","{""1,0"": 0.0, ""2,0"": 0.0, ""2,1"": 0.0}",,,,,True,,True,
sensitivity,constant_bias,"{""alpha_mag"": 0.5}",0.05,100.0,0.5,3.0,1024,44,SECOND,0.0,4.1896052457274834e-17,6,"[0.0, 0.0, 0.0]","{""1,0"": 0.0, ""2,0"": 0.0, ""2,1"": 0.0}",,,,,True,,True,
sensitivity,constant_bias,"{""alpha_mag"": 0.5}",0.05,100.0,0.5,5.0,1024,42,SECOND,0.0,5.559372846308966e-17,6,"[0.0, 0.0, 0.0]","{""1,0"": 0.0, ""2,0"": 0.0, ""2,1"": 0.0}",,,,,True,,True,
sensitivity,constant_bias,"{""alpha_mag"": 0.5}",0.05,100.0,0.5,5.0,1024,43,SECOND,0.0,1.1181019216606914e-16,6,"[0.0, 0.0, 0.0]","{""1,0"": 0.0, ""2,0"": 0.0, ""2,1"": 0.0}",,,,,True,,True,
sensitivity,constant_bias,"{""alpha_mag"": 0.5}",0.05,100.0,0.5,5.0,1024,44,SECOND,0.0,6.597721168632359e-17,6,"[0.0, 0.0, 0.0]","{""1,0"": 0.0, ""2,0"": 0.0, ""2,1"": 0.0}",,,,,True,,True,
sensitivity,constant_bias,"{""alpha_mag"": 0.5}",0.05,100.0,1.0,1.0,1024,42,SECOND,0.0,3.386657224237026e-17,6,"[0.0, 0.0, 0.0]","{""1,0"": 0.0, ""2,0"": 0.0, ""2,1"": 0.0}",,,,,True,,True,
sensitivity,constant_bias,"{""alpha_mag"": 0.5}",0.05,100.0,1.0,1.0,1024,43,SECOND,0.0,3.315247326120435e-17,6,"[0.0, 0.0, 0.0]","{""1,0"": 0.0, ""2,0"": 0.0, ""2,1"": 0.0}",,,,,True,,True,
sensitivity,constant_bias,"{""alpha_mag"": 0.5}",0.05,100.0,1.0,1.0,1024,44,SECOND,0.0,3.746968875657383e-17,6,"[0.0, 0.0, 0.0]","{""1,0"": 0.0, ""2,0"": 0.0, ""2,1"": 0.0}",,,,,True,,True,
sensitivity,constant_bias,"{""alpha_mag"": 0.5}",0.05,100.0,1.0,3.0,1024,42,SECOND,0.0,3.4562079788485076e-17,6,"[0.0, 0.0, 0.0]","{""1,0"": 0.0, ""2,0"": 0.0, ""2,1"": 0.0}",,,,,True,,True,
sensitivity,constant_bias,"{""alpha_mag"": 0.5}",0.05,100.0,1.0,3.0,1024,43,SECOND,0.0,6.487963349758453e-17,6,"[0.0, 0.0, 0.0]","{""1,0"": 0.0, ""2,0"": 0.0, ""2,1"": 0.0}",,,,,True,,True,
sensitivity,constant_bias,"{""alpha_mag"": 0.5}",0.05,100.0,1.0,3.0,1024,44,SECOND,0.0,4.1896052457274834e-17,6,"[0.0, 0.0, 0.0]","{""1,0"": 0.0, ""2,0"": 0.0, ""2,1"": 0.0}",,,,,True,,True,
sensitivity,constant_bias,"{""alpha_mag"": 0.5}",0.05,100.0,1.0,5.0,1024,42,SECOND,0.0,5.559372846308966e-17,6,"[0.0, 0.0, 0.0]","{""1,0"": 0.0, ""2,0"": 0.0, ""2,1"": 0.0}",,,,,True,,True,
sensitivity,constant_bias,"{""alpha_mag"": 0.5}",0.05,100.0,1.0,5.0,1024,43,SECOND,0.0,1.1181019216606914e-16,6,"[0.0, 0.0, 0.0]","{""1,0"": 0.0, ""2,0"": 0.0, ""2,1"": 0.0}",,,,,True,,True,
sensitivity,constant_bias,"{""alpha_mag"": 0.5}",0.05,100.0,1.0,5.0,1024,44,SECOND,0.0,6.597721168632359e-17,6,"[0.0, 0.0, 0.0]","{""1,0"": 0.0, ""2,0"": 0.0, ""2,1"": 0.0}",,,,,True,,True,
sensitivity,constant_bias,"{""alpha_mag"": 0.5}",0.05,200.0,0.25,1.0,1024,42,SECOND,0.0,3.386657224237026e-17,6,"[0.0, 0.0, 0.0]","{""1,0"": 0.0, ""2,0"": 0.0, ""2,1"": 0.0}",,,,,True,,True,
sensitivity,constant_bias,"{""alpha_mag"": 0.5}",0.05,200.0,0.25,1.0,1024,43,SECOND,0.0,3.315247326120435e-17,6,"[0.0, 0.0, 0.0]","{""1,0"": 0.0, ""2,0"": 0.0, ""2,1"": 0.0}",,,,,True,,True,
sensitivity,constant_bias,"{""alpha_mag"": 0.5}",0.05,200.0,0.25,1.0,1024,44,SECOND,0.0,3.746968875657383e-17,6,"[0.0, 0.0, 0.0]","{""1,0"": 0.0, ""2,0"": 0.0, ""2,1"": 0.0}",,,,,True,,True,
sensitivity,constant_bias,"{""alpha_mag"": 0.5}",0.05,200.0,0.25,3.0,1024,42,SECOND,0.0,3.4562079788485076e-17,6,"[0.0, 0.0, 0.0]","{""1,0"": 0.0, ""2,0"": 0.0, ""2,1"": 0.0}",,,,,True,,True,
sensitivity,constant_bias,"{""alpha_mag"": 0.5}",0.05,200.0,0.25,3.0,1024,43,SECOND,0.0,6.487963349758453e-17,6,"[0.0, 0.0, 0.0]","{""1,0"": 0.0, ""2,0"": 0.0, ""2,1"": 0.0}",,,,,True,,True,
sensitivity,constant_bias,"{""alpha_mag"": 0.5}",0.05,200.0,0.25,3.0,1024,44,SECOND,0.0,4.1896052457274834e-17,6,"[0.0, 0.0, 0.0]","{""1,0"": 0.0, ""2,0"": 0.0, ""2,1"": 0.0}",,,,,True,,True,
sensitivity,constant_bias,"{""alpha_mag"": 0.5}",0.05,200.0,0.25,5.0,1024,42,SECOND,0.0,5.559372846308966e-17,6,"[0.0, 0.0, 0.0]","{""1,0"": 0.0, ""2,0"": 0.0, ""2,1"": 0.0}",,,,,True,,True,
sensitivity,constant_bias,"{""alpha_mag"": 0.5}",0.05,200.0,0.25,5.0,1024,43,SECOND,0.0,1.1181019216606914e-16,6,"[0.0, 0.0, 0.0]","{""1,0"": 0.0, ""2,0"": 0.0, ""2,1"": 0.0}",,,,,True,,True,
sensitivity,constant_bias,"{""alpha_mag"": 0.5}",0.05,200.0,0.25,5.0,1024,44,SECOND,0.0,6.597721168632359e-17,6,"[0.0, 0.0, 0.0]","{""1,0"": 0.0, ""2,0"": 0.0, ""2,1"": 0.0}",,,,,True,,True,
sensitivity,constant_bias,"{""alpha_mag"": 0.5}",0.05,200.0,0.5,1.0,1024,42,SECOND,0.0,3.386657224237026e-17,6,"[0.0, 0.0, 0.0]","{""1,0"": 0.0, ""2,0"": 0.0, ""2,1"": 0.0}",,,,,True,,True,
sensitivity,constant_bias,"{""alpha_mag"": 0.5}",0.05,200.0,0.5,1.0,1024,43,SECOND,0.0,3.315247326120435e-17,6,"[0.0, 0.0, 0.0]","{""1,0"": 0.0, ""2,0"": 0.0, ""2,1"": 0.0}",,,,,True,,True,
sensitivity,constant_bias,"{""alpha_mag"": 0.5}",0.05,200.0,0.5,1.0,1024,44,SECOND,0.0,3.746968875657383e-17,6,"[0.0, 0.0, 0.0]","{""1,0"": 0.0, ""2,0"": 0.0, ""2,1"": 0.0}",,,,,True,,True,
sensitivity,constant_bias,"{""alpha_mag"": 0.5}",0.05,200.0,0.5,3.0,1024,42,SECOND,0.0,3.4562079788485076e-17,6,"[0.0, 0.0, 0.0]","{""1,0"": 0.0, ""2,0"": 0.0, ""2,1"": 0.0}",,,,,True,,True,
sensitivity,constant_bias,"{""alpha_mag"": 0.5}",0.05,200.0,0.5,3.0,1024,43,SECOND,0.0,6.487963349758453e-17,6,"[0.0, 0.0, 0.0]","{""1,0"": 0.0, ""2,0"": 0.0, ""2,1"": 0.0}",,,,,True,,True,
sensitivity,constant_bias,"{""alpha_mag"": 0.5}",0.05,200.0,0.5,3.0,1024,44,SECOND,0.0,4.1896052457274834e-17,6,"[0.0, 0.0, 0.0]","{""1,0"": 0.0, ""2,0"": 0.0, ""2,1"": 0.0}",,,,,True,,True,
sensitivity,constant_bias,"{""alpha_mag"": 0.5}",0.05,200.0,0.5,5.0,1024,42,SECOND,0.0,5.559372846308966e-17,6,"[0.0, 0.0, 0.0]","{""1,0"": 0.0, ""2,0"": 0.0, ""2,1"": 0.0}",,,,,True,,True,
sensitivity,constant_bias,"{""alpha_mag"": 0.5}",0.05,200.0,0.5,5.0,1024,43,SECOND,0.0,1.1181019216606914e-16,6,"[0.0, 0.0, 0.0]","{""1,0"": 0.0, ""2,0"": 0.0, ""2,1"": 0.0}",,,,,True,,True,
sensitivity,constant_bias,"{""alpha_mag"": 0.5}",0.05,200.0,0.5,5.0,1024,44,SECOND,0.0,6.597721168632359e-17,6,"[0.0, 0.0, 0.0]","{""1,0"": 0.0, ""2,0"": 0.0, ""2,1"": 0.0}",,,,,True,,True,
sensitivity,constant_bias,"{""alpha_mag"": 0.5}",0.05,200.0,1.0,1.0,1024,42,SECOND,0.0,3.386657224237026e-17,6,"[0.0, 0.0, 0.0]","{""1,0"": 0.0, ""2,0"": 0.0, ""2,1"": 0.0}",,,,,True,,True,
sensitivity,constant_bias,"{""alpha_mag"": 0.5}",0.05,200.0,1.0,1.0,1024,43,SECOND,0.0,3.315247326120435e-17,6,"[0.0, 0.0, 0.0]","{""1,0"": 0.0, ""2,0"": 0.0, ""2,1"": 0.0}",,,,,True,,True,
sensitivity,constant_bias,"{""alpha_mag"": 0.5}",0.05,200.0,1.0,1.0,1024,44,SECOND,0.0,3.746968875657383e-17,6,"[0.0, 0.0, 0.0]","{""1,0"": 0.0, ""2,0"": 0.0, ""2,1"": 0.0}",,,,,True,,True,
sensitivity,constant_bias,"{""alpha_mag"": 0.5}",0.05,200.0,1.0,3.0,1024,42,SECOND,0.0,3.4562079788485076e-17,6,"[0.0, 0.0, 0.0]","{""1,0"": 0.0, ""2,0"": 0.0, ""2,1"": 0.0}",,,,,True,,True,
sensitivity,constant_bias,"{""alpha_mag"": 0.5}",0.05,200.0,1.0,3.0,1024,43,SECOND,0.0,6.487963349758453e-17,6,"[0.0, 0.0, 0.0]","{""1,0"": 0.0, ""2,0"": 0.0, ""2,1"": 0.0}",,,,,True,,True,
sensitivity,constant_bias,"{""alpha_mag"": 0.5}",0.05,200.0,1.0,3.0,1024,44,SECOND,0.0,4.1896052457274834e-17,6,"[0.0, 0.0, 0.0]","{""1,0"": 0.0, ""2,0"": 0.0, ""2,1"": 0.0}",,,,,True,,True,
sensitivity,constant_bias,"{""alpha_mag"": 0.5}",0.05,200.0,1.0,5.0,1024,42,SECOND,0.0,5.559372846308966e-17,6,"[0.0, 0.0, 0.0]","{""1,0"": 0.0, ""2,0"": 0.0, ""2,1"": 0.0}",,,,,True,,True,
sensitivity,constant_bias,"{""alpha_mag"": 0.5}",0.05,200.0,1.0,5.0,1024,43,SECOND,0.0,1.1181019216606914e-16,6,"[0.0, 0.0, 0.0]","{""1,0"": 0.0, ""2,0"": 0.0, ""2,1"": 0.0}",,,,,True,,True,
sensitivity,constant_bias,"{""alpha_mag"": 0.5}",0.05,200.0,1.0,5.0,1024,44,SECOND,0.0,6.597721168632359e-17,6,"[0.0, 0.0, 0.0]","{""1,0"": 0.0, ""2,0"": 0.0, ""2,1"": 0.0}",,,,,True,,True,
sensitivity,constant_bias,"{""alpha_mag"": 0.5}",0.05,500.0,0.25,1.0,1024,42,SECOND,0.0,3.386657224237026e-17,6,"[0.0, 0.0, 0.0]","{""1,0"": 0.0, ""2,0"": 0.0, ""2,1"": 0.0}",,,,,True,,True,
sensitivity,constant_bias,"{""alpha_mag"": 0.5}",0.05,500.0,0.25,1.0,1024,43,SECOND,0.0,3.315247326120435e-17,6,"[0.0, 0.0, 0.0]","{""1,0"": 0.0, ""2,0"": 0.0, ""2,1"": 0.0}",,,,,True,,True,
sensitivity,constant_bias,"{""alpha_mag"": 0.5}",0.05,500.0,0.25,1.0,1024,44,SECOND,0.0,3.746968875657383e-17,6,"[0.0, 0.0, 0.0]","{""1,0"": 0.0, ""2,0"": 0.0, ""2,1"": 0.0}",,,,,True,,True,
sensitivity,constant_bias,"{""alpha_mag"": 0.5}",0.05,500.0,0.25,3.0,1024,42,SECOND,0.0,3.4562079788485076e-17,6,"[0.0, 0.0, 0.0]","{""1,0"": 0.0, ""2,0"": 0.0, ""2,1"": 0.0}",,,,,True,,True,
sensitivity,constant_bias,"{""alpha_mag"": 0.5}",0.05,500.0,0.25,3.0,1024,43,SECOND,0.0,6.487963349758453e-17,6,"[0.0, 0.0, 0.0]","{""1,0"": 0.0, ""2,0"": 0.0, ""2,1"": 0.0}",,,,,True,,True,
sensitivity,constant_bias,"{""alpha_mag"": 0.5}",0.05,500.0,0.25,3.0,1024,44,SECOND,0.0,4.1896052457274834e-17,6,"[0.0, 0.0, 0.0]","{""1,0"": 0.0, ""2,0"": 0.0, ""2,1"": 0.0}",,,,,True,,True,
sensitivity,constant_bias,"{""alpha_mag"": 0.5}",0.05,500.0,0.25,5.0,1024,42,SECOND,0.0,5.559372846308966e-17,6,"[0.0, 0.0, 0.0]","{""1,0"": 0.0, ""2,0"": 0.0, ""2,1"": 0.0}",,,,,True,,True,
sensitivity,constant_bias,"{""alpha_mag"": 0.5}",0.05,500.0,0.25,5.0,1024,43,SECOND,0.0,1.1181019216606914e-16,6,"[0.0, 0.0, 0.0]","{""1,0"": 0.0, ""2,0"": 0.0, ""2,1"": 0.0}",,,,,True,,True,
sensitivity,constant_bias,"{""alpha_mag"": 0.5}",0.05,500.0,0.25,5.0,1024,44,SECOND,0.0,6.597721168632359e-17,6,"[0.0, 0.0, 0.0]","{""1,0"": 0.0, ""2,0"": 0.0, ""2,1"": 0.0}",,,,,True,,True,
sensitivity,constant_bias,"{""alpha_mag"": 0.5}",0.05,500.0,0.5,1.0,1024,42,SECOND,0.0,3.386657224237026e-17,6,"[0.0, 0.0, 0.0]","{""1,0"": 0.0, ""2,0"": 0.0, ""2,1"": 0.0}",,,,,True,,True,
sensitivity,constant_bias,"{""alpha_mag"": 0.5}",0.05,500.0,0.5,1.0,1024,43,SECOND,0.0,3.315247326120435e-17,6,"[0.0, 0.0, 0.0]","{""1,0"": 0.0, ""2,0"": 0.0, ""2,1"": 0.0}",,,,,True,,True,
sensitivity,constant_bias,"{""alpha_mag"": 0.5}",0.05,500.0,0.5,1.0,1024,44,SECOND,0.0,3.746968875657383e-17,6,"[0.0, 0.0, 0.0]","{""1,0"": 0.0, ""2,0"": 0.0, ""2,1"": 0.0}",,,,,True,,True,
sensitivity,constant_bias,"{""alpha_mag"": 0.5}",0.05,500.0,0.5,3.0,1024,42,SECOND,0.0,3.4562079788485076e-17,6,"[0.0, 0.0, 0.0]","{""1,0"": 0.0, ""2,0"": 0.0, ""2,1"": 0.0}",,,,,True,,True,
sensitivity,constant_bias,"{""alpha_mag"": 0.5}",0.05,500.0,0.5,3.0,1024,43,SECOND,0.0,6.487963349758453e-17,6,"[0.0, 0.0, 0.0]","{""1,0"": 0.0, ""2,0"": 0.0, ""2,1"": 0.0}",,,,,True,,True,
sensitivity,constant_bias,"{""alpha_mag"": 0.5}",0.05,500.0,0.5,3.0,1024,44,SECOND,0.0,4.1896052457274834e-17,6,"[0.0, 0.0, 0.0]","{""1,0"": 0.0, ""2,0"": 0.0, ""2,1"": 0.0}",,,,,True,,True,
sensitivity,constant_bias,"{""alpha_mag"": 0.5}",0.05,500.0,0.5,5.0,1024,42,SECOND,0.0,5.559372846308966e-17,6,"[0.0, 0.0, 0.0]","{""1,0"": 0.0, ""2,0"": 0.0, ""2,1"": 0.0}",,,,,True,,True,
sensitivity,constant_bias,"{""alpha_mag"": 0.5}",0.05,500.0,0.5,5.0,1024,43,SECOND,0.0,1.1181019216606914e-16,6,"[0.0, 0.0, 0.0]","{""1,0"": 0.0, ""2,0"": 0.0, ""2,1"": 0.0}",,,,,True,,True,
sensitivity,constant_bias,"{""alpha_mag"": 0.5}",0.05,500.0,0.5,5.0,1024,44,SECOND,0.0,6.597721168632359e-17,6,"[0.0, 0.0, 0.0]","{""1,0"": 0.0, ""2,0"": 0.0, ""2,1"": 0.0}",,,,,True,,True,
sensitivity,constant_bias,"{""alpha_mag"": 0.5}",0.05,500.0,1.0,1.0,1024,42,SECOND,0.0,3.386657224237026e-17,6,"[0.0, 0.0, 0.0]","{""1,0"": 0.0, ""2,0"": 0.0, ""2,1"": 0.0}",,,,,True,,True,
sensitivity,constant_bias,"{""alpha_mag"": 0.5}",0.05,500.0,1.0,1.0,1024,43,SECOND,0.0,3.315247326120435e-17,6,"[0.0, 0.0, 0.0]","{""1,0"": 0.0, ""2,0"": 0.0, ""2,1"": 0.0}",,,,,True,,True,
sensitivity,constant_bias,"{""alpha_mag"": 0.5}",0.05,500.0,1.0,1.0,1024,44,SECOND,0.0,3.746968875657383e-17,6,"[0.0, 0.0, 0.0]","{""1,0"": 0.0, ""2,0"": 0.0, ""2,1"": 0.0}",,,,,True,,True,
sensitivity,constant_bias,"{""alpha_mag"": 0.5}",0.05,500.0,1.0,3.0,1024,42,SECOND,0.0,3.4562079788485076e-17,6,"[0.0, 0.0, 0.0]","{""1,0"": 0.0, ""2,0"": 0.0, ""2,1"": 0.0}",,,,,True,,True,
sensitivity,constant_bias,"{""alpha_mag"": 0.5}",0.05,500.0,1.0,3.0,1024,43,SECOND,0.0,6.487963349758453e-17,6,"[0.0, 0.0, 0.0]","{""1,0"": 0.0, ""2,0"": 0.0, ""2,1"": 0.0}",,,,,True,,True,
sensitivity,constant_bias,"{""alpha_mag"": 0.5}",0.05,500.0,1.0,3.0,1024,44,SECOND,0.0,4.1896052457274834e-17,6,"[0.0, 0.0, 0.0]","{""1,0"": 0.0, ""2,0"": 0.0, ""2,1"": 0.0}",,,,,True,,True,
sensitivity,constant_bias,"{""alpha_mag"": 0.5}",0.05,500.0,1.0,5.0,1024,42,SECOND,0.0,5.559372846308966e-17,6,"[0.0, 0.0, 0.0]","{""1,0"": 0.0, ""2,0"": 0.0, ""2,1"": 0.0}",,,,,True,,True,
sensitivity,constant_bias,"{""alpha_mag"": 0.5}",0.05,500.0,1.0,5.0,1024,43,SECOND,0.0,1.1181019216606914e-16,6,"[0.0, 0.0, 0.0]","{""1,0"": 0.0, ""2,0"": 0.0, ""2,1"": 0.0}",,,,,True,,True,
sensitivity,constant_bias,"{""alpha_mag"": 0.5}",0.05,500.0,1.0,5.0,1024,44,SECOND,0.0,6.597721168632359e-17,6,"[0.0, 0.0, 0.0]","{""1,0"": 0.0, ""2,0"": 0.0, ""2,1"": 0.0}",,,,,True,,True,
sensitivity,constant_bias,"{""alpha_mag"": 0.5}",0.1,100.0,0.25,1.0,1024,42,SECOND,0.0,3.386657224237026e-17,6,"[0.0, 0.0, 0.0]","{""1,0"": 0.0, ""2,0"": 0.0, ""2,1"": 0.0}",,,,,True,,True,
sensitivity,constant_bias,"{""alpha_mag"": 0.5}",0.1,100.0,0.25,1.0,1024,43,SECOND,0.0,3.315247326120435e-17,6,"[0.0, 0.0, 0.0]","{""1,0"": 0.0, ""2,0"": 0.0, ""2,1"": 0.0}",,,,,True,,True,
sensitivity,constant_bias,"{""alpha_mag"": 0.5}",0.1,100.0,0.25,1.0,1024,44,SECOND,0.0,3.746968875657383e-17,6,"[0.0, 0.0, 0.0]","{""1,0"": 0.0, ""2,0"": 0.0, ""2,1"": 0.0}",,,,,True,,True,
sensitivity,constant_bias,"{""alpha_mag"": 0.5}",0.1,100.0,0.25,3.0,1024,42,SECOND,0.0,3.4562079788485076e-17,6,"[0.0, 0.0, 0.0]","{""1,0"": 0.0, ""2,0"": 0.0, ""2,1"": 0.0}",,,,,True,,True,
sensitivity,constant_bias,"{""alpha_mag"": 0.5}",0.1,100.0,0.25,3.0,1024,43,SECOND,0.0,6.487963349758453e-17,6,"[0.0, 0.0, 0.0]","{""1,0"": 0.0, ""2,0"": 0.0, ""2,1"": 0.0}",,,,,True,,True,
sensitivity,constant_bias,"{""alpha_mag"": 0.5}",0.1,100.0,0.25,3.0,1024,44,SECOND,0.0,4.1896052457274834e-17,6,"[0.0, 0.0, 0.0]","{""1,0"": 0.0, ""2,0"": 0.0, ""2,1"": 0.0}",,,,,True,,True,
sensitivity,constant_bias,"{""alpha_mag"": 0.5}",0.1,100.0,0.25,5.0,1024,42,SECOND,0.0,5.559372846308966e-17,6,"[0.0, 0.0, 0.0]","{""1,0"": 0.0, ""2,0"": 0.0, ""2,1"": 0.0}",,,,,True,,True,
sensitivity,constant_bias,"{""alpha_mag"": 0.5}",0.1,100.0,0.25,5.0,1024,43,SECOND,0.0,1.1181019216606914e-16,6,"[0.0, 0.0, 0.0]","{""1,0"": 0.0, ""2,0"": 0.0, ""2,1"": 0.0}",,,,,True,,True,
sensitivity,constant_bias,"{""alpha_mag"": 0.5}",0.1,100.0,0.25,5.0,1024,44,SECOND,0.0,6.597721168632359e-17,6,"[0.0, 0.0, 0.0]","{""1,0"": 0.0, ""2,0"": 0.0, ""2,1"": 0.0}",,,,,True,,True,
sensitivity,constant_bias,"{""alpha_mag"": 0.5}",0.1,100.0,0.5,1.0,1024,42,SECOND,0.0,3.386657224237026e-17,6,"[0.0, 0.0, 0.0]","{""1,0"": 0.0, ""2,0"": 0.0, ""2,1"": 0.0}",,,,,True,,True,
sensitivity,constant_bias,"{""alpha_mag"": 0.5}",0.1,100.0,0.5,1.0,1024,43,SECOND,0.0,3.315247326120435e-17,6,"[0.0, 0.0, 0.0]","{""1,0"": 0.0, ""2,0"": 0.0, ""2,1"": 0.0}",,,,,True,,True,
sensitivity,constant_bias,"{""alpha_mag"": 0.5}",0.1,100.0,0.5,1.0,1024,44,SECOND,0.0,3.746968875657383e-17,6,"[0.0, 0.0, 0.0]","{""1,0"": 0.0, ""2,0"": 0.0, ""2,1"": 0.0}",,,,,True,,True,
sensitivity,constant_bias,"{""alpha_mag"": 0.5}",0.1,100.0,0.5,3.0,1024,42,SECOND,0.0,3.4562079788485076e-17,6,"[0.0, 0.0, 0.0]","{""1,0"": 0.0, ""2,0"": 0.0, ""2,1"": 0.0}",,,,,True,,True,
sensitivity,constant_bias,"{""alpha_mag"": 0.5}",0.1,100.0,0.5,3.0,1024,43,SECOND,0.0,6.487963349758453e-17,6,"[0.0, 0.0, 0.0]","{""1,0"": 0.0, ""2,0"": 0.0, ""2,1"": 0.0}",,,,,True,,True,
sensitivity,constant_bias,"{""alpha_mag"": 0.5}",0.1,100.0,0.5,3.0,1024,44,SECOND,0.0,4.1896052457274834e-17,6,"[0.0, 0.0, 0.0]","{""1,0"": 0.0, ""2,0"": 0.0, ""2,1"": 0.0}",,,,,True,,True,
sensitivity,constant_bias,"{""alpha_mag"": 0.5}",0.1,100.0,0.5,5.0,1024,42,SECOND,0.0,5.559372846308966e-17,6,"[0.0, 0.0, 0.0]","{""1,0"": 0.0, ""2,0"": 0.0, ""2,1"": 0.0}",,,,,True,,True,
sensitivity,constant_bias,"{""alpha_mag"": 0.5}",0.1,100.0,0.5,5.0,1024,43,SECOND,0.0,1.1181019216606914e-16,6,"[0.0, 0.0, 0.0]","{""1,0"": 0.0, ""2,0"": 0.0, ""2,1"": 0.0}",,,,,True,,True,
sensitivity,constant_bias,"{""alpha_mag"": 0.5}",0.1,100.0,0.5,5.0,1024,44,SECOND,0.0,6.597721168632359e-17,6,"[0.0, 0.0, 0.0]","{""1,0"": 0.0, ""2,0"": 0.0, ""2,1"": 0.0}",,,,,True,,True,
sensitivity,constant_bias,"{""alpha_mag"": 0.5}",0.1,100.0,1.0,1.0,1024,42,SECOND,0.0,3.386657224237026e-17,6,"[0.0, 0.0, 0.0]","{""1,0"": 0.0, ""2,0"": 0.0, ""2,1"": 0.0}",,,,,True,,True,
sensitivity,constant_bias,"{""alpha_mag"": 0.5}",0.1,100.0,1.0,1.0,1024,43,SECOND,0.0,3.315247326120435e-17,6,"[0.0, 0.0, 0.0]","{""1,0"": 0.0, ""2,0"": 0.0, ""2,1"": 0.0}",,,,,True,,True,
sensitivity,constant_bias,"{""alpha_mag"": 0.5}",0.1,100.0,1.0,1.0,1024,44,SECOND,0.0,3.746968875657383e-17,6,"[0.0, 0.0, 0.0]","{""1,0"": 0.0, ""2,0"": 0.0, ""2,1"": 0.0}",,,,,True,,True,
sensitivity,constant_bias,"{""alpha_mag"": 0.5}",0.1,100.0,1.0,3.0,1024,42,SECOND,0.0,3.4562079788485076e-17,6,"[0.0, 0.0, 0.0]","{""1,0"": 0.0, ""2,0"": 0.0, ""2,1"": 0.0}",,,,,True,,True,
sensitivity,constant_bias,"{""alpha_mag"": 0.5}",0.1,100.0,1.0,3.0,1024,43,SECOND,0.0,6.487963349758453e-17,6,"[0.0, 0.0, 0.0]","{""1,0"": 0.0, ""2,0"": 0.0, ""2,1"": 0.0}",,,,,True,,True,
sensitivity,constant_bias,"{""alpha_mag"": 0.5}",0.1,100.0,1.0,3.0,1024,44,SECOND,0.0,4.1896052457274834e-17,6,"[0.0, 0.0, 0.0]","{""1,0"": 0.0, ""2,0"": 0.0, ""2,1"": 0.0}",,,,,True,,True,
sensitivity,constant_bias,"{""alpha_mag"": 0.5}",0.1,100.0,1.0,5.0,1024,42,SECOND,0.0,5.559372846308966e-17,6,"[0.0, 0.0, 0.0]","{""1,0"": 0.0, ""2,0"": 0.0, ""2,1"": 0.0}",,,,,True,,True,
sensitivity,constant_bias,"{""alpha_mag"": 0.5}",0.1,100.0,1.0,5.0,1024,43,SECOND,0.0,1.1181019216606914e-16,6,"[0.0, 0.0, 0.0]","{""1,0"": 0.0, ""2,0"": 0.0, ""2,1"": 0.0}",,,,,True,,True,
sensitivity,constant_bias,"{""alpha_mag"": 0.5}",0.1,100.0,1.0,5.0,1024,44,SECOND,0.0,6.597721168632359e-17,6,"[0.0, 0.0, 0.0]","{""1,0"": 0.0, ""2,0"": 0.0, ""2,1"": 0.0}",,,,,True,,True,
sensitivity,constant_bias,"{""alpha_mag"": 0.5}",0.1,200.0,0.25,1.0,1024,42,SECOND,0.0,3.386657224237026e-17,6,"[0.0, 0.0, 0.0]","{""1,0"": 0.0, ""2,0"": 0.0, ""2,1"": 0.0}",,,,,True,,True,
sensitivity,constant_bias,"{""alpha_mag"": 0.5}",0.1,200.0,0.25,1.0,1024,43,SECOND,0.0,3.315247326120435e-17,6,"[0.0, 0.0, 0.0]","{""1,0"": 0.0, ""2,0"": 0.0, ""2,1"": 0.0}",,,,,True,,True,
sensitivity,constant_bias,"{""alpha_mag"": 0.5}",0.1,200.0,0.25,1.0,1024,44,SECOND,0.0,3.746968875657383e-17,6,"[0.0, 0.0, 0.0]","{""1,0"": 0.0, ""2,0"": 0.0, ""2,1"": 0.0}",,,,,True,,True,
sensitivity,constant_bias,"{""alpha_mag"": 0.5}",0.1,200.0,0.25,3.0,1024,42,SECOND,0.0,3.4562079788485076e-17,6,"[0.0, 0.0, 0.0]","{""1,0"": 0.0, ""2,0"": 0.0, ""2,1"": 0.0}",,,,,True,,True,
sensitivity,constant_bias,"{""alpha_mag"": 0.5}",0.1,200.0,0.25,3.0,1024,43,SECOND,0.0,6.487963349758453e-17,6,"[0.0, 0.0, 0.0]","{""1,0"": 0.0, ""2,0"": 0.0, ""2,1"": 0.0}",,,,,True,,True,
sensitivity,constant_bias,"{""alpha_mag"": 0.5}",0.1,200.0,0.25,3.0,1024,44,SECOND,0.0,4.1896052457274834e-17,6,"[0.0, 0.0, 0.0]","{""1,0"": 0.0, ""2,0"": 0.0, ""2,1"": 0.0}",,,,,True,,True,
sensitivity,constant_bias,"{""alpha_mag"": 0.5}",0.1,200.0,0.25,5.0,1024,42,SECOND,0.0,5.559372846308966e-17,6,"[0.0, 0.0, 0.0]","{""1,0"": 0.0, ""2,0"": 0.0, ""2,1"": 0.0}",,,,,True,,True,
sensitivity,constant_bias,"{""alpha_mag"": 0.5}",0.1,200.0,0.25,5.0,1024,43,SECOND,0.0,1.1181019216606914e-16,6,"[0.0, 0.0, 0.0]","{""1,0"": 0.0, ""2,0"": 0.0, ""2,1"": 0.0}",,,,,True,,True,
sensitivity,constant_bias,"{""alpha_mag"": 0.5}",0.1,200.0,0.25,5.0,1024,44,SECOND,0.0,6.597721168632359e-17,6,"[0.0, 0.0, 0.0]","{""1,0"": 0.0, ""2,0"": 0.0, ""2,1"": 0.0}",,,,,True,,True,
sensitivity,constant_bias,"{""alpha_mag"": 0.5}",0.1,200.0,0.5,1.0,1024,42,SECOND,0.0,3.386657224237026e-17,6,"[0.0, 0.0, 0.0]","{""1,0"": 0.0, ""2,0"": 0.0, ""2,1"": 0.0}",,,,,True,,True,
sensitivity,constant_bias,"{""alpha_mag"": 0.5}",0.1,200.0,0.5,1.0,1024,43,SECOND,0.0,3.315247326120435e-17,6,"[0.0, 0.0, 0.0]","{""1,0"": 0.0, ""2,0"": 0.0, ""2,1"": 0.0}",,,,,True,,True,
sensitivity,constant_bias,"{""alpha_mag"": 0.5}",0.1,200.0,0.5,1.0,1024,44,SECOND,0.0,3.746968875657383e-17,6,"[0.0, 0.0, 0.0]","{""1,0"": 0.0, ""2,0"": 0.0, ""2,1"": 0.0}",,,,,True,,True,
sensitivity,constant_bias,"{""alpha_mag"": 0.5}",0.1,200.0,0.5,3.0,1024,42,SECOND,0.0,3.4562079788485076e-17,6,"[0.0, 0.0, 0.0]","{""1,0"": 0.0, ""2,0"": 0.0, ""2,1"": 0.0}",,,,,True,,True,
sensitivity,constant_bias,"{""alpha_mag"": 0.5}",0.1,200.0,0.5,3.0,1024,43,SECOND,0.0,6.487963349758453e-17,6,"[0.0, 0.0, 0.0]","{""1,0"": 0.0, ""2,0"": 0.0, ""2,1"": 0.0}",,,,,True,,True,
sensitivity,constant_bias,"{""alpha_mag"": 0.5}",0.1,200.0,0.5,3.0,1024,44,SECOND,0.0,4.1896052457274834e-17,6,"[0.0, 0.0, 0.0]","{""1,0"": 0.0, ""2,0"": 0.0, ""2,1"": 0.0}",,,,,True,,True,
sensitivity,constant_bias,"{""alpha_mag"": 0.5}",0.1,200.0,0.5,5.0,1024,42,SECOND,0.0,5.559372846308966e-17,6,"[0.0, 0.0, 0.0]","{""1,0"": 0.0, ""2,0"": 0.0, ""2,1"": 0.0}",,,,,True,,True,
sensitivity,constant_bias,"{""alpha_mag"": 0.5}",0.1,200.0,0.5,5.0,1024,43,SECOND,0.0,1.1181019216606914e-16,6,"[0.0, 0.0, 0.0]","{""1,0"": 0.0, ""2,0"": 0.0, ""2,1"": 0.0}",,,,,True,,True,
sensitivity,constant_bias,"{""alpha_mag"": 0.5}",0.1,200.0,0.5,5.0,1024,44,SECOND,0.0,6.597721168632359e-17,6,"[0.0, 0.0, 0.0]","{""1,0"": 0.0, ""2,0"": 0.0, ""2,1"": 0.0}",,,,,True,,True,
sensitivity,constant_bias,"{""alpha_mag"": 0.5}",0.1,200.0,1.0,1.0,1024,42,SECOND,0.0,3.386657224237026e-17,6,"[0.0, 0.0, 0.0]","{""1,0"": 0.0, ""2,0"": 0.0, ""2,1"": 0.0}",,,,,True,,True,
sensitivity,constant_bias,"{""alpha_mag"": 0.5}",0.1,200.0,1.0,1.0,1024,43,SECOND,0.0,3.315247326120435e-17,6,"[0.0, 0.0, 0.0]","{""1,0"": 0.0, ""2,0"": 0.0, ""2,1"": 0.0}",,,,,True,,True,
sensitivity,constant_bias,"{""alpha_mag"": 0.5}",0.1,200.0,1.0,1.0,1024,44,SECOND,0.0,3.746968875657383e-17,6,"[0.0, 0.0, 0.0]","{""1,0"": 0.0, ""2,0"": 0.0, ""2,1"": 0.0}",,,,,True,,True,
sensitivity,constant_bias,"{""alpha_mag"": 0.5}",0.1,200.0,1.0,3.0,1024,42,SECOND,0.0,3.4562079788485076e-17,6,"[0.0, 0.0, 0.0]","{""1,0"": 0.0, ""2,0"": 0.0, ""2,1"": 0.0}",,,,,True,,True,
sensitivity,constant_bias,"{""alpha_mag"": 0.5}",0.1,200.0,1.0,3.0,1024,43,SECOND,0.0,6.487963349758453e-17,6,"[0.0, 0.0, 0.0]","{""1,0"": 0.0, ""2,0"": 0.0, ""2,1"": 0.0}",,,,,True,,True,
sensitivity,constant_bias,"{""alpha_mag"": 0.5}",0.1,200.0,1.0,3.0,1024,44,SECOND,0.0,4.1896052457274834e-17,6,"[0.0, 0.0, 0.0]","{""1,0"": 0.0, ""2,0"": 0.0, ""2,1"": 0.0}",,,,,True,,True,
sensitivity,constant_bias,"{""alpha_mag"": 0.5}",0.1,200.0,1.0,5.0,1024,42,SECOND,0.0,5.559372846308966e-17,6,"[0.0, 0.0, 0.0]","{""1,0"": 0.0, ""2,0"": 0.0, ""2,1"": 0.0}",,,,,True,,True,
sensitivity,constant_bias,"{""alpha_mag"": 0.5}",0.1,200.0,1.0,5.0,1024,43,SECOND,0.0,1.1181019216606914e-16,6,"[0.0, 0.0, 0.0]","{""1,0"": 0.0, ""2,0"": 0.0, ""2,1"": 0.0}",,,,,True,,True,
sensitivity,constant_bias,"{""alpha_mag"": 0.5}",0.1,200.0,1.0,5.0,1024,44,SECOND,0.0,6.597721168632359e-17,6,"[0.0, 0.0, 0.0]","{""1,0"": 0.0, ""2,0"": 0.0, ""2,1"": 0.0}",,,,,True,,True,
sensitivity,constant_bias,"{""alpha_mag"": 0.5}",0.1,500.0,0.25,1.0,1024,42,SECOND,0.0,3.386657224237026e-17,6,"[0.0, 0.0, 0.0]","{""1,0"": 0.0, ""2,0"": 0.0, ""2,1"": 0.0}",,,,,True,,True,
sensitivity,constant_bias,"{""alpha_mag"": 0.5}",0.1,500.0,0.25,1.0,1024,43,SECOND,0.0,3.315247326120435e-17,6,"[0.0, 0.0, 0.0]","{""1,0"": 0.0, ""2,0"": 0.0, ""2,1"": 0.0}",,,,,True,,True,
sensitivity,constant_bias,"{""alpha_mag"": 0.5}",0.1,500.0,0.25,1.0,1024,44,SECOND,0.0,3.746968875657383e-17,6,"[0.0, 0.0, 0.0]","{""1,0"": 0.0, ""2,0"": 0.0, ""2,1"": 0.0}",,,,,True,,True,
sensitivity,constant_bias,"{""alpha_mag"": 0.5}",0.1,500.0,0.25,3.0,1024,42,SECOND,0.0,3.4562079788485076e-17,6,"[0.0, 0.0, 0.0]","{""1,0"": 0.0, ""2,0"": 0.0, ""2,1"": 0.0}",,,,,True,,True,
sensitivity,constant_bias,"{""alpha_mag"": 0.5}",0.1,500.0,0.25,3.0,1024,43,SECOND,0.0,6.487963349758453e-17,6,"[0.0, 0.0, 0.0]","{""1,0"": 0.0, ""2,0"": 0.0, ""2,1"": 0.0}",,,,,True,,True,
sensitivity,constant_bias,"{""alpha_mag"": 0.5}",0.1,500.0,0.25,3.0,1024,44,SECOND,0.0,4.1896052457274834e-17,6,"[0.0, 0.0, 0.0]","{""1,0"": 0.0, ""2,0"": 0.0, ""2,1"": 0.0}",,,,,True,,True,
sensitivity,constant_bias,"{""alpha_mag"": 0.5}",0.1,500.0,0.25,5.0,1024,42,SECOND,0.0,5.559372846308966e-17,6,"[0.0, 0.0, 0.0]","{""1,0"": 0.0, ""2,0"": 0.0, ""2,1"": 0.0}",,,,,True,,True,
sensitivity,constant_bias,"{""alpha_mag"": 0.5}",0.1,500.0,0.25,5.0,1024,43,SECOND,0.0,1.1181019216606914e-16,6,"[0.0, 0.0, 0.0]","{""1,0"": 0.0, ""2,0"": 0.0, ""2,1"": 0.0}",,,,,True,,True,
sensitivity,constant_bias,"{""alpha_mag"": 0.5}",0.1,500.0,0.25,5.0,1024,44,SECOND,0.0,6.597721168632359e-17,6,"[0.0, 0.0, 0.0]","{""1,0"": 0.0, ""2,0"": 0.0, ""2,1"": 0.0}",,,,,True,,True,
sensitivity,constant_bias,"{""alpha_mag"": 0.5}",0.1,500.0,0.5,1.0,1024,42,SECOND,0.0,3.386657224237026e-17,6,"[0.0, 0.0, 0.0]","{""1,0"": 0.0, ""2,0"": 0.0, ""2,1"": 0.0}",,,,,True,,True,
sensitivity,constant_bias,"{""alpha_mag"": 0.5}",0.1,500.0,0.5,1.0,1024,43,SECOND,0.0,3.315247326120435e-17,6,"[0.0, 0.0, 0.0]","{""1,0"": 0.0, ""2,0"": 0.0, ""2,1"": 0.0}",,,,,True,,True,
sensitivity,constant_bias,"{""alpha_mag"": 0.5}",0.1,500.0,0.5,1.0,1024,44,SECOND,0.0,3.746968875657383e-17,6,"[0.0, 0.0, 0.0]","{""1,0"": 0.0, ""2,0"": 0.0, ""2,1"": 0.0}",,,,,True,,True,
sensitivity,constant_bias,"{""alpha_mag"": 0.5}",0.1,500.0,0.5,3.0,1024,42,SECOND,0.0,3.4562079788485076e-17,6,"[0.0, 0.0, 0.0]","{""1,0"": 0.0, ""2,0"": 0.0, ""2,1"": 0.0}",,,,,True,,True,
sensitivity,constant_bias,"{""alpha_mag"": 0.5}",0.1,500.0,0.5,3.0,1024,43,SECOND,0.0,6.487963349758453e-17,6,"[0.0, 0.0, 0.0]","{""1,0"": 0.0, ""2,0"": 0.0, ""2,1"": 0.0}",,,,,True,,True,
sensitivity,constant_bias,"{""alpha_mag"": 0.5}",0.1,500.0,0.5,3.0,1024,44,SECOND,0.0,4.1896052457274834e-17,6,"[0.0, 0.0, 0.0]","{""1,0"": 0.0, ""2,0"": 0.0, ""2,1"": 0.0}",,,,,True,,True,
sensitivity,constant_bias,"{""alpha_mag"": 0.5}",0.1,500.0,0.5,5.0,1024,42,SECOND,0.0,5.559372846308966e-17,6,"[0.0, 0.0, 0.0]","{""1,0"": 0.0, ""2,0"": 0.0, ""2,1"": 0.0}",,,,,True,,True,
sensitivity,constant_bias,"{""alpha_mag"": 0.5}",0.1,500.0,0.5,5.0,1024,43,SECOND,0.0,1.1181019216606914e-16,6,"[0.0, 0.0, 0.0]","{""1,0"": 0.0, ""2,0"": 0.0, ""2,1"": 0.0}",,,,,True,,True,
sensitivity,constant_bias,"{""alpha_mag"": 0.5}",0.1,500.0,0.5,5.0,1024,44,SECOND,0.0,6.597721168632359e-17,6,"[0.0, 0.0, 0.0]","{""1,0"": 0.0, ""2,0"": 0.0, ""2,1"": 0.0}",,,,,True,,True,
sensitivity,constant_bias,"{""alpha_mag"": 0.5}",0.1,500.0,1.0,1.0,1024,42,SECOND,0.0,3.386657224237026e-17,6,"[0.0, 0.0, 0.0]","{""1,0"": 0.0, ""2,0"": 0.0, ""2,1"": 0.0}",,,,,True,,True,
sensitivity,constant_bias,"{""alpha_mag"": 0.5}",0.1,500.0,1.0,1.0,1024,43,SECOND,0.0,3.315247326120435e-17,6,"[0.0, 0.0, 0.0]","{""1,0"": 0.0, ""2,0"": 0.0, ""2,1"": 0.0}",,,,,True,,True,
sensitivity,constant_bias,"{""alpha_mag"": 0.5}",0.1,500.0,1.0,1.0,1024,44,SECOND,0.0,3.746968875657383e-17,6,"[0.0, 0.0, 0.0]","{""1,0"": 0.0, ""2,0"": 0.0, ""2,1"": 0.0}",,,,,True,,True,
sensitivity,constant_bias,"{""alpha_mag"": 0.5}",0.1,500.0,1.0,3.0,1024,42,SECOND,0.0,3.4562079788485076e-17,6,"[0.0, 0.0, 0.0]","{""1,0"": 0.0, ""2,0"": 0.0, ""2,1"": 0.0}",,,,,True,,True,
sensitivity,constant_bias,"{""alpha_mag"": 0.5}",0.1,500.0,1.0,3.0,1024,43,SECOND,0.0,6.487963349758453e-17,6,"[0.0, 0.0, 0.0]","{""1,0"": 0.0, ""2,0"": 0.0, ""2,1"": 0.0}",,,,,True,,True,
sensitivity,constant_bias,"{""alpha_mag"": 0.5}",0.1,500.0,1.0,3.0,1024,44,SECOND,0.0,4.1896052457274834e-17,6,"[0.0, 0.0, 0.0]","{""1,0"": 0.0, ""2,0"": 0.0, ""2,1"": 0.0}",,,,,True,,True,
sensitivity,constant_bias,"{""alpha_mag"": 0.5}",0.1,500.0,1.0,5.0,1024,42,SECOND,0.0,5.559372846308966e-17,6,"[0.0, 0.0, 0.0]","{""1,0"": 0.0, ""2,0"": 0.0, ""2,1"": 0.0}",,,,,True,,True,
sensitivity,constant_bias,"{""alpha_mag"": 0.5}",0.1,500.0,1.0,5.0,1024,43,SECOND,0.0,1.1181019216606914e-16,6,"[0.0, 0.0, 0.0]","{""1,0"": 0.0, ""2,0"": 0.0, ""2,1"": 0.0}",,,,,True,,True,
sensitivity,constant_bias,"{""alpha_mag"": 0.5}",0.1,500.0,1.0,5.0,1024,44,SECOND,0.0,6.597721168632359e-17,6,"[0.0, 0.0, 0.0]","{""1,0"": 0.0, ""2,0"": 0.0, ""2,1"": 0.0}",,,,,True,,True,
sensitivity,constant_bias,"{""alpha_mag"": 0.5}",0.2,100.0,0.25,1.0,1024,42,SECOND,0.0,3.386657224237026e-17,6,"[0.0, 0.0, 0.0]","{""1,0"": 0.0, ""2,0"": 0.0, ""2,1"": 0.0}",,,,,True,,True,
sensitivity,constant_bias,"{""alpha_mag"": 0.5}",0.2,100.0,0.25,1.0,1024,43,SECOND,0.0,3.315247326120435e-17,6,"[0.0, 0.0, 0.0]","{""1,0"": 0.0, ""2,0"": 0.0, ""2,1"": 0.0}",,,,,True,,True,
sensitivity,constant_bias,"{""alpha_mag"": 0.5}",0.2,100.0,0.25,1.0,1024,44,SECOND,0.0,3.746968875657383e-17,6,"[0.0, 0.0, 0.0]","{""1,0"": 0.0, ""2,0"": 0.0, ""2,1"": 0.0}",,,,,True,,True,
sensitivity,constant_bias,"{""alpha_mag"": 0.5}",0.2,100.0,0.25,3.0,1024,42,SECOND,0.0,3.4562079788485076e-17,6,"[0.0, 0.0, 0.0]","{""1,0"": 0.0, ""2,0"": 0.0, ""2,1"": 0.0}",,,,,True,,True,
sensitivity,constant_bias,"{""alpha_mag"": 0.5}",0.2,100.0,0.25,3.0,1024,43,SECOND,0.0,6.487963349758453e-17,6,"[0.0, 0.0, 0.0]","{""1,0"": 0.0, ""2,0"": 0.0, ""2,1"": 0.0}",,,,,True,,True,
sensitivity,constant_bias,"{""alpha_mag"": 0.5}",0.2,100.0,0.25,3.0,1024,44,SECOND,0.0,4.1896052457274834e-17,6,"[0.0, 0.0, 0.0]","{""1,0"": 0.0, ""2,0"": 0.0, ""2,1"": 0.0}",,,,,True,,True,
sensitivity,constant_bias,"{""alpha_mag"": 0.5}",0.2,100.0,0.25,5.0,1024,42,SECOND,0.0,5.559372846308966e-17,6,"[0.0, 0.0, 0.0]","{""1,0"": 0.0, ""2,0"": 0.0, ""2,1"": 0.0}",,,,,True,,True,
sensitivity,constant_bias,"{""alpha_mag"": 0.5}",0.2,100.0,0.25,5.0,1024,43,SECOND,0.0,1.1181019216606914e-16,6,"[0.0, 0.0, 0.0]","{""1,0"": 0.0, ""2,0"": 0.0, ""2,1"": 0.0}",,,,,True,,True,
sensitivity,constant_bias,"{""alpha_mag"": 0.5}",0.2,100.0,0.25,5.0,1024,44,SECOND,0.0,6.597721168632359e-17,6,"[0.0, 0.0, 0.0]","{""1,0"": 0.0, ""2,0"": 0.0, ""2,1"": 0.0}",,,,,True,,True,
sensitivity,constant_bias,"{""alpha_mag"": 0.5}",0.2,100.0,0.5,1.0,1024,42,SECOND,0.0,3.386657224237026e-17,6,"[0.0, 0.0, 0.0]","{""1,0"": 0.0, ""2,0"": 0.0, ""2,1"": 0.0}",,,,,True,,True,
sensitivity,constant_bias,"{""alpha_mag"": 0.5}",0.2,100.0,0.5,1.0,1024,43,SECOND,0.0,3.315247326120435e-17,6,"[0.0, 0.0, 0.0]","{""1,0"": 0.0, ""2,0"": 0.0, ""2,1"": 0.0}",,,,,True,,True,
sensitivity,constant_bias,"{""alpha_mag"": 0.5}",0.2,100.0,0.5,1.0,1024,44,SECOND,0.0,3.746968875657383e-17,6,"[0.0, 0.0, 0.0]","{""1,0"": 0.0, ""2,0"": 0.0, ""2,1"": 0.0}",,,,,True,,True,
sensitivity,constant_bias,"{""alpha_mag"": 0.5}",0.2,100.0,0.5,3.0,1024,42,SECOND,0.0,3.4562079788485076e-17,6,"[0.0, 0.0, 0.0]","{""1,0"": 0.0, ""2,0"": 0.0, ""2,1"": 0.0}",,,,,True,,True,
sensitivity,constant_bias,"{""alpha_mag"": 0.5}",0.2,100.0,0.5,3.0,1024,43,SECOND,0.0,6.487963349758453e-17,6,"[0.0, 0.0, 0.0]","{""1,0"": 0.0, ""2,0"": 0.0, ""2,1"": 0.0}",,,,,True,,True,
sensitivity,constant_bias,"{""alpha_mag"": 0.5}",0.2,100.0,0.5,3.0,1024,44,SECOND,0.0,4.1896052457274834e-17,6,"[0.0, 0.0, 0.0]","{""1,0"": 0.0, ""2,0"": 0.0, ""2,1"": 0.0}",,,,,True,,True,
sensitivity,constant_bias,"{""alpha_mag"": 0.5}",0.2,100.0,0.5,5.0,1024,42,SECOND,0.0,5.559372846308966e-17,6,"[0.0, 0.0, 0.0]","{""1,0"": 0.0, ""2,0"": 0.0, ""2,1"": 0.0}",,,,,True,,True,
sensitivity,constant_bias,"{""alpha_mag"": 0.5}",0.2,100.0,0.5,5.0,1024,43,SECOND,0.0,1.1181019216606914e-16,6,"[0.0, 0.0, 0.0]","{""1,0"": 0.0, ""2,0"": 0.0, ""2,1"": 0.0}",,,,,True,,True,
sensitivity,constant_bias,"{""alpha_mag"": 0.5}",0.2,100.0,0.5,5.0,1024,44,SECOND,0.0,6.597721168632359e-17,6,"[0.0, 0.0, 0.0]","{""1,0"": 0.0, ""2,0"": 0.0, ""2,1"": 0.0}",,,,,True,,True,
sensitivity,constant_bias,"{""alpha_mag"": 0.5}",0.2,100.0,1.0,1.0,1024,42,SECOND,0.0,3.386657224237026e-17,6,"[0.0, 0.0, 0.0]","{""1,0"": 0.0, ""2,0"": 0.0, ""2,1"": 0.0}",,,,,True,,True,
sensitivity,constant_bias,"{""alpha_mag"": 0.5}",0.2,100.0,1.0,1.0,1024,43,SECOND,0.0,3.315247326120435e-17,6,"[0.0, 0.0, 0.0]","{""1,0"": 0.0, ""2,0"": 0.0, ""2,1"": 0.0}",,,,,True,,True,
sensitivity,constant_bias,"{""alpha_mag"": 0.5}",0.2,100.0,1.0,1.0,1024,44,SECOND,0.0,3.746968875657383e-17,6,"[0.0, 0.0, 0.0]","{""1,0"": 0.0, ""2,0"": 0.0, ""2,1"": 0.0}",,,,,True,,True,
sensitivity,constant_bias,"{""alpha_mag"": 0.5}",0.2,100.0,1.0,3.0,1024,42,SECOND,0.0,3.4562079788485076e-17,6,"[0.0, 0.0, 0.0]","{""1,0"": 0.0, ""2,0"": 0.0, ""2,1"": 0.0}",,,,,True,,True,
sensitivity,constant_bias,"{""alpha_mag"": 0.5}",0.2,100.0,1.0,3.0,1024,43,SECOND,0.0,6.487963349758453e-17,6,"[0.0, 0.0, 0.0]","{""1,0"": 0.0, ""2,0"": 0.0, ""2,1"": 0.0}",,,,,True,,True,
sensitivity,constant_bias,"{""alpha_mag"": 0.5}",0.2,100.0,1.0,3.0,1024,44,SECOND,0.0,4.1896052457274834e-17,6,"[0.0, 0.0, 0.0]","{""1,0"": 0.0, ""2,0"": 0.0, ""2,1"": 0.0}",,,,,True,,True,
sensitivity,constant_bias,"{""alpha_mag"": 0.5}",0.2,100.0,1.0,5.0,1024,42,SECOND,0.0,5.559372846308966e-17,6,"[0.0, 0.0, 0.0]","{""1,0"": 0.0, ""2,0"": 0.0, ""2,1"": 0.0}",,,,,True,,True,
sensitivity,constant_bias,"{""alpha_mag"": 0.5}",0.2,100.0,1.0,5.0,1024,43,SECOND,0.0,1.1181019216606914e-16,6,"[0.0, 0.0, 0.0]","{""1,0"": 0.0, ""2,0"": 0.0, ""2,1"": 0.0}",,,,,True,,True,
sensitivity,constant_bias,"{""alpha_mag"": 0.5}",0.2,100.0,1.0,5.0,1024,44,SECOND,0.0,6.597721168632359e-17,6,"[0.0, 0.0, 0.0]","{""1,0"": 0.0, ""2,0"": 0.0, ""2,1"": 0.0}",,,,,True,,True,
sensitivity,constant_bias,"{""alpha_mag"": 0.5}",0.2,200.0,0.25,1.0,1024,42,SECOND,0.0,3.386657224237026e-17,6,"[0.0, 0.0, 0.0]","{""1,0"": 0.0, ""2,0"": 0.0, ""2,1"": 0.0}",,,,,True,,True,
sensitivity,constant_bias,"{""alpha_mag"": 0.5}",0.2,200.0,0.25,1.0,1024,43,SECOND,0.0,3.315247326120435e-17,6,"[0.0, 0.0, 0.0]","{""1,0"": 0.0, ""2,0"": 0.0, ""2,1"": 0.0}",,,,,True,,True,
sensitivity,constant_bias,"{""alpha_mag"": 0.5}",0.2,200.0,0.25,1.0,1024,44,SECOND,0.0,3.746968875657383e-17,6,"[0.0, 0.0, 0.0]","{""1,0"": 0.0, ""2,0"": 0.0, ""2,1"": 0.0}",,,,,True,,True,
sensitivity,constant_bias,"{""alpha_mag"": 0.5}",0.2,200.0,0.25,3.0,1024,42,SECOND,0.0,3.4562079788485076e-17,6,"[0.0, 0.0, 0.0]","{""1,0"": 0.0, ""2,0"": 0.0, ""2,1"": 0.0}",,,,,True,,True,
sensitivity,constant_bias,"{""alpha_mag"": 0.5}",0.2,200.0,0.25,3.0,1024,43,SECOND,0.0,6.487963349758453e-17,6,"[0.0, 0.0, 0.0]","{""1,0"": 0.0, ""2,0"": 0.0, ""2,1"": 0.0}",,,,,True,,True,
sensitivity,constant_bias,"{""alpha_mag"": 0.5}",0.2,200.0,0.25,3.0,1024,44,SECOND,0.0,4.1896052457274834e-17,6,"[0.0, 0.0, 0.0]","{""1,0"": 0.0, ""2,0"": 0.0, ""2,1"": 0.0}",,,,,True,,True,
sensitivity,constant_bias,"{""alpha_mag"": 0.5}",0.2,200.0,0.25,5.0,1024,42,SECOND,0.0,5.559372846308966e-17,6,"[0.0, 0.0, 0.0]","{""1,0"": 0.0, ""2,0"": 0.0, ""2,1"": 0.0}",,,,,True,,True,
sensitivity,constant_bias,"{""alpha_mag"": 0.5}",0.2,200.0,0.25,5.0,1024,43,SECOND,0.0,1.1181019216606914e-16,6,"[0.0, 0.0, 0.0]","{""1,0"": 0.0, ""2,0"": 0.0, ""2,1"": 0.0}",,,,,True,,True,
sensitivity,constant_bias,"{""alpha_mag"": 0.5}",0.2,200.0,0.25,5.0,1024,44,SECOND,0.0,6.597721168632359e-17,6,"[0.0, 0.0, 0.0]","{""1,0"": 0.0, ""2,0"": 0.0, ""2,1"": 0.0}",,,,,True,,True,
sensitivity,constant_bias,"{""alpha_mag"": 0.5}",0.2,200.0,0.5,1.0,1024,42,SECOND,0.0,3.386657224237026e-17,6,"[0.0, 0.0, 0.0]","{""1,0"": 0.0, ""2,0"": 0.0, ""2,1"": 0.0}",,,,,True,,True,
sensitivity,constant_bias,"{""alpha_mag"": 0.5}",0.2,200.0,0.5,1.0,1024,43,SECOND,0.0,3.315247326120435e-17,6,"[0.0, 0.0, 0.0]","{""1,0"": 0.0, ""2,0"": 0.0, ""2,1"": 0.0}",,,,,True,,True,
sensitivity,constant_bias,"{""alpha_mag"": 0.5}",0.2,200.0,0.5,1.0,1024,44,SECOND,0.0,3.746968875657383e-17,6,"[0.0, 0.0, 0.0]","{""1,0"": 0.0, ""2,0"": 0.0, ""2,1"": 0.0}",,,,,True,,True,
sensitivity,constant_bias,"{""alpha_mag"": 0.5}",0.2,200.0,0.5,3.0,1024,42,SECOND,0.0,3.4562079788485076e-17,6,"[0.0, 0.0, 0.0]","{""1,0"": 0.0, ""2,0"": 0.0, ""2,1"": 0.0}",,,,,True,,True,
sensitivity,constant_bias,"{""alpha_mag"": 0.5}",0.2,200.0,0.5,3.0,1024,43,SECOND,0.0,6.487963349758453e-17,6,"[0.0, 0.0, 0.0]","{""1,0"": 0.0, ""2,0"": 0.0, ""2,1"": 0.0}",,,,,True,,True,
sensitivity,constant_bias,"{""alpha_mag"": 0.5}",0.2,200.0,0.5,3.0,1024,44,SECOND,0.0,4.1896052457274834e-17,6,"[0.0, 0.0, 0.0]","{""1,0"": 0.0, ""2,0"": 0.0, ""2,1"": 0.0}",,,,,True,,True,
sensitivity,constant_bias,"{""alpha_mag"": 0.5}",0.2,200.0,0.5,5.0,1024,42,SECOND,0.0,5.559372846308966e-17,6,"[0.0, 0.0, 0.0]","{""1,0"": 0.0, ""2,0"": 0.0, ""2,1"": 0.0}",,,,,True,,True,
sensitivity,constant_bias,"{""alpha_mag"": 0.5}",0.2,200.0,0.5,5.0,1024,43,SECOND,0.0,1.1181019216606914e-16,6,"[0.0, 0.0, 0.0]","{""1,0"": 0.0, ""2,0"": 0.0, ""2,1"": 0.0}",,,,,True,,True,
sensitivity,constant_bias,"{""alpha_mag"": 0.5}",0.2,200.0,0.5,5.0,1024,44,SECOND,0.0,6.597721168632359e-17,6,"[0.0, 0.0, 0.0]","{""1,0"": 0.0, ""2,0"": 0.0, ""2,1"": 0.0}",,,,,True,,True,
sensitivity,constant_bias,"{""alpha_mag"": 0.5}",0.2,200.0,1.0,1.0,1024,42,SECOND,0.0,3.386657224237026e-17,6,"[0.0, 0.0, 0.0]","{""1,0"": 0.0, ""2,0"": 0.0, ""2,1"": 0.0}",,,,,True,,True,
sensitivity,constant_bias,"{""alpha_mag"": 0.5}",0.2,200.0,1.0,1.0,1024,43,SECOND,0.0,3.315247326120435e-17,6,"[0.0, 0.0, 0.0]","{""1,0"": 0.0, ""2,0"": 0.0, ""2,1"": 0.0}",,,,,True,,True,
sensitivity,constant_bias,"{""alpha_mag"": 0.5}",0.2,200.0,1.0,1.0,1024,44,SECOND,0.0,3.746968875657383e-17,6,"[0.0, 0.0, 0.0]","{""1,0"": 0.0, ""2,0"": 0.0, ""2,1"": 0.0}",,,,,True,,True,
sensitivity,constant_bias,"{""alpha_mag"": 0.5}",0.2,200.0,1.0,3.0,1024,42,SECOND,0.0,3.4562079788485076e-17,6,"[0.0, 0.0, 0.0]","{""1,0"": 0.0, ""2,0"": 0.0, ""2,1"": 0.0}",,,,,True,,True,
sensitivity,constant_bias,"{""alpha_mag"": 0.5}",0.2,200.0,1.0,3.0,1024,43,SECOND,0.0,6.487963349758453e-17,6,"[0.0, 0.0, 0.0]","{""1,0"": 0.0, ""2,0"": 0.0, ""2,1"": 0.0}",,,,,True,,True,
sensitivity,constant_bias,"{""alpha_mag"": 0.5}",0.2,200.0,1.0,3.0,1024,44,SECOND,0.0,4.1896052457274834e-17,6,"[0.0, 0.0, 0.0]","{""1,0"": 0.0, ""2,0"": 0.0, ""2,1"": 0.0}",,,,,True,,True,
sensitivity,constant_bias,"{""alpha_mag"": 0.5}",0.2,200.0,1.0,5.0,1024,42,SECOND,0.0,5.559372846308966e-17,6,"[0.0, 0.0, 0.0]","{""1,0"": 0.0, ""2,0"": 0.0, ""2,1"": 0.0}",,,,,True,,True,
sensitivity,constant_bias,"{""alpha_mag"": 0.5}",0.2,200.0,1.0,5.0,1024,43,SECOND,0.0,1.1181019216606914e-16,6,"[0.0, 0.0, 0.0]","{""1,0"": 0.0, ""2,0"": 0.0, ""2,1"": 0.0}",,,,,True,,True,
sensitivity,constant_bias,"{""alpha_mag"": 0.5}",0.2,200.0,1.0,5.0,1024,44,SECOND,0.0,6.597721168632359e-17,6,"[0.0, 0.0, 0.0]","{""1,0"": 0.0, ""2,0"": 0.0, ""2,1"": 0.0}",,,,,True,,True,
sensitivity,constant_bias,"{""alpha_mag"": 0.5}",0.2,500.0,0.25,1.0,1024,42,SECOND,0.0,3.386657224237026e-17,6,"[0.0, 0.0, 0.0]","{""1,0"": 0.0, ""2,0"": 0.0, ""2,1"": 0.0}",,,,,True,,True,
sensitivity,constant_bias,"{""alpha_mag"": 0.5}",0.2,500.0,0.25,1.0,1024,43,SECOND,0.0,3.315247326120435e-17,6,"[0.0, 0.0, 0.0]","{""1,0"": 0.0, ""2,0"": 0.0, ""2,1"": 0.0}",,,,,True,,True,
sensitivity,constant_bias,"{""alpha_mag"": 0.5}",0.2,500.0,0.25,1.0,1024,44,SECOND,0.0,3.746968875657383e-17,6,"[0.0, 0.0, 0.0]","{""1,0"": 0.0, ""2,0"": 0.0, ""2,1"": 0.0}",,,,,True,,True,
sensitivity,constant_bias,"{""alpha_mag"": 0.5}",0.2,500.0,0.25,3.0,1024,42,SECOND,0.0,3.4562079788485076e-17,6,"[0.0, 0.0, 0.0]","{""1,0"": 0.0, ""2,0"": 0.0, ""2,1"": 0.0}",,,,,True,,True,
sensitivity,constant_bias,"{""alpha_mag"": 0.5}",0.2,500.0,0.25,3.0,1024,43,SECOND,0.0,6.487963349758453e-17,6,"[0.0, 0.0, 0.0]","{""1,0"": 0.0, ""2,0"": 0.0, ""2,1"": 0.0}",,,,,True,,True,
sensitivity,constant_bias,"{""alpha_mag"": 0.5}",0.2,500.0,0.25,3.0,1024,44,SECOND,0.0,4.1896052457274834e-17,6,"[0.0, 0.0, 0.0]","{""1,0"": 0.0, ""2,0"": 0.0, ""2,1"": 0.0}",,,,,True,,True,
sensitivity,constant_bias,"{""alpha_mag"": 0.5}",0.2,500.0,0.25,5.0,1024,42,SECOND,0.0,5.559372846308966e-17,6,"[0.0, 0.0, 0.0]","{""1,0"": 0.0, ""2,0"": 0.0, ""2,1"": 0.0}",,,,,True,,True,
sensitivity,constant_bias,"{""alpha_mag"": 0.5}",0.2,500.0,0.25,5.0,1024,43,SECOND,0.0,1.1181019216606914e-16,6,"[0.0, 0.0, 0.0]","{""1,0"": 0.0, ""2,0"": 0.0, ""2,1"": 0.0}",,,,,True,,True,
sensitivity,constant_bias,"{""alpha_mag"": 0.5}",0.2,500.0,0.25,5.0,1024,44,SECOND,0.0,6.597721168632359e-17,6,"[0.0, 0.0, 0.0]","{""1,0"": 0.0, ""2,0"": 0.0, ""2,1"": 0.0}",,,,,True,,True,
sensitivity,constant_bias,"{""alpha_mag"": 0.5}",0.2,500.0,0.5,1.0,1024,42,SECOND,0.0,3.386657224237026e-17,6,"[0.0, 0.0, 0.0]","{""1,0"": 0.0, ""2,0"": 0.0, ""2,1"": 0.0}",,,,,True,,True,
sensitivity,constant_bias,"{""alpha_mag"": 0.5}",0.2,500.0,0.5,1.0,1024,43,SECOND,0.0,3.315247326120435e-17,6,"[0.0, 0.0, 0.0]","{""1,0"": 0.0, ""2,0"": 0.0, ""2,1"": 0.0}",,,,,True,,True,
sensitivity,constant_bias,"{""alpha_mag"": 0.5}",0.2,500.0,0.5,1.0,1024,44,SECOND,0.0,3.746968875657383e-17,6,"[0.0, 0.0, 0.0]","{""1,0"": 0.0, ""2,0"": 0.0, ""2,1"": 0.0}",,,,,True,,True,
sensitivity,constant_bias,"{""alpha_mag"": 0.5}",0.2,500.0,0.5,3.0,1024,42,SECOND,0.0,3.4562079788485076e-17,6,"[0.0, 0.0, 0.0]","{""1,0"": 0.0, ""2,0"": 0.0, ""2,1"": 0.0}",,,,,True,,True,
sensitivity,constant_bias,"{""alpha_mag"": 0.5}",0.2,500.0,0.5,3.0,1024,43,SECOND,0.0,6.487963349758453e-17,6,"[0.0, 0.0, 0.0]","{""1,0"": 0.0, ""2,0"": 0.0, ""2,1"": 0.0}",,,,,True,,True,
sensitivity,constant_bias,"{""alpha_mag"": 0.5}",0.2,500.0,0.5,3.0,1024,44,SECOND,0.0,4.1896052457274834e-17,6,"[0.0, 0.0, 0.0]","{""1,0"": 0.0, ""2,0"": 0.0, ""2,1"": 0.0}",,,,,True,,True,
sensitivity,constant_bias,"{""alpha_mag"": 0.5}",0.2,500.0,0.5,5.0,1024,42,SECOND,0.0,5.559372846308966e-17,6,"[0.0, 0.0, 0.0]","{""1,0"": 0.0, ""2,0"": 0.0, ""2,1"": 0.0}",,,,,True,,True,
sensitivity,constant_bias,"{""alpha_mag"": 0.5}",0.2,500.0,0.5,5.0,1024,43,SECOND,0.0,1.1181019216606914e-16,6,"[0.0, 0.0, 0.0]","{""1,0"": 0.0, ""2,0"": 0.0, ""2,1"": 0.0}",,,,,True,,True,
sensitivity,constant_bias,"{""alpha_mag"": 0.5}",0.2,500.0,0.5,5.0,1024,44,SECOND,0.0,6.597721168632359e-17,6,"[0.0, 0.0, 0.0]","{""1,0"": 0.0, ""2,0"": 0.0, ""2,1"": 0.0}",,,,,True,,True,
sensitivity,constant_bias,"{""alpha_mag"": 0.5}",0.2,500.0,1.0,1.0,1024,42,SECOND,0.0,3.386657224237026e-17,6,"[0.0, 0.0, 0.0]","{""1,0"": 0.0, ""2,0"": 0.0, ""2,1"": 0.0}",,,,,True,,True,
sensitivity,constant_bias,"{""alpha_mag"": 0.5}",0.2,500.0,1.0,1.0,1024,43,SECOND,0.0,3.315247326120435e-17,6,"[0.0, 0.0, 0.0]","{""1,0"": 0.0, ""2,0"": 0.0, ""2,1"": 0.0}",,,,,True,,True,
sensitivity,constant_bias,"{""alpha_mag"": 0.5}",0.2,500.0,1.0,1.0,1024,44,SECOND,0.0,3.746968875657383e-17,6,"[0.0, 0.0, 0.0]","{""1,0"": 0.0, ""2,0"": 0.0, ""2,1"": 0.0}",,,,,True,,True,
sensitivity,constant_bias,"{""alpha_mag"": 0.5}",0.2,500.0,1.0,3.0,1024,42,SECOND,0.0,3.4562079788485076e-17,6,"[0.0, 0.0, 0.0]","{""1,0"": 0.0, ""2,0"": 0.0, ""2,1"": 0.0}",,,,,True,,True,
sensitivity,constant_bias,"{""alpha_mag"": 0.5}",0.2,500.0,1.0,3.0,1024,43,SECOND,0.0,6.487963349758453e-17,6,"[0.0, 0.0, 0.0]","{""1,0"": 0.0, ""2,0"": 0.0, ""2,1"": 0.0}",,,,,True,,True,
sensitivity,constant_bias,"{""alpha_mag"": 0.5}",0.2,500.0,1.0,3.0,1024,44,SECOND,0.0,4.1896052457274834e-17,6,"[0.0, 0.0, 0.0]","{""1,0"": 0.0, ""2,0"": 0.0, ""2,1"": 0.0}",,,,,True,,True,
sensitivity,constant_bias,"{""alpha_mag"": 0.5}",0.2,500.0,1.0,5.0,1024,42,SECOND,0.0,5.559372846308966e-17,6,"[0.0, 0.0, 0.0]","{""1,0"": 0.0, ""2,0"": 0.0, ""2,1"": 0.0}",,,,,True,,True,
sensitivity,constant_bias,"{""alpha_mag"": 0.5}",0.2,500.0,1.0,5.0,1024,43,SECOND,0.0,1.1181019216606914e-16,6,"[0.0, 0.0, 0.0]","{""1,0"": 0.0, ""2,0"": 0.0, ""2,1"": 0.0}",,,,,True,,True,
sensitivity,constant_bias,"{""alpha_mag"": 0.5}",0.2,500.0,1.0,5.0,1024,44,SECOND,0.0,6.597721168632359e-17,6,"[0.0, 0.0, 0.0]","{""1,0"": 0.0, ""2,0"": 0.0, ""2,1"": 0.0}",,,,,True,,True,
sensitivity,linear_drift,"{""drift_rate"": 0.05}",0.05,100.0,0.25,1.0,1024,42,SECOND,0.0,3.567402816643054e-17,4,"[0.0, 0.0, 0.0]","{""1,0"": 0.0, ""2,0"": 0.0, ""2,1"": 0.0}",,,,,True,,True,
sensitivity,linear_drift,"{""drift_rate"": 0.05}",0.05,100.0,0.25,1.0,1024,43,SECOND,0.0,3.910603257252412e-17,4,"[0.0, 0.0, 0.0]","{""1,0"": 0.0, ""2,0"": 0.0, ""2,1"": 0.0}",,,,,True,,True,
sensitivity,linear_drift,"{""drift_rate"": 0.05}",0.05,100.0,0.25,1.0,1024,44,SECOND,0.0,3.8348563929025403e-17,4,"[0.0, 0.0, 0.0]","{""1,0"": 0.0, ""2,0"": 0.0, ""2,1"": 0.0}",,,,,True,,True,
sensitivity,linear_drift,"{""drift_rate"": 0.05}",0.05,100.0,0.25,3.0,1024,42,SECOND,0.0,4.073546362201167e-17,4,"[0.0, 0.0, 0.0]","{""1,0"": 0.0, ""2,0"": 0.0, ""2,1"": 0.0}",,,,,True,,True,
sensitivity,linear_drift,"{""drift_rate"": 0.05}",0.05,100.0,0.25,3.0,1024,43,SECOND,0.0,4.875799568240468e-17,4,"[0.0, 0.0, 0.0]","{""1,0"": 0.0, ""2,0"": 0.0, ""2,1"": 0.0}",,,,,True,,True,
sensitivity,linear_drift,"{""drift_rate"": 0.05}",0.05,100.0,0.25,3.0,1024,44,SECOND,0.0,4.615428004726742e-17,4,"[0.0, 0.0, 0.0]","{""1,0"": 0.0, ""2,0"": 0.0, ""2,1"": 0.0}",,,,,True,,True,
sensitivity,linear_drift,"{""drift_rate"": 0.05}",0.05,100.0,0.25,5.0,1024,42,SECOND,0.0,6.824066223624423e-17,4,"[0.0, 0.0, 0.0]","{""1,0"": 0.0, ""2,0"": 0.0, ""2,1"": 0.0}",,,,,True,,True,
sensitivity,linear_drift,"{""drift_rate"": 0.05}",0.05,100.0,0.25,5.0,1024,43,SECOND,0.0,6.962082529997285e-17,4,"[0.0, 0.0, 0.0]","{""1,0"": 0.0, ""2,0"": 0.0, ""2,1"": 0.0}",,,,,True,,True,
sensitivity,linear_drift,"{""drift_rate"": 0.05}",0.05,100.0,0.25,5.0,1024,44,SECOND,0.0,8.103182792672099e-17,4,"[0.0, 0.0, 0.0]","{""1,0"": 0.0, ""2,0"": 0.0, ""2,1"": 0.0}",,,,,True,,True,
sensitivity,linear_drift,"{""drift_rate"": 0.05}",0.05,100.0,0.5,1.0,1024,42,SECOND,0.0,3.567402816643054e-17,4,"[0.0, 0.0, 0.0]","{""1,0"": 0.0, ""2,0"": 0.0, ""2,1"": 0.0}",,,,,True,,True,
sensitivity,linear_drift,"{""drift_rate"": 0.05}",0.05,100.0,0.5,1.0,1024,43,SECOND,0.0,3.910603257252412e-17,4,"[0.0, 0.0, 0.0]","{""1,0"": 0.0, ""2,0"": 0.0, ""2,1"": 0.0}",,,,,True,,True,
sensitivity,linear_drift,"{""drift_rate"": 0.05}",0.05,100.0,0.5,1.0,1024,44,SECOND,0.0,3.8348563929025403e-17,4,"[0.0, 0.0, 0.0]","{""1,0"": 0.0, ""2,0"": 0.0, ""2,1"": 0.0}",,,,,True,,True,
sensitivity,linear_drift,"{""drift_rate"": 0.05}",0.05,100.0,0.5,3.0,1024,42,SECOND,0.0,4.073546362201167e-17,4,"[0.0, 0.0, 0.0]","{""1,0"": 0.0, ""2,0"": 0.0, ""2,1"": 0.0}",,,,,True,,True,
sensitivity,linear_drift,"{""drift_rate"": 0.05}",0.05,100.0,0.5,3.0,1024,43,SECOND,0.0,4.875799568240468e-17,4,"[0.0, 0.0, 0.0]","{""1,0"": 0.0, ""2,0"": 0.0, ""2,1"": 0.0}",,,,,True,,True,
sensitivity,linear_drift,"{""drift_rate"": 0.05}",0.05,100.0,0.5,3.0,1024,44,SECOND,0.0,4.615428004726742e-17,4,"[0.0, 0.0, 0.0]","{""1,0"": 0.0, ""2,0"": 0.0, ""2,1"": 0.0}",,,,,True,,True,
sensitivity,linear_drift,"{""drift_rate"": 0.05}",0.05,100.0,0.5,5.0,1024,42,SECOND,0.0,6.824066223624423e-17,4,"[0.0, 0.0, 0.0]","{""1,0"": 0.0, ""2,0"": 0.0, ""2,1"": 0.0}",,,,,True,,True,
sensitivity,linear_drift,"{""drift_rate"": 0.05}",0.05,100.0,0.5,5.0,1024,43,SECOND,0.0,6.962082529997285e-17,4,"[0.0, 0.0, 0.0]","{""1,0"": 0.0, ""2,0"": 0.0, ""2,1"": 0.0}",,,,,True,,True,
sensitivity,linear_drift,"{""drift_rate"": 0.05}",0.05,100.0,0.5,5.0,1024,44,SECOND,0.0,8.103182792672099e-17,4,"[0.0, 0.0, 0.0]","{""1,0"": 0.0, ""2,0"": 0.0, ""2,1"": 0.0}",,,,,True,,True,
sensitivity,linear_drift,"{""drift_rate"": 0.05}",0.05,100.0,1.0,1.0,1024,42,SECOND,0.0,3.567402816643054e-17,4,"[0.0, 0.0, 0.0]","{""1,0"": 0.0, ""2,0"": 0.0, ""2,1"": 0.0}",,,,,True,,True,
sensitivity,linear_drift,"{""drift_rate"": 0.05}",0.05,100.0,1.0,1.0,1024,43,SECOND,0.0,3.910603257252412e-17,4,"[0.0, 0.0, 0.0]","{""1,0"": 0.0, ""2,0"": 0.0, ""2,1"": 0.0}",,,,,True,,True,
sensitivity,linear_drift,"{""drift_rate"": 0.05}",0.05,100.0,1.0,1.0,1024,44,SECOND,0.0,3.8348563929025403e-17,4,"[0.0, 0.0, 0.0]","{""1,0"": 0.0, ""2,0"": 0.0, ""2,1"": 0.0}",,,,,True,,True,
sensitivity,linear_drift,"{""drift_rate"": 0.05}",0.05,100.0,1.0,3.0,1024,42,SECOND,0.0,4.073546362201167e-17,4,"[0.0, 0.0, 0.0]","{""1,0"": 0.0, ""2,0"": 0.0, ""2,1"": 0.0}",,,,,True,,True,
sensitivity,linear_drift,"{""drift_rate"": 0.05}",0.05,100.0,1.0,3.0,1024,43,SECOND,0.0,4.875799568240468e-17,4,"[0.0, 0.0, 0.0]","{""1,0"": 0.0, ""2,0"": 0.0, ""2,1"": 0.0}",,,,,True,,True,
sensitivity,linear_drift,"{""drift_rate"": 0.05}",0.05,100.0,1.0,3.0,1024,44,SECOND,0.0,4.615428004726742e-17,4,"[0.0, 0.0, 0.0]","{""1,0"": 0.0, ""2,0"": 0.0, ""2,1"": 0.0}",,,,,True,,True,
sensitivity,linear_drift,"{""drift_rate"": 0.05}",0.05,100.0,1.0,5.0,1024,42,SECOND,0.0,6.824066223624423e-17,4,"[0.0, 0.0, 0.0]","{""1,0"": 0.0, ""2,0"": 0.0, ""2,1"": 0.0}",,,,,True,,True,
sensitivity,linear_drift,"{""drift_rate"": 0.05}",0.05,100.0,1.0,5.0,1024,43,SECOND,0.0,6.962082529997285e-17,4,"[0.0, 0.0, 0.0]","{""1,0"": 0.0, ""2,0"": 0.0, ""2,1"": 0.0}",,,,,True,,True,
sensitivity,linear_drift,"{""drift_rate"": 0.05}",0.05,100.0,1.0,5.0,1024,44,SECOND,0.0,8.103182792672099e-17,4,"[0.0, 0.0, 0.0]","{""1,0"": 0.0, ""2,0"": 0.0, ""2,1"": 0.0}",,,,,True,,True,
sensitivity,linear_drift,"{""drift_rate"": 0.05}",0.05,200.0,0.25,1.0,1024,42,SECOND,0.0,3.567402816643054e-17,4,"[0.0, 0.0, 0.0]","{""1,0"": 0.0, ""2,0"": 0.0, ""2,1"": 0.0}",,,,,True,,True,
sensitivity,linear_drift,"{""drift_rate"": 0.05}",0.05,200.0,0.25,1.0,1024,43,SECOND,0.0,3.910603257252412e-17,4,"[0.0, 0.0, 0.0]","{""1,0"": 0.0, ""2,0"": 0.0, ""2,1"": 0.0}",,,,,True,,True,
sensitivity,linear_drift,"{""drift_rate"": 0.05}",0.05,200.0,0.25,1.0,1024,44,SECOND,0.0,3.8348563929025403e-17,4,"[0.0, 0.0, 0.0]","{""1,0"": 0.0, ""2,0"": 0.0, ""2,1"": 0.0}",,,,,True,,True,
sensitivity,linear_drift,"{""drift_rate"": 0.05}",0.05,200.0,0.25,3.0,1024,42,SECOND,0.0,4.073546362201167e-17,4,"[0.0, 0.0, 0.0]","{""1,0"": 0.0, ""2,0"": 0.0, ""2,1"": 0.0}",,,,,True,,True,
sensitivity,linear_drift,"{""drift_rate"": 0.05}",0.05,200.0,0.25,3.0,1024,43,SECOND,0.0,4.875799568240468e-17,4,"[0.0, 0.0, 0.0]","{""1,0"": 0.0, ""2,0"": 0.0, ""2,1"": 0.0}",,,,,True,,True,
sensitivity,linear_drift,"{""drift_rate"": 0.05}",0.05,200.0,0.25,3.0,1024,44,SECOND,0.0,4.615428004726742e-17,4,"[0.0, 0.0, 0.0]","{""1,0"": 0.0, ""2,0"": 0.0, ""2,1"": 0.0}",,,,,True,,True,
sensitivity,linear_drift,"{""drift_rate"": 0.05}",0.05,200.0,0.25,5.0,1024,42,SECOND,0.0,6.824066223624423e-17,4,"[0.0, 0.0, 0.0]","{""1,0"": 0.0, ""2,0"": 0.0, ""2,1"": 0.0}",,,,,True,,True,
sensitivity,linear_drift,"{""drift_rate"": 0.05}",0.05,200.0,0.25,5.0,1024,43,SECOND,0.0,6.962082529997285e-17,4,"[0.0, 0.0, 0.0]","{""1,0"": 0.0, ""2,0"": 0.0, ""2,1"": 0.0}",,,,,True,,True,
sensitivity,linear_drift,"{""drift_rate"": 0.05}",0.05,200.0,0.25,5.0,1024,44,SECOND,0.0,8.103182792672099e-17,4,"[0.0, 0.0, 0.0]","{""1,0"": 0.0, ""2,0"": 0.0, ""2,1"": 0.0}",,,,,True,,True,
sensitivity,linear_drift,"{""drift_rate"": 0.05}",0.05,200.0,0.5,1.0,1024,42,SECOND,0.0,3.567402816643054e-17,4,"[0.0, 0.0, 0.0]","{""1,0"": 0.0, ""2,0"": 0.0, ""2,1"": 0.0}",,,,,True,,True,
sensitivity,linear_drift,"{""drift_rate"": 0.05}",0.05,200.0,0.5,1.0,1024,43,SECOND,0.0,3.910603257252412e-17,4,"[0.0, 0.0, 0.0]","{""1,0"": 0.0, ""2,0"": 0.0, ""2,1"": 0.0}",,,,,True,,True,
sensitivity,linear_drift,"{""drift_rate"": 0.05}",0.05,200.0,0.5,1.0,1024,44,SECOND,0.0,3.8348563929025403e-17,4,"[0.0, 0.0, 0.0]","{""1,0"": 0.0, ""2,0"": 0.0, ""2,1"": 0.0}",,,,,True,,True,
sensitivity,linear_drift,"{""drift_rate"": 0.05}",0.05,200.0,0.5,3.0,1024,42,SECOND,0.0,4.073546362201167e-17,4,"[0.0, 0.0, 0.0]","{""1,0"": 0.0, ""2,0"": 0.0, ""2,1"": 0.0}",,,,,True,,True,
sensitivity,linear_drift,"{""drift_rate"": 0.05}",0.05,200.0,0.5,3.0,1024,43,SECOND,0.0,4.875799568240468e-17,4,"[0.0, 0.0, 0.0]","{""1,0"": 0.0, ""2,0"": 0.0, ""2,1"": 0.0}",,,,,True,,True,
sensitivity,linear_drift,"{""drift_rate"": 0.05}",0.05,200.0,0.5,3.0,1024,44,SECOND,0.0,4.615428004726742e-17,4,"[0.0, 0.0, 0.0]","{""1,0"": 0.0, ""2,0"": 0.0, ""2,1"": 0.0}",,,,,True,,True,
sensitivity,linear_drift,"{""drift_rate"": 0.05}",0.05,200.0,0.5,5.0,1024,42,SECOND,0.0,6.824066223624423e-17,4,"[0.0, 0.0, 0.0]","{""1,0"": 0.0, ""2,0"": 0.0, ""2,1"": 0.0}",,,,,True,,True,
sensitivity,linear_drift,"{""drift_rate"": 0.05}",0.05,200.0,0.5,5.0,1024,43,SECOND,0.0,6.962082529997285e-17,4,"[0.0, 0.0, 0.0]","{""1,0"": 0.0, ""2,0"": 0.0, ""2,1"": 0.0}",,,,,True,,True,
sensitivity,linear_drift,"{""drift_rate"": 0.05}",0.05,200.0,0.5,5.0,1024,44,SECOND,0.0,8.103182792672099e-17,4,"[0.0, 0.0, 0.0]","{""1,0"": 0.0, ""2,0"": 0.0, ""2,1"": 0.0}",,,,,True,,True,
sensitivity,linear_drift,"{""drift_rate"": 0.05}",0.05,200.0,1.0,1.0,1024,42,SECOND,0.0,3.567402816643054e-17,4,"[0.0, 0.0, 0.0]","{""1,0"": 0.0, ""2,0"": 0.0, ""2,1"": 0.0}",,,,,True,,True,
sensitivity,linear_drift,"{""drift_rate"": 0.05}",0.05,200.0,1.0,1.0,1024,43,SECOND,0.0,3.910603257252412e-17,4,"[0.0, 0.0, 0.0]","{""1,0"": 0.0, ""2,0"": 0.0, ""2,1"": 0.0}",,,,,True,,True,
sensitivity,linear_drift,"{""drift_rate"": 0.05}",0.05,200.0,1.0,1.0,1024,44,SECOND,0.0,3.8348563929025403e-17,4,"[0.0, 0.0, 0.0]","{""1,0"": 0.0, ""2,0"": 0.0, ""2,1"": 0.0}",,,,,True,,True,
sensitivity,linear_drift,"{""drift_rate"": 0.05}",0.05,200.0,1.0,3.0,1024,42,SECOND,0.0,4.073546362201167e-17,4,"[0.0, 0.0, 0.0]","{""1,0"": 0.0, ""2,0"": 0.0, ""2,1"": 0.0}",,,,,True,,True,
sensitivity,linear_drift,"{""drift_rate"": 0.05}",0.05,200.0,1.0,3.0,1024,43,SECOND,0.0,4.875799568240468e-17,4,"[0.0, 0.0, 0.0]","{""1,0"": 0.0, ""2,0"": 0.0, ""2,1"": 0.0}",,,,,True,,True,
sensitivity,linear_drift,"{""drift_rate"": 0.05}",0.05,200.0,1.0,3.0,1024,44,SECOND,0.0,4.615428004726742e-17,4,"[0.0, 0.0, 0.0]","{""1,0"": 0.0, ""2,0"": 0.0, ""2,1"": 0.0}",,,,,True,,True,
sensitivity,linear_drift,"{""drift_rate"": 0.05}",0.05,200.0,1.0,5.0,1024,42,SECOND,0.0,6.824066223624423e-17,4,"[0.0, 0.0, 0.0]","{""1,0"": 0.0, ""2,0"": 0.0, ""2,1"": 0.0}",,,,,True,,True,
sensitivity,linear_drift,"{""drift_rate"": 0.05}",0.05,200.0,1.0,5.0,1024,43,SECOND,0.0,6.962082529997285e-17,4,"[0.0, 0.0, 0.0]","{""1,0"": 0.0, ""2,0"": 0.0, ""2,1"": 0.0}",,,,,True,,True,
sensitivity,linear_drift,"{""drift_rate"": 0.05}",0.05,200.0,1.0,5.0,1024,44,SECOND,0.0,8.103182792672099e-17,4,"[0.0, 0.0, 0.0]","{""1,0"": 0.0, ""2,0"": 0.0, ""2,1"": 0.0}",,,,,True,,True,
sensitivity,linear_drift,"{""drift_rate"": 0.05}",0.05,500.0,0.25,1.0,1024,42,SECOND,0.0,3.567402816643054e-17,4,"[0.0, 0.0, 0.0]","{""1,0"": 0.0, ""2,0"": 0.0, ""2,1"": 0.0}",,,,,True,,True,
sensitivity,linear_drift,"{""drift_rate"": 0.05}",0.05,500.0,0.25,1.0,1024,43,SECOND,0.0,3.910603257252412e-17,4,"[0.0, 0.0, 0.0]","{""1,0"": 0.0, ""2,0"": 0.0, ""2,1"": 0.0}",,,,,True,,True,
sensitivity,linear_drift,"{""drift_rate"": 0.05}",0.05,500.0,0.25,1.0,1024,44,SECOND,0.0,3.8348563929025403e-17,4,"[0.0, 0.0, 0.0]","{""1,0"": 0.0, ""2,0"": 0.0, ""2,1"": 0.0}",,,,,True,,True,
sensitivity,linear_drift,"{""drift_rate"": 0.05}",0.05,500.0,0.25,3.0,1024,42,SECOND,0.0,4.073546362201167e-17,4,"[0.0, 0.0, 0.0]","{""1,0"": 0.0, ""2,0"": 0.0, ""2,1"": 0.0}",,,,,True,,True,
sensitivity,linear_drift,"{""drift_rate"": 0.05}",0.05,500.0,0.25,3.0,1024,43,SECOND,0.0,4.875799568240468e-17,4,"[0.0, 0.0, 0.0]","{""1,0"": 0.0, ""2,0"": 0.0, ""2,1"": 0.0}",,,,,True,,True,
sensitivity,linear_drift,"{""drift_rate"": 0.05}",0.05,500.0,0.25,3.0,1024,44,SECOND,0.0,4.615428004726742e-17,4,"[0.0, 0.0, 0.0]","{""1,0"": 0.0, ""2,0"": 0.0, ""2,1"": 0.0}",,,,,True,,True,
sensitivity,linear_drift,"{""drift_rate"": 0.05}",0.05,500.0,0.25,5.0,1024,42,SECOND,0.0,6.824066223624423e-17,4,"[0.0, 0.0, 0.0]","{""1,0"": 0.0, ""2,0"": 0.0, ""2,1"": 0.0}",,,,,True,,True,
sensitivity,linear_drift,"{""drift_rate"": 0.05}",0.05,500.0,0.25,5.0,1024,43,SECOND,0.0,6.962082529997285e-17,4,"[0.0, 0.0, 0.0]","{""1,0"": 0.0, ""2,0"": 0.0, ""2,1"": 0.0}",,,,,True,,True,
sensitivity,linear_drift,"{""drift_rate"": 0.05}",0.05,500.0,0.25,5.0,1024,44,SECOND,0.0,8.103182792672099e-17,4,"[0.0, 0.0, 0.0]","{""1,0"": 0.0, ""2,0"": 0.0, ""2,1"": 0.0}",,,,,True,,True,
sensitivity,linear_drift,"{""drift_rate"": 0.05}",0.05,500.0,0.5,1.0,1024,42,SECOND,0.0,3.567402816643054e-17,4,"[0.0, 0.0, 0.0]","{""1,0"": 0.0, ""2,0"": 0.0, ""2,1"": 0.0}",,,,,True,,True,
sensitivity,linear_drift,"{""drift_rate"": 0.05}",0.05,500.0,0.5,1.0,1024,43,SECOND,0.0,3.910603257252412e-17,4,"[0.0, 0.0, 0.0]","{""1,0"": 0.0, ""2,0"": 0.0, ""2,1"": 0.0}",,,,,True,,True,
sensitivity,linear_drift,"{""drift_rate"": 0.05}",0.05,500.0,0.5,1.0,1024,44,SECOND,0.0,3.8348563929025403e-17,4,"[0.0, 0.0, 0.0]","{""1,0"": 0.0, ""2,0"": 0.0, ""2,1"": 0.0}",,,,,True,,True,
sensitivity,linear_drift,"{""drift_rate"": 0.05}",0.05,500.0,0.5,3.0,1024,42,SECOND,0.0,4.073546362201167e-17,4,"[0.0, 0.0, 0.0]","{""1,0"": 0.0, ""2,0"": 0.0, ""2,1"": 0.0}",,,,,True,,True,
sensitivity,linear_drift,"{""drift_rate"": 0.05}",0.05,500.0,0.5,3.0,1024,43,SECOND,0.0,4.875799568240468e-17,4,"[0.0, 0.0, 0.0]","{""1,0"": 0.0, ""2,0"": 0.0, ""2,1"": 0.0}",,,,,True,,True,
sensitivity,linear_drift,"{""drift_rate"": 0.05}",0.05,500.0,0.5,3.0,1024,44,SECOND,0.0,4.615428004726742e-17,4,"[0.0, 0.0, 0.0]","{""1,0"": 0.0, ""2,0"": 0.0, ""2,1"": 0.0}",,,,,True,,True,
sensitivity,linear_drift,"{""drift_rate"": 0.05}",0.05,500.0,0.5,5.0,1024,42,SECOND,0.0,6.824066223624423e-17,4,"[0.0, 0.0, 0.0]","{""1,0"": 0.0, ""2,0"": 0.0, ""2,1"": 0.0}",,,,,True,,True,
sensitivity,linear_drift,"{""drift_rate"": 0.05}",0.05,500.0,0.5,5.0,1024,43,SECOND,0.0,6.962082529997285e-17,4,"[0.0, 0.0, 0.0]","{""1,0"": 0.0, ""2,0"": 0.0, ""2,1"": 0.0}",,,,,True,,True,
sensitivity,linear_drift,"{""drift_rate"": 0.05}",0.05,500.0,0.5,5.0,1024,44,SECOND,0.0,8.103182792672099e-17,4,"[0.0, 0.0, 0.0]","{""1,0"": 0.0, ""2,0"": 0.0, ""2,1"": 0.0}",,,,,True,,True,
sensitivity,linear_drift,"{""drift_rate"": 0.05}",0.05,500.0,1.0,1.0,1024,42,SECOND,0.0,3.567402816643054e-17,4,"[0.0, 0.0, 0.0]","{""1,0"": 0.0, ""2,0"": 0.0, ""2,1"": 0.0}",,,,,True,,True,
sensitivity,linear_drift,"{""drift_rate"": 0.05}",0.05,500.0,1.0,1.0,1024,43,SECOND,0.0,3.910603257252412e-17,4,"[0.0, 0.0, 0.0]","{""1,0"": 0.0, ""2,0"": 0.0, ""2,1"": 0.0}",,,,,True,,True,
sensitivity,linear_drift,"{""drift_rate"": 0.05}",0.05,500.0,1.0,1.0,1024,44,SECOND,0.0,3.8348563929025403e-17,4,"[0.0, 0.0, 0.0]","{""1,0"": 0.0, ""2,0"": 0.0, ""2,1"": 0.0}",,,,,True,,True,
sensitivity,linear_drift,"{""drift_rate"": 0.05}",0.05,500.0,1.0,3.0,1024,42,SECOND,0.0,4.073546362201167e-17,4,"[0.0, 0.0, 0.0]","{""1,0"": 0.0, ""2,0"": 0.0, ""2,1"": 0.0}",,,,,True,,True,
sensitivity,linear_drift,"{""drift_rate"": 0.05}",0.05,500.0,1.0,3.0,1024,43,SECOND,0.0,4.875799568240468e-17,4,"[0.0, 0.0, 0.0]","{""1,0"": 0.0, ""2,0"": 0.0, ""2,1"": 0.0}",,,,,True,,True,
sensitivity,linear_drift,"{""drift_rate"": 0.05}",0.05,500.0,1.0,3.0,1024,44,SECOND,0.0,4.615428004726742e-17,4,"[0.0, 0.0, 0.0]","{""1,0"": 0.0, ""2,0"": 0.0, ""2,1"": 0.0}",,,,,True,,True,
sensitivity,linear_drift,"{""drift_rate"": 0.05}",0.05,500.0,1.0,5.0,1024,42,SECOND,0.0,6.824066223624423e-17,4,"[0.0, 0.0, 0.0]","{""1,0"": 0.0, ""2,0"": 0.0, ""2,1"": 0.0}",,,,,True,,True,
sensitivity,linear_drift,"{""drift_rate"": 0.05}",0.05,500.0,1.0,5.0,1024,43,SECOND,0.0,6.962082529997285e-17,4,"[0.0, 0.0, 0.0]","{""1,0"": 0.0, ""2,0"": 0.0, ""2,1"": 0.0}",,,,,True,,True,
sensitivity,linear_drift,"{""drift_rate"": 0.05}",0.05,500.0,1.0,5.0,1024,44,SECOND,0.0,8.103182792672099e-17,4,"[0.0, 0.0, 0.0]","{""1,0"": 0.0, ""2,0"": 0.0, ""2,1"": 0.0}",,,,,True,,True,
sensitivity,linear_drift,"{""drift_rate"": 0.05}",0.1,100.0,0.25,1.0,1024,42,SECOND,0.0,3.567402816643054e-17,2,"[0.0, 0.0, 0.0]","{""1,0"": 0.0, ""2,0"": 0.0, ""2,1"": 0.0}",,,,,True,,True,
sensitivity,linear_drift,"{""drift_rate"": 0.05}",0.1,100.0,0.25,1.0,1024,43,SECOND,0.0,3.910603257252412e-17,2,"[0.0, 0.0, 0.0]","{""1,0"": 0.0, ""2,0"": 0.0, ""2,1"": 0.0}",,,,,True,,True,
sensitivity,linear_drift,"{""drift_rate"": 0.05}",0.1,100.0,0.25,1.0,1024,44,SECOND,0.0,3.8348563929025403e-17,2,"[0.0, 0.0, 0.0]","{""1,0"": 0.0, ""2,0"": 0.0, ""2,1"": 0.0}",,,,,True,,True,
sensitivity,linear_drift,"{""drift_rate"": 0.05}",0.1,100.0,0.25,3.0,1024,42,SECOND,0.0,4.073546362201167e-17,2,"[0.0, 0.0, 0.0]","{""1,0"": 0.0, ""2,0"": 0.0, ""2,1"": 0.0}",,,,,True,,True,
sensitivity,linear_drift,"{""drift_rate"": 0.05}",0.1,100.0,0.25,3.0,1024,43,SECOND,0.0,4.875799568240468e-17,2,"[0.0, 0.0, 0.0]","{""1,0"": 0.0, ""2,0"": 0.0, ""2,1"": 0.0}",,,,,True,,True,
sensitivity,linear_drift,"{""drift_rate"": 0.05}",0.1,100.0,0.25,3.0,1024,44,SECOND,0.0,4.615428004726742e-17,2,"[0.0, 0.0, 0.0]","{""1,0"": 0.0, ""2,0"": 0.0, ""2,1"": 0.0}",,,,,True,,True,
sensitivity,linear_drift,"{""drift_rate"": 0.05}",0.1,100.0,0.25,5.0,1024,42,SECOND,0.0,6.824066223624423e-17,2,"[0.0, 0.0, 0.0]","{""1,0"": 0.0, ""2,0"": 0.0, ""2,1"": 0.0}",,,,,True,,True,
sensitivity,linear_drift,"{""drift_rate"": 0.05}",0.1,100.0,0.25,5.0,1024,43,SECOND,0.0,6.962082529997285e-17,2,"[0.0, 0.0, 0.0]","{""1,0"": 0.0, ""2,0"": 0.0, ""2,1"": 0.0}",,,,,True,,True,
sensitivity,linear_drift,"{""drift_rate"": 0.05}",0.1,100.0,0.25,5.0,1024,44,SECOND,0.0,8.103182792672099e-17,2,"[0.0, 0.0, 0.0]","{""1,0"": 0.0, ""2,0"": 0.0, ""2,1"": 0.0}",,,,,True,,True,
sensitivity,linear_drift,"{""drift_rate"": 0.05}",0.1,100.0,0.5,1.0,1024,42,SECOND,0.0,3.567402816643054e-17,2,"[0.0, 0.0, 0.0]","{""1,0"": 0.0, ""2,0"": 0.0, ""2,1"": 0.0}",,,,,True,,True,
sensitivity,linear_drift,"{""drift_rate"": 0.05}",0.1,100.0,0.5,1.0,1024,43,SECOND,0.0,3.910603257252412e-17,2,"[0.0, 0.0, 0.0]","{""1,0"": 0.0, ""2,0"": 0.0, ""2,1"": 0.0}",,,,,True,,True,
sensitivity,linear_drift,"{""drift_rate"": 0.05}",0.1,100.0,0.5,1.0,1024,44,SECOND,0.0,3.8348563929025403e-17,2,"[0.0, 0.0, 0.0]","{""1,0"": 0.0, ""2,0"": 0.0, ""2,1"": 0.0}",,,,,True,,True,
sensitivity,linear_drift,"{""drift_rate"": 0.05}",0.1,100.0,0.5,3.0,1024,42,SECOND,0.0,4.073546362201167e-17,2,"[0.0, 0.0, 0.0]","{""1,0"": 0.0, ""2,0"": 0.0, ""2,1"": 0.0}",,,,,True,,True,
sensitivity,linear_drift,"{""drift_rate"": 0.05}",0.1,100.0,0.5,3.0,1024,43,SECOND,0.0,4.875799568240468e-17,2,"[0.0, 0.0, 0.0]","{""1,0"": 0.0, ""2,0"": 0.0, ""2,1"": 0.0}",,,,,True,,True,
sensitivity,linear_drift,"{""drift_rate"": 0.05}",0.1,100.0,0.5,3.0,1024,44,SECOND,0.0,4.615428004726742e-17,2,"[0.0, 0.0, 0.0]","{""1,0"": 0.0, ""2,0"": 0.0, ""2,1"": 0.0}",,,,,True,,True,
sensitivity,linear_drift,"{""drift_rate"": 0.05}",0.1,100.0,0.5,5.0,1024,42,SECOND,0.0,6.824066223624423e-17,2,"[0.0, 0.0, 0.0]","{""1,0"": 0.0, ""2,0"": 0.0, ""2,1"": 0.0}",,,,,True,,True,
sensitivity,linear_drift,"{""drift_rate"": 0.05}",0.1,100.0,0.5,5.0,1024,43,SECOND,0.0,6.962082529997285e-17,2,"[0.0, 0.0, 0.0]","{""1,0"": 0.0, ""2,0"": 0.0, ""2,1"": 0.0}",,,,,True,,True,
sensitivity,linear_drift,"{""drift_rate"": 0.05}",0.1,100.0,0.5,5.0,1024,44,SECOND,0.0,8.103182792672099e-17,2,"[0.0, 0.0, 0.0]","{""1,0"": 0.0, ""2,0"": 0.0, ""2,1"": 0.0}",,,,,True,,True,
sensitivity,linear_drift,"{""drift_rate"": 0.05}",0.1,100.0,1.0,1.0,1024,42,SECOND,0.0,3.567402816643054e-17,2,"[0.0, 0.0, 0.0]","{""1,0"": 0.0, ""2,0"": 0.0, ""2,1"": 0.0}",,,,,True,,True,
sensitivity,linear_drift,"{""drift_rate"": 0.05}",0.1,100.0,1.0,1.0,1024,43,SECOND,0.0,3.910603257252412e-17,2,"[0.0, 0.0, 0.0]","{""1,0"": 0.0, ""2,0"": 0.0, ""2,1"": 0.0}",,,,,True,,True,
sensitivity,linear_drift,"{""drift_rate"": 0.05}",0.1,100.0,1.0,1.0,1024,44,SECOND,0.0,3.8348563929025403e-17,2,"[0.0, 0.0, 0.0]","{""1,0"": 0.0, ""2,0"": 0.0, ""2,1"": 0.0}",,,,,True,,True,
sensitivity,linear_drift,"{""drift_rate"": 0.05}",0.1,100.0,1.0,3.0,1024,42,SECOND,0.0,4.073546362201167e-17,2,"[0.0, 0.0, 0.0]","{""1,0"": 0.0, ""2,0"": 0.0, ""2,1"": 0.0}",,,,,True,,True,
sensitivity,linear_drift,"{""drift_rate"": 0.05}",0.1,100.0,1.0,3.0,1024,43,SECOND,0.0,4.875799568240468e-17,2,"[0.0, 0.0, 0.0]","{""1,0"": 0.0, ""2,0"": 0.0, ""2,1"": 0.0}",,,,,True,,True,
sensitivity,linear_drift,"{""drift_rate"": 0.05}",0.1,100.0,1.0,3.0,1024,44,SECOND,0.0,4.615428004726742e-17,2,"[0.0, 0.0, 0.0]","{""1,0"": 0.0, ""2,0"": 0.0, ""2,1"": 0.0}",,,,,True,,True,
sensitivity,linear_drift,"{""drift_rate"": 0.05}",0.1,100.0,1.0,5.0,1024,42,SECOND,0.0,6.824066223624423e-17,2,"[0.0, 0.0, 0.0]","{""1,0"": 0.0, ""2,0"": 0.0, ""2,1"": 0.0}",,,,,True,,True,
sensitivity,linear_drift,"{""drift_rate"": 0.05}",0.1,100.0,1.0,5.0,1024,43,SECOND,0.0,6.962082529997285e-17,2,"[0.0, 0.0, 0.0]","{""1,0"": 0.0, ""2,0"": 0.0, ""2,1"": 0.0}",,,,,True,,True,
sensitivity,linear_drift,"{""drift_rate"": 0.05}",0.1,100.0,1.0,5.0,1024,44,SECOND,0.0,8.103182792672099e-17,2,"[0.0, 0.0, 0.0]","{""1,0"": 0.0, ""2,0"": 0.0, ""2,1"": 0.0}",,,,,True,,True,
sensitivity,linear_drift,"{""drift_rate"": 0.05}",0.1,200.0,0.25,1.0,1024,42,SECOND,0.0,3.567402816643054e-17,2,"[0.0, 0.0, 0.0]","{""1,0"": 0.0, ""2,0"": 0.0, ""2,1"": 0.0}",,,,,True,,True,
sensitivity,linear_drift,"{""drift_rate"": 0.05}",0.1,200.0,0.25,1.0,1024,43,SECOND,0.0,3.910603257252412e-17,2,"[0.0, 0.0, 0.0]","{""1,0"": 0.0, ""2,0"": 0.0, ""2,1"": 0.0}",,,,,True,,True,
sensitivity,linear_drift,"{""drift_rate"": 0.05}",0.1,200.0,0.25,1.0,1024,44,SECOND,0.0,3.8348563929025403e-17,2,"[0.0, 0.0, 0.0]","{""1,0"": 0.0, ""2,0"": 0.0, ""2,1"": 0.0}",,,,,True,,True,
sensitivity,linear_drift,"{""drift_rate"": 0.05}",0.1,200.0,0.25,3.0,1024,42,SECOND,0.0,4.073546362201167e-17,2,"[0.0, 0.0, 0.0]","{""1,0"": 0.0, ""2,0"": 0.0, ""2,1"": 0.0}",,,,,True,,True,
sensitivity,linear_drift,"{""drift_rate"": 0.05}",0.1,200.0,0.25,3.0,1024,43,SECOND,0.0,4.875799568240468e-17,2,"[0.0, 0.0, 0.0]","{""1,0"": 0.0, ""2,0"": 0.0, ""2,1"": 0.0}",,,,,True,,True,
sensitivity,linear_drift,"{""drift_rate"": 0.05}",0.1,200.0,0.25,3.0,1024,44,SECOND,0.0,4.615428004726742e-17,2,"[0.0, 0.0, 0.0]","{""1,0"": 0.0, ""2,0"": 0.0, ""2,1"": 0.0}",,,,,True,,True,
sensitivity,linear_drift,"{""drift_rate"": 0.05}",0.1,200.0,0.25,5.0,1024,42,SECOND,0.0,6.824066223624423e-17,2,"[0.0, 0.0, 0.0]","{""1,0"": 0.0, ""2,0"": 0.0, ""2,1"": 0.0}",,,,,True,,True,
sensitivity,linear_drift,"{""drift_rate"": 0.05}",0.1,200.0,0.25,5.0,1024,43,SECOND,0.0,6.962082529997285e-17,2,"[0.0, 0.0, 0.0]","{""1,0"": 0.0, ""2,0"": 0.0, ""2,1"": 0.0}",,,,,True,,True,
sensitivity,linear_drift,"{""drift_rate"": 0.05}",0.1,200.0,0.25,5.0,1024,44,SECOND,0.0,8.103182792672099e-17,2,"[0.0, 0.0, 0.0]","{""1,0"": 0.0, ""2,0"": 0.0, ""2,1"": 0.0}",,,,,True,,True,
sensitivity,linear_drift,"{""drift_rate"": 0.05}",0.1,200.0,0.5,1.0,1024,42,SECOND,0.0,3.567402816643054e-17,2,"[0.0, 0.0, 0.0]","{""1,0"": 0.0, ""2,0"": 0.0, ""2,1"": 0.0}",,,,,True,,True,
sensitivity,linear_drift,"{""drift_rate"": 0.05}",0.1,200.0,0.5,1.0,1024,43,SECOND,0.0,3.910603257252412e-17,2,"[0.0, 0.0, 0.0]","{""1,0"": 0.0, ""2,0"": 0.0, ""2,1"": 0.0}",,,,,True,,True,
sensitivity,linear_drift,"{""drift_rate"": 0.05}",0.1,200.0,0.5,1.0,1024,44,SECOND,0.0,3.8348563929025403e-17,2,"[0.0, 0.0, 0.0]","{""1,0"": 0.0, ""2,0"": 0.0, ""2,1"": 0.0}",,,,,True,,True,
sensitivity,linear_drift,"{""drift_rate"": 0.05}",0.1,200.0,0.5,3.0,1024,42,SECOND,0.0,4.073546362201167e-17,2,"[0.0, 0.0, 0.0]","{""1,0"": 0.0, ""2,0"": 0.0, ""2,1"": 0.0}",,,,,True,,True,
sensitivity,linear_drift,"{""drift_rate"": 0.05}",0.1,200.0,0.5,3.0,1024,43,SECOND,0.0,4.875799568240468e-17,2,"[0.0, 0.0, 0.0]","{""1,0"": 0.0, ""2,0"": 0.0, ""2,1"": 0.0}",,,,,True,,True,
sensitivity,linear_drift,"{""drift_rate"": 0.05}",0.1,200.0,0.5,3.0,1024,44,SECOND,0.0,4.615428004726742e-17,2,"[0.0, 0.0, 0.0]","{""1,0"": 0.0, ""2,0"": 0.0, ""2,1"": 0.0}",,,,,True,,True,
sensitivity,linear_drift,"{""drift_rate"": 0.05}",0.1,200.0,0.5,5.0,1024,42,SECOND,0.0,6.824066223624423e-17,2,"[0.0, 0.0, 0.0]","{""1,0"": 0.0, ""2,0"": 0.0, ""2,1"": 0.0}",,,,,True,,True,
sensitivity,linear_drift,"{""drift_rate"": 0.05}",0.1,200.0,0.5,5.0,1024,43,SECOND,0.0,6.962082529997285e-17,2,"[0.0, 0.0, 0.0]","{""1,0"": 0.0, ""2,0"": 0.0, ""2,1"": 0.0}",,,,,True,,True,
sensitivity,linear_drift,"{""drift_rate"": 0.05}",0.1,200.0,0.5,5.0,1024,44,SECOND,0.0,8.103182792672099e-17,2,"[0.0, 0.0, 0.0]","{""1,0"": 0.0, ""2,0"": 0.0, ""2,1"": 0.0}",,,,,True,,True,
sensitivity,linear_drift,"{""drift_rate"": 0.05}",0.1,200.0,1.0,1.0,1024,42,SECOND,0.0,3.567402816643054e-17,2,"[0.0, 0.0, 0.0]","{""1,0"": 0.0, ""2,0"": 0.0, ""2,1"": 0.0}",,,,,True,,True,
sensitivity,linear_drift,"{""drift_rate"": 0.05}",0.1,200.0,1.0,1.0,1024,43,SECOND,0.0,3.910603257252412e-17,2,"[0.0, 0.0, 0.0]","{""1,0"": 0.0, ""2,0"": 0.0, ""2,1"": 0.0}",,,,,True,,True,
sensitivity,linear_drift,"{""drift_rate"": 0.05}",0.1,200.0,1.0,1.0,1024,44,SECOND,0.0,3.8348563929025403e-17,2,"[0.0, 0.0, 0.0]","{""1,0"": 0.0, ""2,0"": 0.0, ""2,1"": 0.0}",,,,,True,,True,
sensitivity,linear_drift,"{""drift_rate"": 0.05}",0.1,200.0,1.0,3.0,1024,42,SECOND,0.0,4.073546362201167e-17,2,"[0.0, 0.0, 0.0]","{""1,0"": 0.0, ""2,0"": 0.0, ""2,1"": 0.0}",,,,,True,,True,
sensitivity,linear_drift,"{""drift_rate"": 0.05}",0.1,200.0,1.0,3.0,1024,43,SECOND,0.0,4.875799568240468e-17,2,"[0.0, 0.0, 0.0]","{""1,0"": 0.0, ""2,0"": 0.0, ""2,1"": 0.0}",,,,,True,,True,
sensitivity,linear_drift,"{""drift_rate"": 0.05}",0.1,200.0,1.0,3.0,1024,44,SECOND,0.0,4.615428004726742e-17,2,"[0.0, 0.0, 0.0]","{""1,0"": 0.0, ""2,0"": 0.0, ""2,1"": 0.0}",,,,,True,,True,
sensitivity,linear_drift,"{""drift_rate"": 0.05}",0.1,200.0,1.0,5.0,1024,42,SECOND,0.0,6.824066223624423e-17,2,"[0.0, 0.0, 0.0]","{""1,0"": 0.0, ""2,0"": 0.0, ""2,1"": 0.0}",,,,,True,,True,
sensitivity,linear_drift,"{""drift_rate"": 0.05}",0.1,200.0,1.0,5.0,1024,43,SECOND,0.0,6.962082529997285e-17,2,"[0.0, 0.0, 0.0]","{""1,0"": 0.0, ""2,0"": 0.0, ""2,1"": 0.0}",,,,,True,,True,
sensitivity,linear_drift,"{""drift_rate"": 0.05}",0.1,200.0,1.0,5.0,1024,44,SECOND,0.0,8.103182792672099e-17,2,"[0.0, 0.0, 0.0]","{""1,0"": 0.0, ""2,0"": 0.0, ""2,1"": 0.0}",,,,,True,,True,
sensitivity,linear_drift,"{""drift_rate"": 0.05}",0.1,500.0,0.25,1.0,1024,42,SECOND,0.0,3.567402816643054e-17,2,"[0.0, 0.0, 0.0]","{""1,0"": 0.0, ""2,0"": 0.0, ""2,1"": 0.0}",,,,,True,,True,
sensitivity,linear_drift,"{""drift_rate"": 0.05}",0.1,500.0,0.25,1.0,1024,43,SECOND,0.0,3.910603257252412e-17,2,"[0.0, 0.0, 0.0]","{""1,0"": 0.0, ""2,0"": 0.0, ""2,1"": 0.0}",,,,,True,,True,
sensitivity,linear_drift,"{""drift_rate"": 0.05}",0.1,500.0,0.25,1.0,1024,44,SECOND,0.0,3.8348563929025403e-17,2,"[0.0, 0.0, 0.0]","{""1,0"": 0.0, ""2,0"": 0.0, ""2,1"": 0.0}",,,,,True,,True,
sensitivity,linear_drift,"{""drift_rate"": 0.05}",0.1,500.0,0.25,3.0,1024,42,SECOND,0.0,4.073546362201167e-17,2,"[0.0, 0.0, 0.0]","{""1,0"": 0.0, ""2,0"": 0.0, ""2,1"": 0.0}",,,,,True,,True,
sensitivity,linear_drift,"{""drift_rate"": 0.05}",0.1,500.0,0.25,3.0,1024,43,SECOND,0.0,4.875799568240468e-17,2,"[0.0, 0.0, 0.0]","{""1,0"": 0.0, ""2,0"": 0.0, ""2,1"": 0.0}",,,,,True,,True,
sensitivity,linear_drift,"{""drift_rate"": 0.05}",0.1,500.0,0.25,3.0,1024,44,SECOND,0.0,4.615428004726742e-17,2,"[0.0, 0.0, 0.0]","{""1,0"": 0.0, ""2,0"": 0.0, ""2,1"": 0.0}",,,,,True,,True,
sensitivity,linear_drift,"{""drift_rate"": 0.05}",0.1,500.0,0.25,5.0,1024,42,SECOND,0.0,6.824066223624423e-17,2,"[0.0, 0.0, 0.0]","{""1,0"": 0.0, ""2,0"": 0.0, ""2,1"": 0.0}",,,,,True,,True,
sensitivity,linear_drift,"{""drift_rate"": 0.05}",0.1,500.0,0.25,5.0,1024,43,SECOND,0.0,6.962082529997285e-17,2,"[0.0, 0.0, 0.0]","{""1,0"": 0.0, ""2,0"": 0.0, ""2,1"": 0.0}",,,,,True,,True,
sensitivity,linear_drift,"{""drift_rate"": 0.05}",0.1,500.0,0.25,5.0,1024,44,SECOND,0.0,8.103182792672099e-17,2,"[0.0, 0.0, 0.0]","{""1,0"": 0.0, ""2,0"": 0.0, ""2,1"": 0.0}",,,,,True,,True,
sensitivity,linear_drift,"{""drift_rate"": 0.05}",0.1,500.0,0.5,1.0,1024,42,SECOND,0.0,3.567402816643054e-17,2,"[0.0, 0.0, 0.0]","{""1,0"": 0.0, ""2,0"": 0.0, ""2,1"": 0.0}",,,,,True,,True,
sensitivity,linear_drift,"{""drift_rate"": 0.05}",0.1,500.0,0.5,1.0,1024,43,SECOND,0.0,3.910603257252412e-17,2,"[0.0, 0.0, 0.0]","{""1,0"": 0.0, ""2,0"": 0.0, ""2,1"": 0.0}",,,,,True,,True,
sensitivity,linear_drift,"{""drift_rate"": 0.05}",0.1,500.0,0.5,1.0,1024,44,SECOND,0.0,3.8348563929025403e-17,2,"[0.0, 0.0, 0.0]","{""1,0"": 0.0, ""2,0"": 0.0, ""2,1"": 0.0}",,,,,True,,True,
sensitivity,linear_drift,"{""drift_rate"": 0.05}",0.1,500.0,0.5,3.0,1024,42,SECOND,0.0,4.073546362201167e-17,2,"[0.0, 0.0, 0.0]","{""1,0"": 0.0, ""2,0"": 0.0, ""2,1"": 0.0}",,,,,True,,True,
sensitivity,linear_drift,"{""drift_rate"": 0.05}",0.1,500.0,0.5,3.0,1024,43,SECOND,0.0,4.875799568240468e-17,2,"[0.0, 0.0, 0.0]","{""1,0"": 0.0, ""2,0"": 0.0, ""2,1"": 0.0}",,,,,True,,True,
sensitivity,linear_drift,"{""drift_rate"": 0.05}",0.1,500.0,0.5,3.0,1024,44,SECOND,0.0,4.615428004726742e-17,2,"[0.0, 0.0, 0.0]","{""1,0"": 0.0, ""2,0"": 0.0, ""2,1"": 0.0}",,,,,True,,True,
sensitivity,linear_drift,"{""drift_rate"": 0.05}",0.1,500.0,0.5,5.0,1024,42,SECOND,0.0,6.824066223624423e-17,2,"[0.0, 0.0, 0.0]","{""1,0"": 0.0, ""2,0"": 0.0, ""2,1"": 0.0}",,,,,True,,True,
sensitivity,linear_drift,"{""drift_rate"": 0.05}",0.1,500.0,0.5,5.0,1024,43,SECOND,0.0,6.962082529997285e-17,2,"[0.0, 0.0, 0.0]","{""1,0"": 0.0, ""2,0"": 0.0, ""2,1"": 0.0}",,,,,True,,True,
sensitivity,linear_drift,"{""drift_rate"": 0.05}",0.1,500.0,0.5,5.0,1024,44,SECOND,0.0,8.103182792672099e-17,2,"[0.0, 0.0, 0.0]","{""1,0"": 0.0, ""2,0"": 0.0, ""2,1"": 0.0}",,,,,True,,True,
sensitivity,linear_drift,"{""drift_rate"": 0.05}",0.1,500.0,1.0,1.0,1024,42,SECOND,0.0,3.567402816643054e-17,2,"[0.0, 0.0, 0.0]","{""1,0"": 0.0, ""2,0"": 0.0, ""2,1"": 0.0}",,,,,True,,True,
sensitivity,linear_drift,"{""drift_rate"": 0.05}",0.1,500.0,1.0,1.0,1024,43,SECOND,0.0,3.910603257252412e-17,2,"[0.0, 0.0, 0.0]","{""1,0"": 0.0, ""2,0"": 0.0, ""2,1"": 0.0}",,,,,True,,True,
sensitivity,linear_drift,"{""drift_rate"": 0.05}",0.1,500.0,1.0,1.0,1024,44,SECOND,0.0,3.8348563929025403e-17,2,"[0.0, 0.0, 0.0]","{""1,0"": 0.0, ""2,0"": 0.0, ""2,1"": 0.0}",,,,,True,,True,
sensitivity,linear_drift,"{""drift_rate"": 0.05}",0.1,500.0,1.0,3.0,1024,42,SECOND,0.0,4.073546362201167e-17,2,"[0.0, 0.0, 0.0]","{""1,0"": 0.0, ""2,0"": 0.0, ""2,1"": 0.0}",,,,,True,,True,
sensitivity,linear_drift,"{""drift_rate"": 0.05}",0.1,500.0,1.0,3.0,1024,43,SECOND,0.0,4.875799568240468e-17,2,"[0.0, 0.0, 0.0]","{""1,0"": 0.0, ""2,0"": 0.0, ""2,1"": 0.0}",,,,,True,,True,
sensitivity,linear_drift,"{""drift_rate"": 0.05}",0.1,500.0,1.0,3.0,1024,44,SECOND,0.0,4.615428004726742e-17,2,"[0.0, 0.0, 0.0]","{""1,0"": 0.0, ""2,0"": 0.0, ""2,1"": 0.0}",,,,,True,,True,
sensitivity,linear_drift,"{""drift_rate"": 0.05}",0.1,500.0,1.0,5.0,1024,42,SECOND,0.0,6.824066223624423e-17,2,"[0.0, 0.0, 0.0]","{""1,0"": 0.0, ""2,0"": 0.0, ""2,1"": 0.0}",,,,,True,,True,
sensitivity,linear_drift,"{""drift_rate"": 0.05}",0.1,500.0,1.0,5.0,1024,43,SECOND,0.0,6.962082529997285e-17,2,"[0.0, 0.0, 0.0]","{""1,0"": 0.0, ""2,0"": 0.0, ""2,1"": 0.0}",,,,,True,,True,
sensitivity,linear_drift,"{""drift_rate"": 0.05}",0.1,500.0,1.0,5.0,1024,44,SECOND,0.0,8.103182792672099e-17,2,"[0.0, 0.0, 0.0]","{""1,0"": 0.0, ""2,0"": 0.0, ""2,1"": 0.0}",,,,,True,,True,
sensitivity,linear_drift,"{""drift_rate"": 0.05}",0.2,100.0,0.25,1.0,1024,42,SECOND,0.0,3.567402816643054e-17,0,"[0.0, 0.0, 0.0]","{""1,0"": 0.0, ""2,0"": 0.0, ""2,1"": 0.0}",,,,,True,,True,
sensitivity,linear_drift,"{""drift_rate"": 0.05}",0.2,100.0,0.25,1.0,1024,43,SECOND,0.0,3.910603257252412e-17,0,"[0.0, 0.0, 0.0]","{""1,0"": 0.0, ""2,0"": 0.0, ""2,1"": 0.0}",,,,,True,,True,
sensitivity,linear_drift,"{""drift_rate"": 0.05}",0.2,100.0,0.25,1.0,1024,44,SECOND,0.0,3.8348563929025403e-17,0,"[0.0, 0.0, 0.0]","{""1,0"": 0.0, ""2,0"": 0.0, ""2,1"": 0.0}",,,,,True,,True,
sensitivity,linear_drift,"{""drift_rate"": 0.05}",0.2,100.0,0.25,3.0,1024,42,SECOND,0.0,4.073546362201167e-17,0,"[0.0, 0.0, 0.0]","{""1,0"": 0.0, ""2,0"": 0.0, ""2,1"": 0.0}",,,,,True,,True,
sensitivity,linear_drift,"{""drift_rate"": 0.05}",0.2,100.0,0.25,3.0,1024,43,SECOND,0.0,4.875799568240468e-17,0,"[0.0, 0.0, 0.0]","{""1,0"": 0.0, ""2,0"": 0.0, ""2,1"": 0.0}",,,,,True,,True,
sensitivity,linear_drift,"{""drift_rate"": 0.05}",0.2,100.0,0.25,3.0,1024,44,SECOND,0.0,4.615428004726742e-17,0,"[0.0, 0.0, 0.0]","{""1,0"": 0.0, ""2,0"": 0.0, ""2,1"": 0.0}",,,,,True,,True,
sensitivity,linear_drift,"{""drift_rate"": 0.05}",0.2,100.0,0.25,5.0,1024,42,SECOND,0.0,6.824066223624423e-17,0,"[0.0, 0.0, 0.0]","{""1,0"": 0.0, ""2,0"": 0.0, ""2,1"": 0.0}",,,,,True,,True,
sensitivity,linear_drift,"{""drift_rate"": 0.05}",0.2,100.0,0.25,5.0,1024,43,SECOND,0.0,6.962082529997285e-17,0,"[0.0, 0.0, 0.0]","{""1,0"": 0.0, ""2,0"": 0.0, ""2,1"": 0.0}",,,,,True,,True,
sensitivity,linear_drift,"{""drift_rate"": 0.05}",0.2,100.0,0.25,5.0,1024,44,SECOND,0.0,8.103182792672099e-17,0,"[0.0, 0.0, 0.0]","{""1,0"": 0.0, ""2,0"": 0.0, ""2,1"": 0.0}",,,,,True,,True,
sensitivity,linear_drift,"{""drift_rate"": 0.05}",0.2,100.0,0.5,1.0,1024,42,SECOND,0.0,3.567402816643054e-17,0,"[0.0, 0.0, 0.0]","{""1,0"": 0.0, ""2,0"": 0.0, ""2,1"": 0.0}",,,,,True,,True,
sensitivity,linear_drift,"{""drift_rate"": 0.05}",0.2,100.0,0.5,1.0,1024,43,SECOND,0.0,3.910603257252412e-17,0,"[0.0, 0.0, 0.0]","{""1,0"": 0.0, ""2,0"": 0.0, ""2,1"": 0.0}",,,,,True,,True,
sensitivity,linear_drift,"{""drift_rate"": 0.05}",0.2,100.0,0.5,1.0,1024,44,SECOND,0.0,3.8348563929025403e-17,0,"[0.0, 0.0, 0.0]","{""1,0"": 0.0, ""2,0"": 0.0, ""2,1"": 0.0}",,,,,True,,True,
sensitivity,linear_drift,"{""drift_rate"": 0.05}",0.2,100.0,0.5,3.0,1024,42,SECOND,0.0,4.073546362201167e-17,0,"[0.0, 0.0, 0.0]","{""1,0"": 0.0, ""2,0"": 0.0, ""2,1"": 0.0}",,,,,True,,True,
sensitivity,linear_drift,"{""drift_rate"": 0.05}",0.2,100.0,0.5,3.0,1024,43,SECOND,0.0,4.875799568240468e-17,0,"[0.0, 0.0, 0.0]","{""1,0"": 0.0, ""2,0"": 0.0, ""2,1"": 0.0}",,,,,True,,True,
sensitivity,linear_drift,"{""drift_rate"": 0.05}",0.2,100.0,0.5,3.0,1024,44,SECOND,0.0,4.615428004726742e-17,0,"[0.0, 0.0, 0.0]","{""1,0"": 0.0, ""2,0"": 0.0, ""2,1"": 0.0}",,,,,True,,True,
sensitivity,linear_drift,"{""drift_rate"": 0.05}",0.2,100.0,0.5,5.0,1024,42,SECOND,0.0,6.824066223624423e-17,0,"[0.0, 0.0, 0.0]","{""1,0"": 0.0, ""2,0"": 0.0, ""2,1"": 0.0}",,,,,True,,True,
sensitivity,linear_drift,"{""drift_rate"": 0.05}",0.2,100.0,0.5,5.0,1024,43,SECOND,0.0,6.962082529997285e-17,0,"[0.0, 0.0, 0.0]","{""1,0"": 0.0, ""2,0"": 0.0, ""2,1"": 0.0}",,,,,True,,True,
sensitivity,linear_drift,"{""drift_rate"": 0.05}",0.2,100.0,0.5,5.0,1024,44,SECOND,0.0,8.103182792672099e-17,0,"[0.0, 0.0, 0.0]","{""1,0"": 0.0, ""2,0"": 0.0, ""2,1"": 0.0}",,,,,True,,True,
sensitivity,linear_drift,"{""drift_rate"": 0.05}",0.2,100.0,1.0,1.0,1024,42,SECOND,0.0,3.567402816643054e-17,0,"[0.0, 0.0, 0.0]","{""1,0"": 0.0, ""2,0"": 0.0, ""2,1"": 0.0}",,,,,True,,True,
sensitivity,linear_drift,"{""drift_rate"": 0.05}",0.2,100.0,1.0,1.0,1024,43,SECOND,0.0,3.910603257252412e-17,0,"[0.0, 0.0, 0.0]","{""1,0"": 0.0, ""2,0"": 0.0, ""2,1"": 0.0}",,,,,True,,True,
sensitivity,linear_drift,"{""drift_rate"": 0.05}",0.2,100.0,1.0,1.0,1024,44,SECOND,0.0,3.8348563929025403e-17,0,"[0.0, 0.0, 0.0]","{""1,0"": 0.0, ""2,0"": 0.0, ""2,1"": 0.0}",,,,,True,,True,
sensitivity,linear_drift,"{""drift_rate"": 0.05}",0.2,100.0,1.0,3.0,1024,42,SECOND,0.0,4.073546362201167e-17,0,"[0.0, 0.0, 0.0]","{""1,0"": 0.0, ""2,0"": 0.0, ""2,1"": 0.0}",,,,,True,,True,
sensitivity,linear_drift,"{""drift_rate"": 0.05}",0.2,100.0,1.0,3.0,1024,43,SECOND,0.0,4.875799568240468e-17,0,"[0.0, 0.0, 0.0]","{""1,0"": 0.0, ""2,0"": 0.0, ""2,1"": 0.0}",,,,,True,,True,
sensitivity,linear_drift,"{""drift_rate"": 0.05}",0.2,100.0,1.0,3.0,1024,44,SECOND,0.0,4.615428004726742e-17,0,"[0.0, 0.0, 0.0]","{""1,0"": 0.0, ""2,0"": 0.0, ""2,1"": 0.0}",,,,,True,,True,
sensitivity,linear_drift,"{""drift_rate"": 0.05}",0.2,100.0,1.0,5.0,1024,42,SECOND,0.0,6.824066223624423e-17,0,"[0.0, 0.0, 0.0]","{""1,0"": 0.0, ""2,0"": 0.0, ""2,1"": 0.0}",,,,,True,,True,
sensitivity,linear_drift,"{""drift_rate"": 0.05}",0.2,100.0,1.0,5.0,1024,43,SECOND,0.0,6.962082529997285e-17,0,"[0.0, 0.0, 0.0]","{""1,0"": 0.0, ""2,0"": 0.0, ""2,1"": 0.0}",,,,,True,,True,
sensitivity,linear_drift,"{""drift_rate"": 0.05}",0.2,100.0,1.0,5.0,1024,44,SECOND,0.0,8.103182792672099e-17,0,"[0.0, 0.0, 0.0]","{""1,0"": 0.0, ""2,0"": 0.0, ""2,1"": 0.0}",,,,,True,,True,
sensitivity,linear_drift,"{""drift_rate"": 0.05}",0.2,200.0,0.25,1.0,1024,42,SECOND,0.0,3.567402816643054e-17,0,"[0.0, 0.0, 0.0]","{""1,0"": 0.0, ""2,0"": 0.0, ""2,1"": 0.0}",,,,,True,,True,
sensitivity,linear_drift,"{""drift_rate"": 0.05}",0.2,200.0,0.25,1.0,1024,43,SECOND,0.0,3.910603257252412e-17,0,"[0.0, 0.0, 0.0]","{""1,0"": 0.0, ""2,0"": 0.0, ""2,1"": 0.0}",,,,,True,,True,
sensitivity,linear_drift,"{""drift_rate"": 0.05}",0.2,200.0,0.25,1.0,1024,44,SECOND,0.0,3.8348563929025403e-17,0,"[0.0, 0.0, 0.0]","{""1,0"": 0.0, ""2,0"": 0.0, ""2,1"": 0.0}",,,,,True,,True,
sensitivity,linear_drift,"{""drift_rate"": 0.05}",0.2,200.0,0.25,3.0,1024,42,SECOND,0.0,4.073546362201167e-17,0,"[0.0, 0.0, 0.0]","{""1,0"": 0.0, ""2,0"": 0.0, ""2,1"": 0.0}",,,,,True,,True,
sensitivity,linear_drift,"{""drift_rate"": 0.05}",0.2,200.0,0.25,3.0,1024,43,SECOND,0.0,4.875799568240468e-17,0,"[0.0, 0.0, 0.0]","{""1,0"": 0.0, ""2,0"": 0.0, ""2,1"": 0.0}",,,,,True,,True,
sensitivity,linear_drift,"{""drift_rate"": 0.05}",0.2,200.0,0.25,3.0,1024,44,SECOND,0.0,4.615428004726742e-17,0,"[0.0, 0.0, 0.0]","{""1,0"": 0.0, ""2,0"": 0.0, ""2,1"": 0.0}",,,,,True,,True,
sensitivity,linear_drift,"{""drift_rate"": 0.05}",0.2,200.0,0.25,5.0,1024,42,SECOND,0.0,6.824066223624423e-17,0,"[0.0, 0.0, 0.0]","{""1,0"": 0.0, ""2,0"": 0.0, ""2,1"": 0.0}",,,,,True,,True,
sensitivity,linear_drift,"{""drift_rate"": 0.05}",0.2,200.0,0.25,5.0,1024,43,SECOND,0.0,6.962082529997285e-17,0,"[0.0, 0.0, 0.0]","{""1,0"": 0.0, ""2,0"": 0.0, ""2,1"": 0.0}",,,,,True,,True,
sensitivity,linear_drift,"{""drift_rate"": 0.05}",0.2,200.0,0.25,5.0,1024,44,SECOND,0.0,8.103182792672099e-17,0,"[0.0, 0.0, 0.0]","{""1,0"": 0.0, ""2,0"": 0.0, ""2,1"": 0.0}",,,,,True,,True,
sensitivity,linear_drift,"{""drift_rate"": 0.05}",0.2,200.0,0.5,1.0,1024,42,SECOND,0.0,3.567402816643054e-17,0,"[0.0, 0.0, 0.0]","{""1,0"": 0.0, ""2,0"": 0.0, ""2,1"": 0.0}",,,,,True,,True,
sensitivity,linear_drift,"{""drift_rate"": 0.05}",0.2,200.0,0.5,1.0,1024,43,SECOND,0.0,3.910603257252412e-17,0,"[0.0, 0.0, 0.0]","{""1,0"": 0.0, ""2,0"": 0.0, ""2,1"": 0.0}",,,,,True,,True,
sensitivity,linear_drift,"{""drift_rate"": 0.05}",0.2,200.0,0.5,1.0,1024,44,SECOND,0.0,3.8348563929025403e-17,0,"[0.0, 0.0, 0.0]","{""1,0"": 0.0, ""2,0"": 0.0, ""2,1"": 0.0}",,,,,True,,True,
sensitivity,linear_drift,"{""drift_rate"": 0.05}",0.2,200.0,0.5,3.0,1024,42,SECOND,0.0,4.073546362201167e-17,0,"[0.0, 0.0, 0.0]","{""1,0"": 0.0, ""2,0"": 0.0, ""2,1"": 0.0}",,,,,True,,True,
sensitivity,linear_drift,"{""drift_rate"": 0.05}",0.2,200.0,0.5,3.0,1024,43,SECOND,0.0,4.875799568240468e-17,0,"[0.0, 0.0, 0.0]","{""1,0"": 0.0, ""2,0"": 0.0, ""2,1"": 0.0}",,,,,True,,True,
sensitivity,linear_drift,"{""drift_rate"": 0.05}",0.2,200.0,0.5,3.0,1024,44,SECOND,0.0,4.615428004726742e-17,0,"[0.0, 0.0, 0.0]","{""1,0"": 0.0, ""2,0"": 0.0, ""2,1"": 0.0}",,,,,True,,True,
sensitivity,linear_drift,"{""drift_rate"": 0.05}",0.2,200.0,0.5,5.0,1024,42,SECOND,0.0,6.824066223624423e-17,0,"[0.0, 0.0, 0.0]","{""1,0"": 0.0, ""2,0"": 0.0, ""2,1"": 0.0}",,,,,True,,True,
sensitivity,linear_drift,"{""drift_rate"": 0.05}",0.2,200.0,0.5,5.0,1024,43,SECOND,0.0,6.962082529997285e-17,0,"[0.0, 0.0, 0.0]","{""1,0"": 0.0, ""2,0"": 0.0, ""2,1"": 0.0}",,,,,True,,True,
sensitivity,linear_drift,"{""drift_rate"": 0.05}",0.2,200.0,0.5,5.0,1024,44,SECOND,0.0,8.103182792672099e-17,0,"[0.0, 0.0, 0.0]","{""1,0"": 0.0, ""2,0"": 0.0, ""2,1"": 0.0}",,,,,True,,True,
sensitivity,linear_drift,"{""drift_rate"": 0.05}",0.2,200.0,1.0,1.0,1024,42,SECOND,0.0,3.567402816643054e-17,0,"[0.0, 0.0, 0.0]","{""1,0"": 0.0, ""2,0"": 0.0, ""2,1"": 0.0}",,,,,True,,True,
sensitivity,linear_drift,"{""drift_rate"": 0.05}",0.2,200.0,1.0,1.0,1024,43,SECOND,0.0,3.910603257252412e-17,0,"[0.0, 0.0, 0.0]","{""1,0"": 0.0, ""2,0"": 0.0, ""2,1"": 0.0}",,,,,True,,True,
sensitivity,linear_drift,"{""drift_rate"": 0.05}",0.2,200.0,1.0,1.0,1024,44,SECOND,0.0,3.8348563929025403e-17,0,"[0.0, 0.0, 0.0]","{""1,0"": 0.0, ""2,0"": 0.0, ""2,1"": 0.0}",,,,,True,,True,
sensitivity,linear_drift,"{""drift_rate"": 0.05}",0.2,200.0,1.0,3.0,1024,42,SECOND,0.0,4.073546362201167e-17,0,"[0.0, 0.0, 0.0]","{""1,0"": 0.0, ""2,0"": 0.0, ""2,1"": 0.0}",,,,,True,,True,
sensitivity,linear_drift,"{""drift_rate"": 0.05}",0.2,200.0,1.0,3.0,1024,43,SECOND,0.0,4.875799568240468e-17,0,"[0.0, 0.0, 0.0]","{""1,0"": 0.0, ""2,0"": 0.0, ""2,1"": 0.0}",,,,,True,,True,
sensitivity,linear_drift,"{""drift_rate"": 0.05}",0.2,200.0,1.0,3.0,1024,44,SECOND,0.0,4.615428004726742e-17,0,"[0.0, 0.0, 0.0]","{""1,0"": 0.0, ""2,0"": 0.0, ""2,1"": 0.0}",,,,,True,,True,
sensitivity,linear_drift,"{""drift_rate"": 0.05}",0.2,200.0,1.0,5.0,1024,42,SECOND,0.0,6.824066223624423e-17,0,"[0.0, 0.0, 0.0]","{""1,0"": 0.0, ""2,0"": 0.0, ""2,1"": 0.0}",,,,,True,,True,
sensitivity,linear_drift,"{""drift_rate"": 0.05}",0.2,200.0,1.0,5.0,1024,43,SECOND,0.0,6.962082529997285e-17,0,"[0.0, 0.0, 0.0]","{""1,0"": 0.0, ""2,0"": 0.0, ""2,1"": 0.0}",,,,,True,,True,
sensitivity,linear_drift,"{""drift_rate"": 0.05}",0.2,200.0,1.0,5.0,1024,44,SECOND,0.0,8.103182792672099e-17,0,"[0.0, 0.0, 0.0]","{""1,0"": 0.0, ""2,0"": 0.0, ""2,1"": 0.0}",,,,,True,,True,
sensitivity,linear_drift,"{""drift_rate"": 0.05}",0.2,500.0,0.25,1.0,1024,42,SECOND,0.0,3.567402816643054e-17,0,"[0.0, 0.0, 0.0]","{""1,0"": 0.0, ""2,0"": 0.0, ""2,1"": 0.0}",,,,,True,,True,
sensitivity,linear_drift,"{""drift_rate"": 0.05}",0.2,500.0,0.25,1.0,1024,43,SECOND,0.0,3.910603257252412e-17,0,"[0.0, 0.0, 0.0]","{""1,0"": 0.0, ""2,0"": 0.0, ""2,1"": 0.0}",,,,,True,,True,
sensitivity,linear_drift,"{""drift_rate"": 0.05}",0.2,500.0,0.25,1.0,1024,44,SECOND,0.0,3.8348563929025403e-17,0,"[0.0, 0.0, 0.0]","{""1,0"": 0.0, ""2,0"": 0.0, ""2,1"": 0.0}",,,,,True,,True,
sensitivity,linear_drift,"{""drift_rate"": 0.05}",0.2,500.0,0.25,3.0,1024,42,SECOND,0.0,4.073546362201167e-17,0,"[0.0, 0.0, 0.0]","{""1,0"": 0.0, ""2,0"": 0.0, ""2,1"": 0.0}",,,,,True,,True,
sensitivity,linear_drift,"{""drift_rate"": 0.05}",0.2,500.0,0.25,3.0,1024,43,SECOND,0.0,4.875799568240468e-17,0,"[0.0, 0.0, 0.0]","{""1,0"": 0.0, ""2,0"": 0.0, ""2,1"": 0.0}",,,,,True,,True,
sensitivity,linear_drift,"{""drift_rate"": 0.05}",0.2,500.0,0.25,3.0,1024,44,SECOND,0.0,4.615428004726742e-17,0,"[0.0, 0.0, 0.0]","{""1,0"": 0.0, ""2,0"": 0.0, ""2,1"": 0.0}",,,,,True,,True,
sensitivity,linear_drift,"{""drift_rate"": 0.05}",0.2,500.0,0.25,5.0,1024,42,SECOND,0.0,6.824066223624423e-17,0,"[0.0, 0.0, 0.0]","{""1,0"": 0.0, ""2,0"": 0.0, ""2,1"": 0.0}",,,,,True,,True,
sensitivity,linear_drift,"{""drift_rate"": 0.05}",0.2,500.0,0.25,5.0,1024,43,SECOND,0.0,6.962082529997285e-17,0,"[0.0, 0.0, 0.0]","{""1,0"": 0.0, ""2,0"": 0.0, ""2,1"": 0.0}",,,,,True,,True,
sensitivity,linear_drift,"{""drift_rate"": 0.05}",0.2,500.0,0.25,5.0,1024,44,SECOND,0.0,8.103182792672099e-17,0,"[0.0, 0.0, 0.0]","{""1,0"": 0.0, ""2,0"": 0.0, ""2,1"": 0.0}",,,,,True,,True,
sensitivity,linear_drift,"{""drift_rate"": 0.05}",0.2,500.0,0.5,1.0,1024,42,SECOND,0.0,3.567402816643054e-17,0,"[0.0, 0.0, 0.0]","{""1,0"": 0.0, ""2,0"": 0.0, ""2,1"": 0.0}",,,,,True,,True,
sensitivity,linear_drift,"{""drift_rate"": 0.05}",0.2,500.0,0.5,1.0,1024,43,SECOND,0.0,3.910603257252412e-17,0,"[0.0, 0.0, 0.0]","{""1,0"": 0.0, ""2,0"": 0.0, ""2,1"": 0.0}",,,,,True,,True,
sensitivity,linear_drift,"{""drift_rate"": 0.05}",0.2,500.0,0.5,1.0,1024,44,SECOND,0.0,3.8348563929025403e-17,0,"[0.0, 0.0, 0.0]","{""1,0"": 0.0, ""2,0"": 0.0, ""2,1"": 0.0}",,,,,True,,True,
sensitivity,linear_drift,"{""drift_rate"": 0.05}",0.2,500.0,0.5,3.0,1024,42,SECOND,0.0,4.073546362201167e-17,0,"[0.0, 0.0, 0.0]","{""1,0"": 0.0, ""2,0"": 0.0, ""2,1"": 0.0}",,,,,True,,True,
sensitivity,linear_drift,"{""drift_rate"": 0.05}",0.2,500.0,0.5,3.0,1024,43,SECOND,0.0,4.875799568240468e-17,0,"[0.0, 0.0, 0.0]","{""1,0"": 0.0, ""2,0"": 0.0, ""2,1"": 0.0}",,,,,True,,True,
sensitivity,linear_drift,"{""drift_rate"": 0.05}",0.2,500.0,0.5,3.0,1024,44,SECOND,0.0,4.615428004726742e-17,0,"[0.0, 0.0, 0.0]","{""1,0"": 0.0, ""2,0"": 0.0, ""2,1"": 0.0}",,,,,True,,True,
sensitivity,linear_drift,"{""drift_rate"": 0.05}",0.2,500.0,0.5,5.0,1024,42,SECOND,0.0,6.824066223624423e-17,0,"[0.0, 0.0, 0.0]","{""1,0"": 0.0, ""2,0"": 0.0, ""2,1"": 0.0}",,,,,True,,True,
sensitivity,linear_drift,"{""drift_rate"": 0.05}",0.2,500.0,0.5,5.0,1024,43,SECOND,0.0,6.962082529997285e-17,0,"[0.0, 0.0, 0.0]","{""1,0"": 0.0, ""2,0"": 0.0, ""2,1"": 0.0}",,,,,True,,True,
sensitivity,linear_drift,"{""drift_rate"": 0.05}",0.2,500.0,0.5,5.0,1024,44,SECOND,0.0,8.103182792672099e-17,0,"[0.0, 0.0, 0.0]","{""1,0"": 0.0, ""2,0"": 0.0, ""2,1"": 0.0}",,,,,True,,True,
sensitivity,linear_drift,"{""drift_rate"": 0.05}",0.2,500.0,1.0,1.0,1024,42,SECOND,0.0,3.567402816643054e-17,0,"[0.0, 0.0, 0.0]","{""1,0"": 0.0, ""2,0"": 0.0, ""2,1"": 0.0}",,,,,True,,True,
sensitivity,linear_drift,"{""drift_rate"": 0.05}",0.2,500.0,1.0,1.0,1024,43,SECOND,0.0,3.910603257252412e-17,0,"[0.0, 0.0, 0.0]","{""1,0"": 0.0, ""2,0"": 0.0, ""2,1"": 0.0}",,,,,True,,True,
sensitivity,linear_drift,"{""drift_rate"": 0.05}",0.2,500.0,1.0,1.0,1024,44,SECOND,0.0,3.8348563929025403e-17,0,"[0.0, 0.0, 0.0]","{""1,0"": 0.0, ""2,0"": 0.0, ""2,1"": 0.0}",,,,,True,,True,
sensitivity,linear_drift,"{""drift_rate"": 0.05}",0.2,500.0,1.0,3.0,1024,42,SECOND,0.0,4.073546362201167e-17,0,"[0.0, 0.0, 0.0]","{""1,0"": 0.0, ""2,0"": 0.0, ""2,1"": 0.0}",,,,,True,,True,
sensitivity,linear_drift,"{""drift_rate"": 0.05}",0.2,500.0,1.0,3.0,1024,43,SECOND,0.0,4.875799568240468e-17,0,"[0.0, 0.0, 0.0]","{""1,0"": 0.0, ""2,0"": 0.0, ""2,1"": 0.0}",,,,,True,,True,
sensitivity,linear_drift,"{""drift_rate"": 0.05}",0.2,500.0,1.0,3.0,1024,44,SECOND,0.0,4.615428004726742e-17,0,"[0.0, 0.0, 0.0]","{""1,0"": 0.0, ""2,0"": 0.0, ""2,1"": 0.0}",,,,,True,,True,
sensitivity,linear_drift,"{""drift_rate"": 0.05}",0.2,500.0,1.0,5.0,1024,42,SECOND,0.0,6.824066223624423e-17,0,"[0.0, 0.0, 0.0]","{""1,0"": 0.0, ""2,0"": 0.0, ""2,1"": 0.0}",,,,,True,,True,
sensitivity,linear_drift,"{""drift_rate"": 0.05}",0.2,500.0,1.0,5.0,1024,43,SECOND,0.0,6.962082529997285e-17,0,"[0.0, 0.0, 0.0]","{""1,0"": 0.0, ""2,0"": 0.0, ""2,1"": 0.0}",,,,,True,,True,
sensitivity,linear_drift,"{""drift_rate"": 0.05}",0.2,500.0,1.0,5.0,1024,44,SECOND,0.0,8.103182792672099e-17,0,"[0.0, 0.0, 0.0]","{""1,0"": 0.0, ""2,0"": 0.0, ""2,1"": 0.0}",,,,,True,,True,
sensitivity,accelerating,"{""accel_mag"": 0.2}",0.05,100.0,0.25,1.0,1024,42,SECOND,0.10499953959948466,0.20000001788139343,6,"[0.05249976979974233, 0.10499953959948466, 0.05249976979974233]","{""1,0"": 0.05249976979974233, ""2,0"": 0.0, ""2,1"": 0.05249976979974233}",1,1,2.0,1,True,True,True,
sensitivity,accelerating,"{""accel_mag"": 0.2}",0.05,100.0,0.25,1.0,1024,43,SECOND,0.10499954890816612,0.20000003278255463,6,"[0.05249977445408306, 0.10499954890816612, 0.05249977445408306]","{""1,0"": 0.05249977445408306, ""2,0"": 0.0, ""2,1"": 0.05249977445408306}",1,1,2.0,1,True,True,True,
sensitivity,accelerating,"{""accel_mag"": 0.2}",0.05,100.0,0.25,1.0,1024,44,SECOND,0.10499954425382582,0.20000003278255463,6,"[0.05249977212691291, 0.10499954425382582, 0.05249977212691291]","{""1,0"": 0.05249977212691291, ""2,0"": 0.0, ""2,1"": 0.05249977212691291}",1,1,2.0,1,True,True,True,
sensitivity,accelerating,"{""accel_mag"": 0.2}",0.05,100.0,0.25,3.0,1024,42,SECOND,0.10499953959948466,0.20000001788139343,6,"[0.05249976979974233, 0.10499953959948466, 0.05249976979974233]","{""1,0"": 0.05249976979974233, ""2,0"": 0.0, ""2,1"": 0.05249976979974233}",1,1,2.0,1,True,True,True,
sensitivity,accelerating,"{""accel_mag"": 0.2}",0.05,100.0,0.25,3.0,1024,43,SECOND,0.10499954890816612,0.20000003278255463,6,"[0.05249977445408306, 0.10499954890816612, 0.05249977445408306]","{""1,0"": 0.05249977445408306, ""2,0"": 0.0, ""2,1"": 0.05249977445408306}",1,1,2.0,1,True,True,True,
sensitivity,accelerating,"{""accel_mag"": 0.2}",0.05,100.0,0.25,3.0,1024,44,SECOND,0.10499953959948466,0.20000001788139343,6,"[0.05249976979974233, 0.10499953959948466, 0.05249976979974233]","{""1,0"": 0.05249976979974233, ""2,0"": 0.0, ""2,1"": 0.05249976979974233}",1,1,2.0,1,True,True,True,
sensitivity,accelerating,"{""accel_mag"": 0.2}",0.05,100.0,0.25,5.0,1024,42,SECOND,0.10499953959948466,0.20000001788139343,6,"[0.05249976979974233, 0.10499953959948466, 0.05249976979974233]","{""1,0"": 0.05249976979974233, ""2,0"": 0.0, ""2,1"": 0.05249976979974233}",1,1,2.0,1,True,True,True,
sensitivity,accelerating,"{""accel_mag"": 0.2}",0.05,100.0,0.25,5.0,1024,43,SECOND,0.10499954890816612,0.20000003278255463,6,"[0.05249977445408306, 0.10499954890816612, 0.05249977445408306]","{""1,0"": 0.05249977445408306, ""2,0"": 0.0, ""2,1"": 0.05249977445408306}",1,1,2.0,1,True,True,True,
sensitivity,accelerating,"{""accel_mag"": 0.2}",0.05,100.0,0.25,5.0,1024,44,SECOND,0.10499953959948466,0.20000001788139343,6,"[0.05249976979974233, 0.10499953959948466, 0.05249976979974233]","{""1,0"": 0.05249976979974233, ""2,0"": 0.0, ""2,1"": 0.05249976979974233}",1,1,2.0,1,True,True,True,
sensitivity,accelerating,"{""accel_mag"": 0.2}",0.05,100.0,0.5,1.0,1024,42,SECOND,0.11529165025277806,0.20000001788139343,6,"[0.05764582512638903, 0.11529165025277806, 0.05764582512638903]","{""1,0"": 0.05764582512638903, ""2,0"": 0.0, ""2,1"": 0.05764582512638903}",1,1,2.0,1,True,True,True,
sensitivity,accelerating,"{""accel_mag"": 0.2}",0.05,100.0,0.5,1.0,1024,43,SECOND,0.11529166132108244,0.20000003278255463,6,"[0.05764583066054122, 0.11529166132108244, 0.05764583066054122]","{""1,0"": 0.05764583066054122, ""2,0"": 0.0, ""2,1"": 0.05764583066054122}",1,1,2.0,1,True,True,True,
sensitivity,accelerating,"{""accel_mag"": 0.2}",0.05,100.0,0.5,1.0,1024,44,SECOND,0.11529165578693097,0.20000003278255463,6,"[0.057645827893465486, 0.11529165578693097, 0.057645827893465486]","{""1,0"": 0.057645827893465486, ""2,0"": 0.0, ""2,1"": 0.057645827893465486}",1,1,2.0,1,True,True,True,
sensitivity,accelerating,"{""accel_mag"": 0.2}",0.05,100.0,0.5,3.0,1024,42,SECOND,0.11529165025277806,0.20000001788139343,6,"[0.05764582512638903, 0.11529165025277806, 0.05764582512638903]","{""1,0"": 0.05764582512638903, ""2,0"": 0.0, ""2,1"": 0.05764582512638903}",1,1,2.0,1,True,True,True,
sensitivity,accelerating,"{""accel_mag"": 0.2}",0.05,100.0,0.5,3.0,1024,43,SECOND,0.11529166132108244,0.20000003278255463,6,"[0.05764583066054122, 0.11529166132108244, 0.05764583066054122]","{""1,0"": 0.05764583066054122, ""2,0"": 0.0, ""2,1"": 0.05764583066054122}",1,1,2.0,1,True,True,True,
sensitivity,accelerating,"{""accel_mag"": 0.2}",0.05,100.0,0.5,3.0,1024,44,SECOND,0.11529165025277806,0.20000001788139343,6,"[0.05764582512638903, 0.11529165025277806, 0.05764582512638903]","{""1,0"": 0.05764582512638903, ""2,0"": 0.0, ""2,1"": 0.05764582512638903}",1,1,2.0,1,True,True,True,
sensitivity,accelerating,"{""accel_mag"": 0.2}",0.05,100.0,0.5,5.0,1024,42,SECOND,0.11529165025277806,0.20000001788139343,6,"[0.05764582512638903, 0.11529165025277806, 0.05764582512638903]","{""1,0"": 0.05764582512638903, ""2,0"": 0.0, ""2,1"": 0.05764582512638903}",1,1,2.0,1,True,True,True,
sensitivity,accelerating,"{""accel_mag"": 0.2}",0.05,100.0,0.5,5.0,1024,43,SECOND,0.11529166132108244,0.20000003278255463,6,"[0.05764583066054122, 0.11529166132108244, 0.05764583066054122]","{""1,0"": 0.05764583066054122, ""2,0"": 0.0, ""2,1"": 0.05764583066054122}",1,1,2.0,1,True,True,True,
sensitivity,accelerating,"{""accel_mag"": 0.2}",0.05,100.0,0.5,5.0,1024,44,SECOND,0.11529165025277806,0.20000001788139343,6,"[0.05764582512638903, 0.11529165025277806, 0.05764582512638903]","{""1,0"": 0.05764582512638903, ""2,0"": 0.0, ""2,1"": 0.05764582512638903}",1,1,2.0,1,True,True,True,
sensitivity,accelerating,"{""accel_mag"": 0.2}",0.05,100.0,1.0,1.0,1024,42,SECOND,0.11855831994126248,0.20000001788139343,6,"[0.05927915997063124, 0.11855831994126248, 0.05927915997063124]","{""1,0"": 0.05927915997063124, ""2,0"": 0.0, ""2,1"": 0.05927915997063124}",1,1,2.0,1,True,True,True,
sensitivity,accelerating,"{""accel_mag"": 0.2}",0.05,100.0,1.0,1.0,1024,43,SECOND,0.11855833163069457,0.20000003278255463,6,"[0.059279165815347284, 0.11855833163069457, 0.059279165815347284]","{""1,0"": 0.059279165815347284, ""2,0"": 0.0, ""2,1"": 0.059279165815347284}",1,1,2.0,1,True,True,True,
sensitivity,accelerating,"{""accel_mag"": 0.2}",0.05,100.0,1.0,1.0,1024,44,SECOND,0.11855832578597919,0.20000003278255463,6,"[0.059279162892989595, 0.11855832578597919, 0.059279162892989595]","{""1,0"": 0.059279162892989595, ""2,0"": 0.0, ""2,1"": 0.059279162892989595}",1,1,2.0,1,True,True,True,
sensitivity,accelerating,"{""accel_mag"": 0.2}",0.05,100.0,1.0,3.0,1024,42,SECOND,0.11855831994126248,0.20000001788139343,6,"[0.05927915997063124, 0.11855831994126248, 0.05927915997063124]","{""1,0"": 0.05927915997063124, ""2,0"": 0.0, ""2,1"": 0.05927915997063124}",1,1,2.0,1,True,True,True,
sensitivity,accelerating,"{""accel_mag"": 0.2}",0.05,100.0,1.0,3.0,1024,43,SECOND,0.11855833163069457,0.20000003278255463,6,"[0.059279165815347284, 0.11855833163069457, 0.059279165815347284]","{""1,0"": 0.059279165815347284, ""2,0"": 0.0, ""2,1"": 0.059279165815347284}",1,1,2.0,1,True,True,True,
sensitivity,accelerating,"{""accel_mag"": 0.2}",0.05,100.0,1.0,3.0,1024,44,SECOND,0.11855831994126248,0.20000001788139343,6,"[0.05927915997063124, 0.11855831994126248, 0.05927915997063124]","{""1,0"": 0.05927915997063124, ""2,0"": 0.0, ""2,1"": 0.05927915997063124}",1,1,2.0,1,True,True,True,
sensitivity,accelerating,"{""accel_mag"": 0.2}",0.05,100.0,1.0,5.0,1024,42,SECOND,0.11855831994126248,0.20000001788139343,6,"[0.05927915997063124, 0.11855831994126248, 0.05927915997063124]","{""1,0"": 0.05927915997063124, ""2,0"": 0.0, ""2,1"": 0.05927915997063124}",1,1,2.0,1,True,True,True,
sensitivity,accelerating,"{""accel_mag"": 0.2}",0.05,100.0,1.0,5.0,1024,43,SECOND,0.11855833163069457,0.20000003278255463,6,"[0.059279165815347284, 0.11855833163069457, 0.059279165815347284]","{""1,0"": 0.059279165815347284, ""2,0"": 0.0, ""2,1"": 0.059279165815347284}",1,1,2.0,1,True,True,True,
sensitivity,accelerating,"{""accel_mag"": 0.2}",0.05,100.0,1.0,5.0,1024,44,SECOND,0.11855831994126248,0.20000001788139343,6,"[0.05927915997063124, 0.11855831994126248, 0.05927915997063124]","{""1,0"": 0.05927915997063124, ""2,0"": 0.0, ""2,1"": 0.05927915997063124}",1,1,2.0,1,True,True,True,
sensitivity,accelerating,"{""accel_mag"": 0.2}",0.05,200.0,0.25,1.0,1024,42,SECOND,0.10523271808799595,0.20000001788139343,6,"[0.05261635904399797, 0.10523271808799595, 0.05261635904399797]","{""1,0"": 0.05261635904399797, ""2,0"": 0.0, ""2,1"": 0.05261635904399797}",1,1,2.0,1,True,True,True,
sensitivity,accelerating,"{""accel_mag"": 0.2}",0.05,200.0,0.25,1.0,1024,43,SECOND,0.10523272739667741,0.20000003278255463,6,"[0.052616363698338706, 0.10523272739667741, 0.052616363698338706]","{""1,0"": 0.052616363698338706, ""2,0"": 0.0, ""2,1"": 0.052616363698338706}",1,1,2.0,1,True,True,True,
sensitivity,accelerating,"{""accel_mag"": 0.2}",0.05,200.0,0.25,1.0,1024,44,SECOND,0.10523272274233711,0.20000003278255463,6,"[0.052616361371168555, 0.10523272274233711, 0.052616361371168555]","{""1,0"": 0.052616361371168555, ""2,0"": 0.0, ""2,1"": 0.052616361371168555}",1,1,2.0,1,True,True,True,
sensitivity,accelerating,"{""accel_mag"": 0.2}",0.05,200.0,0.25,3.0,1024,42,SECOND,0.10523271808799595,0.20000001788139343,6,"[0.05261635904399797, 0.10523271808799595, 0.05261635904399797]","{""1,0"": 0.05261635904399797, ""2,0"": 0.0, ""2,1"": 0.05261635904399797}",1,1,2.0,1,True,True,True,
sensitivity,accelerating,"{""accel_mag"": 0.2}",0.05,200.0,0.25,3.0,1024,43,SECOND,0.10523272739667741,0.20000003278255463,6,"[0.052616363698338706, 0.10523272739667741, 0.052616363698338706]","{""1,0"": 0.052616363698338706, ""2,0"": 0.0, ""2,1"": 0.052616363698338706}",1,1,2.0,1,True,True,True,
sensitivity,accelerating,"{""accel_mag"": 0.2}",0.05,200.0,0.25,3.0,1024,44,SECOND,0.10523271808799595,0.20000001788139343,6,"[0.05261635904399797, 0.10523271808799595, 0.05261635904399797]","{""1,0"": 0.05261635904399797, ""2,0"": 0.0, ""2,1"": 0.05261635904399797}",1,1,2.0,1,True,True,True,
sensitivity,accelerating,"{""accel_mag"": 0.2}",0.05,200.0,0.25,5.0,1024,42,SECOND,0.10523271808799595,0.20000001788139343,6,"[0.05261635904399797, 0.10523271808799595, 0.05261635904399797]","{""1,0"": 0.05261635904399797, ""2,0"": 0.0, ""2,1"": 0.05261635904399797}",1,1,2.0,1,True,True,True,
sensitivity,accelerating,"{""accel_mag"": 0.2}",0.05,200.0,0.25,5.0,1024,43,SECOND,0.10523272739667741,0.20000003278255463,6,"[0.052616363698338706, 0.10523272739667741, 0.052616363698338706]","{""1,0"": 0.052616363698338706, ""2,0"": 0.0, ""2,1"": 0.052616363698338706}",1,1,2.0,1,True,True,True,
sensitivity,accelerating,"{""accel_mag"": 0.2}",0.05,200.0,0.25,5.0,1024,44,SECOND,0.10523271808799595,0.20000001788139343,6,"[0.05261635904399797, 0.10523271808799595, 0.05261635904399797]","{""1,0"": 0.05261635904399797, ""2,0"": 0.0, ""2,1"": 0.05261635904399797}",1,1,2.0,1,True,True,True,
sensitivity,accelerating,"{""accel_mag"": 0.2}",0.05,200.0,0.5,1.0,1024,42,SECOND,0.11554768502249235,0.20000001788139343,6,"[0.057773842511246176, 0.11554768502249235, 0.057773842511246176]","{""1,0"": 0.057773842511246176, ""2,0"": 0.0, ""2,1"": 0.057773842511246176}",1,1,2.0,1,True,True,True,
sensitivity,accelerating,"{""accel_mag"": 0.2}",0.05,200.0,0.5,1.0,1024,43,SECOND,0.11554769609079674,0.20000003278255463,6,"[0.05777384804539837, 0.11554769609079674, 0.05777384804539837]","{""1,0"": 0.05777384804539837, ""2,0"": 0.0, ""2,1"": 0.05777384804539837}",1,1,2.0,1,True,True,True,
sensitivity,accelerating,"{""accel_mag"": 0.2}",0.05,200.0,0.5,1.0,1024,44,SECOND,0.11554769055664527,0.20000003278255463,6,"[0.05777384527832263, 0.11554769055664527, 0.05777384527832263]","{""1,0"": 0.05777384527832263, ""2,0"": 0.0, ""2,1"": 0.05777384527832263}",1,1,2.0,1,True,True,True,
sensitivity,accelerating,"{""accel_mag"": 0.2}",0.05,200.0,0.5,3.0,1024,42,SECOND,0.11554768502249235,0.20000001788139343,6,"[0.057773842511246176, 0.11554768502249235, 0.057773842511246176]","{""1,0"": 0.057773842511246176, ""2,0"": 0.0, ""2,1"": 0.057773842511246176}",1,1,2.0,1,True,True,True,
sensitivity,accelerating,"{""accel_mag"": 0.2}",0.05,200.0,0.5,3.0,1024,43,SECOND,0.11554769609079674,0.20000003278255463,6,"[0.05777384804539837, 0.11554769609079674, 0.05777384804539837]","{""1,0"": 0.05777384804539837, ""2,0"": 0.0, ""2,1"": 0.05777384804539837}",1,1,2.0,1,True,True,True,
sensitivity,accelerating,"{""accel_mag"": 0.2}",0.05,200.0,0.5,3.0,1024,44,SECOND,0.11554768502249235,0.20000001788139343,6,"[0.057773842511246176, 0.11554768502249235, 0.057773842511246176]","{""1,0"": 0.057773842511246176, ""2,0"": 0.0, ""2,1"": 0.057773842511246176}",1,1,2.0,1,True,True,True,
sensitivity,accelerating,"{""accel_mag"": 0.2}",0.05,200.0,0.5,5.0,1024,42,SECOND,0.11554768502249235,0.20000001788139343,6,"[0.057773842511246176, 0.11554768502249235, 0.057773842511246176]","{""1,0"": 0.057773842511246176, ""2,0"": 0.0, ""2,1"": 0.057773842511246176}",1,1,2.0,1,True,True,True,
sensitivity,accelerating,"{""accel_mag"": 0.2}",0.05,200.0,0.5,5.0,1024,43,SECOND,0.11554769609079674,0.20000003278255463,6,"[0.05777384804539837, 0.11554769609079674, 0.05777384804539837]","{""1,0"": 0.05777384804539837, ""2,0"": 0.0, ""2,1"": 0.05777384804539837}",1,1,2.0,1,True,True,True,
sensitivity,accelerating,"{""accel_mag"": 0.2}",0.05,200.0,0.5,5.0,1024,44,SECOND,0.11554768502249235,0.20000001788139343,6,"[0.057773842511246176, 0.11554768502249235, 0.057773842511246176]","{""1,0"": 0.057773842511246176, ""2,0"": 0.0, ""2,1"": 0.057773842511246176}",1,1,2.0,1,True,True,True,
sensitivity,accelerating,"{""accel_mag"": 0.2}",0.05,200.0,1.0,1.0,1024,42,SECOND,0.1188216091920977,0.20000001788139343,6,"[0.05941080459604885, 0.1188216091920977, 0.05941080459604885]","{""1,0"": 0.05941080459604885, ""2,0"": 0.0, ""2,1"": 0.05941080459604885}",1,1,2.0,1,True,True,True,
sensitivity,accelerating,"{""accel_mag"": 0.2}",0.05,200.0,1.0,1.0,1024,43,SECOND,0.11882162088152978,0.20000003278255463,6,"[0.05941081044076489, 0.11882162088152978, 0.05941081044076489]","{""1,0"": 0.05941081044076489, ""2,0"": 0.0, ""2,1"": 0.05941081044076489}",1,1,2.0,1,True,True,True,
sensitivity,accelerating,"{""accel_mag"": 0.2}",0.05,200.0,1.0,1.0,1024,44,SECOND,0.1188216150368144,0.20000003278255463,6,"[0.0594108075184072, 0.1188216150368144, 0.0594108075184072]","{""1,0"": 0.0594108075184072, ""2,0"": 0.0, ""2,1"": 0.0594108075184072}",1,1,2.0,1,True,True,True,
sensitivity,accelerating,"{""accel_mag"": 0.2}",0.05,200.0,1.0,3.0,1024,42,SECOND,0.1188216091920977,0.20000001788139343,6,"[0.05941080459604885, 0.1188216091920977, 0.05941080459604885]","{""1,0"": 0.05941080459604885, ""2,0"": 0.0, ""2,1"": 0.05941080459604885}",1,1,2.0,1,True,True,True,
sensitivity,accelerating,"{""accel_mag"": 0.2}",0.05,200.0,1.0,3.0,1024,43,SECOND,0.11882162088152978,0.20000003278255463,6,"[0.05941081044076489, 0.11882162088152978, 0.05941081044076489]","{""1,0"": 0.05941081044076489, ""2,0"": 0.0, ""2,1"": 0.05941081044076489}",1,1,2.0,1,True,True,True,
sensitivity,accelerating,"{""accel_mag"": 0.2}",0.05,200.0,1.0,3.0,1024,44,SECOND,0.1188216091920977,0.20000001788139343,6,"[0.05941080459604885, 0.1188216091920977, 0.05941080459604885]","{""1,0"": 0.05941080459604885, ""2,0"": 0.0, ""2,1"": 0.05941080459604885}",1,1,2.0,1,True,True,True,
sensitivity,accelerating,"{""accel_mag"": 0.2}",0.05,200.0,1.0,5.0,1024,42,SECOND,0.1188216091920977,0.20000001788139343,6,"[0.05941080459604885, 0.1188216091920977, 0.05941080459604885]","{""1,0"": 0.05941080459604885, ""2,0"": 0.0, ""2,1"": 0.05941080459604885}",1,1,2.0,1,True,True,True,
sensitivity,accelerating,"{""accel_mag"": 0.2}",0.05,200.0,1.0,5.0,1024,43,SECOND,0.11882162088152978,0.20000003278255463,6,"[0.05941081044076489, 0.11882162088152978, 0.05941081044076489]","{""1,0"": 0.05941081044076489, ""2,0"": 0.0, ""2,1"": 0.05941081044076489}",1,1,2.0,1,True,True,True,
sensitivity,accelerating,"{""accel_mag"": 0.2}",0.05,200.0,1.0,5.0,1024,44,SECOND,0.1188216091920977,0.20000001788139343,6,"[0.05941080459604885, 0.1188216091920977, 0.05941080459604885]","{""1,0"": 0.05941080459604885, ""2,0"": 0.0, ""2,1"": 0.05941080459604885}",1,1,2.0,1,True,True,True,
sensitivity,accelerating,"{""accel_mag"": 0.2}",0.05,500.0,0.25,1.0,1024,42,SECOND,0.10523431129138752,0.20000001788139343,6,"[0.05261715564569376, 0.10523431129138752, 0.05261715564569376]","{""1,0"": 0.05261715564569376, ""2,0"": 0.0, ""2,1"": 0.05261715564569376}",1,1,2.0,1,True,True,True,
sensitivity,accelerating,"{""accel_mag"": 0.2}",0.05,500.0,0.25,1.0,1024,43,SECOND,0.10523432060006899,0.20000003278255463,6,"[0.05261716030003449, 0.10523432060006899, 0.05261716030003449]","{""1,0"": 0.05261716030003449, ""2,0"": 0.0, ""2,1"": 0.05261716030003449}",1,1,2.0,1,True,True,True,
sensitivity,accelerating,"{""accel_mag"": 0.2}",0.05,500.0,0.25,1.0,1024,44,SECOND,0.10523431594572868,0.20000003278255463,6,"[0.05261715797286434, 0.10523431594572868, 0.05261715797286434]","{""1,0"": 0.05261715797286434, ""2,0"": 0.0, ""2,1"": 0.05261715797286434}",1,1,2.0,1,True,True,True,
sensitivity,accelerating,"{""accel_mag"": 0.2}",0.05,500.0,0.25,3.0,1024,42,SECOND,0.10523431129138752,0.20000001788139343,6,"[0.05261715564569376, 0.10523431129138752, 0.05261715564569376]","{""1,0"": 0.05261715564569376, ""2,0"": 0.0, ""2,1"": 0.05261715564569376}",1,1,2.0,1,True,True,True,
sensitivity,accelerating,"{""accel_mag"": 0.2}",0.05,500.0,0.25,3.0,1024,43,SECOND,0.10523432060006899,0.20000003278255463,6,"[0.05261716030003449, 0.10523432060006899, 0.05261716030003449]","{""1,0"": 0.05261716030003449, ""2,0"": 0.0, ""2,1"": 0.05261716030003449}",1,1,2.0,1,True,True,True,
sensitivity,accelerating,"{""accel_mag"": 0.2}",0.05,500.0,0.25,3.0,1024,44,SECOND,0.10523431129138752,0.20000001788139343,6,"[0.05261715564569376, 0.10523431129138752, 0.05261715564569376]","{""1,0"": 0.05261715564569376, ""2,0"": 0.0, ""2,1"": 0.05261715564569376}",1,1,2.0,1,True,True,True,
sensitivity,accelerating,"{""accel_mag"": 0.2}",0.05,500.0,0.25,5.0,1024,42,SECOND,0.10523431129138752,0.20000001788139343,6,"[0.05261715564569376, 0.10523431129138752, 0.05261715564569376]","{""1,0"": 0.05261715564569376, ""2,0"": 0.0, ""2,1"": 0.05261715564569376}",1,1,2.0,1,True,True,True,
sensitivity,accelerating,"{""accel_mag"": 0.2}",0.05,500.0,0.25,5.0,1024,43,SECOND,0.10523432060006899,0.20000003278255463,6,"[0.05261716030003449, 0.10523432060006899, 0.05261716030003449]","{""1,0"": 0.05261716030003449, ""2,0"": 0.0, ""2,1"": 0.05261716030003449}",1,1,2.0,1,True,True,True,
sensitivity,accelerating,"{""accel_mag"": 0.2}",0.05,500.0,0.25,5.0,1024,44,SECOND,0.10523431129138752,0.20000001788139343,6,"[0.05261715564569376, 0.10523431129138752, 0.05261715564569376]","{""1,0"": 0.05261715564569376, ""2,0"": 0.0, ""2,1"": 0.05261715564569376}",1,1,2.0,1,True,True,True,
sensitivity,accelerating,"{""accel_mag"": 0.2}",0.05,500.0,0.5,1.0,1024,42,SECOND,0.11554943439253962,0.20000001788139343,6,"[0.05777471719626981, 0.11554943439253962, 0.05777471719626981]","{""1,0"": 0.05777471719626981, ""2,0"": 0.0, ""2,1"": 0.05777471719626981}",1,1,2.0,1,True,True,True,
sensitivity,accelerating,"{""accel_mag"": 0.2}",0.05,500.0,0.5,1.0,1024,43,SECOND,0.115549445460844,0.20000003278255463,6,"[0.057774722730422, 0.115549445460844, 0.057774722730422]","{""1,0"": 0.057774722730422, ""2,0"": 0.0, ""2,1"": 0.057774722730422}",1,1,2.0,1,True,True,True,
sensitivity,accelerating,"{""accel_mag"": 0.2}",0.05,500.0,0.5,1.0,1024,44,SECOND,0.11554943992669253,0.20000003278255463,6,"[0.057774719963346266, 0.11554943992669253, 0.057774719963346266]","{""1,0"": 0.057774719963346266, ""2,0"": 0.0, ""2,1"": 0.057774719963346266}",1,1,2.0,1,True,True,True,
sensitivity,accelerating,"{""accel_mag"": 0.2}",0.05,500.0,0.5,3.0,1024,42,SECOND,0.11554943439253962,0.20000001788139343,6,"[0.05777471719626981, 0.11554943439253962, 0.05777471719626981]","{""1,0"": 0.05777471719626981, ""2,0"": 0.0, ""2,1"": 0.05777471719626981}",1,1,2.0,1,True,True,True,
sensitivity,accelerating,"{""accel_mag"": 0.2}",0.05,500.0,0.5,3.0,1024,43,SECOND,0.115549445460844,0.20000003278255463,6,"[0.057774722730422, 0.115549445460844, 0.057774722730422]","{""1,0"": 0.057774722730422, ""2,0"": 0.0, ""2,1"": 0.057774722730422}",1,1,2.0,1,True,True,True,
sensitivity,accelerating,"{""accel_mag"": 0.2}",0.05,500.0,0.5,3.0,1024,44,SECOND,0.11554943439253962,0.20000001788139343,6,"[0.05777471719626981, 0.11554943439253962, 0.05777471719626981]","{""1,0"": 0.05777471719626981, ""2,0"": 0.0, ""2,1"": 0.05777471719626981}",1,1,2.0,1,True,True,True,
sensitivity,accelerating,"{""accel_mag"": 0.2}",0.05,500.0,0.5,5.0,1024,42,SECOND,0.11554943439253962,0.20000001788139343,6,"[0.05777471719626981, 0.11554943439253962, 0.05777471719626981]","{""1,0"": 0.05777471719626981, ""2,0"": 0.0, ""2,1"": 0.05777471719626981}",1,1,2.0,1,True,True,True,
sensitivity,accelerating,"{""accel_mag"": 0.2}",0.05,500.0,0.5,5.0,1024,43,SECOND,0.115549445460844,0.20000003278255463,6,"[0.057774722730422, 0.115549445460844, 0.057774722730422]","{""1,0"": 0.057774722730422, ""2,0"": 0.0, ""2,1"": 0.057774722730422}",1,1,2.0,1,True,True,True,
sensitivity,accelerating,"{""accel_mag"": 0.2}",0.05,500.0,0.5,5.0,1024,44,SECOND,0.11554943439253962,0.20000001788139343,6,"[0.05777471719626981, 0.11554943439253962, 0.05777471719626981]","{""1,0"": 0.05777471719626981, ""2,0"": 0.0, ""2,1"": 0.05777471719626981}",1,1,2.0,1,True,True,True,
sensitivity,accelerating,"{""accel_mag"": 0.2}",0.05,500.0,1.0,1.0,1024,42,SECOND,0.11882340812874093,0.20000001788139343,6,"[0.05941170406437046, 0.11882340812874093, 0.05941170406437046]","{""1,0"": 0.05941170406437046, ""2,0"": 0.0, ""2,1"": 0.05941170406437046}",1,1,2.0,1,True,True,True,
sensitivity,accelerating,"{""accel_mag"": 0.2}",0.05,500.0,1.0,1.0,1024,43,SECOND,0.11882341981817302,0.20000003278255463,6,"[0.05941170990908651, 0.11882341981817302, 0.05941170990908651]","{""1,0"": 0.05941170990908651, ""2,0"": 0.0, ""2,1"": 0.05941170990908651}",1,1,2.0,1,True,True,True,
sensitivity,accelerating,"{""accel_mag"": 0.2}",0.05,500.0,1.0,1.0,1024,44,SECOND,0.11882341397345764,0.20000003278255463,6,"[0.05941170698672882, 0.11882341397345764, 0.05941170698672882]","{""1,0"": 0.05941170698672882, ""2,0"": 0.0, ""2,1"": 0.05941170698672882}",1,1,2.0,1,True,True,True,
sensitivity,accelerating,"{""accel_mag"": 0.2}",0.05,500.0,1.0,3.0,1024,42,SECOND,0.11882340812874093,0.20000001788139343,6,"[0.05941170406437046, 0.11882340812874093, 0.05941170406437046]","{""1,0"": 0.05941170406437046, ""2,0"": 0.0, ""2,1"": 0.05941170406437046}",1,1,2.0,1,True,True,True,
sensitivity,accelerating,"{""accel_mag"": 0.2}",0.05,500.0,1.0,3.0,1024,43,SECOND,0.11882341981817302,0.20000003278255463,6,"[0.05941170990908651, 0.11882341981817302, 0.05941170990908651]","{""1,0"": 0.05941170990908651, ""2,0"": 0.0, ""2,1"": 0.05941170990908651}",1,1,2.0,1,True,True,True,
sensitivity,accelerating,"{""accel_mag"": 0.2}",0.05,500.0,1.0,3.0,1024,44,SECOND,0.11882340812874093,0.20000001788139343,6,"[0.05941170406437046, 0.11882340812874093, 0.05941170406437046]","{""1,0"": 0.05941170406437046, ""2,0"": 0.0, ""2,1"": 0.05941170406437046}",1,1,2.0,1,True,True,True,
sensitivity,accelerating,"{""accel_mag"": 0.2}",0.05,500.0,1.0,5.0,1024,42,SECOND,0.11882340812874093,0.20000001788139343,6,"[0.05941170406437046, 0.11882340812874093, 0.05941170406437046]","{""1,0"": 0.05941170406437046, ""2,0"": 0.0, ""2,1"": 0.05941170406437046}",1,1,2.0,1,True,True,True,
sensitivity,accelerating,"{""accel_mag"": 0.2}",0.05,500.0,1.0,5.0,1024,43,SECOND,0.11882341981817302,0.20000003278255463,6,"[0.05941170990908651, 0.11882341981817302, 0.05941170990908651]","{""1,0"": 0.05941170990908651, ""2,0"": 0.0, ""2,1"": 0.05941170990908651}",1,1,2.0,1,True,True,True,
sensitivity,accelerating,"{""accel_mag"": 0.2}",0.05,500.0,1.0,5.0,1024,44,SECOND,0.11882340812874093,0.20000001788139343,6,"[0.05941170406437046, 0.11882340812874093, 0.05941170406437046]","{""1,0"": 0.05941170406437046, ""2,0"": 0.0, ""2,1"": 0.05941170406437046}",1,1,2.0,1,True,True,True,
sensitivity,accelerating,"{""accel_mag"": 0.2}",0.1,100.0,0.25,1.0,1024,42,SECOND,0.08769525785804283,0.20000001788139343,4,"[0.043847628929021415, 0.08769525785804283, 0.043847628929021415]","{""1,0"": 0.043847628929021415, ""2,0"": 0.0, ""2,1"": 0.043847628929021415}",1,1,2.0,1,True,True,True,
sensitivity,accelerating,"{""accel_mag"": 0.2}",0.1,100.0,0.25,1.0,1024,43,SECOND,0.0876952671667243,0.20000003278255463,4,"[0.04384763358336215, 0.0876952671667243, 0.04384763358336215]","{""1,0"": 0.04384763358336215, ""2,0"": 0.0, ""2,1"": 0.04384763358336215}",1,1,2.0,1,True,True,True,
sensitivity,accelerating,"{""accel_mag"": 0.2}",0.1,100.0,0.25,1.0,1024,44,SECOND,0.08769526251238399,0.20000003278255463,4,"[0.043847631256191996, 0.08769526251238399, 0.043847631256191996]","{""1,0"": 0.043847631256191996, ""2,0"": 0.0, ""2,1"": 0.043847631256191996}",1,1,2.0,1,True,True,True,
sensitivity,accelerating,"{""accel_mag"": 0.2}",0.1,100.0,0.25,3.0,1024,42,SECOND,0.08769525785804283,0.20000001788139343,4,"[0.043847628929021415, 0.08769525785804283, 0.043847628929021415]","{""1,0"": 0.043847628929021415, ""2,0"": 0.0, ""2,1"": 0.043847628929021415}",1,1,2.0,1,True,True,True,
sensitivity,accelerating,"{""accel_mag"": 0.2}",0.1,100.0,0.25,3.0,1024,43,SECOND,0.0876952671667243,0.20000003278255463,4,"[0.04384763358336215, 0.0876952671667243, 0.04384763358336215]","{""1,0"": 0.04384763358336215, ""2,0"": 0.0, ""2,1"": 0.04384763358336215}",1,1,2.0,1,True,True,True,
sensitivity,accelerating,"{""accel_mag"": 0.2}",0.1,100.0,0.25,3.0,1024,44,SECOND,0.08769525785804283,0.20000001788139343,4,"[0.043847628929021415, 0.08769525785804283, 0.043847628929021415]","{""1,0"": 0.043847628929021415, ""2,0"": 0.0, ""2,1"": 0.043847628929021415}",1,1,2.0,1,True,True,True,
sensitivity,accelerating,"{""accel_mag"": 0.2}",0.1,100.0,0.25,5.0,1024,42,SECOND,0.08769525785804283,0.20000001788139343,4,"[0.043847628929021415, 0.08769525785804283, 0.043847628929021415]","{""1,0"": 0.043847628929021415, ""2,0"": 0.0, ""2,1"": 0.043847628929021415}",1,1,2.0,1,True,True,True,
sensitivity,accelerating,"{""accel_mag"": 0.2}",0.1,100.0,0.25,5.0,1024,43,SECOND,0.0876952671667243,0.20000003278255463,4,"[0.04384763358336215, 0.0876952671667243, 0.04384763358336215]","{""1,0"": 0.04384763358336215, ""2,0"": 0.0, ""2,1"": 0.04384763358336215}",1,1,2.0,1,True,True,True,
sensitivity,accelerating,"{""accel_mag"": 0.2}",0.1,100.0,0.25,5.0,1024,44,SECOND,0.08769525785804283,0.20000001788139343,4,"[0.043847628929021415, 0.08769525785804283, 0.043847628929021415]","{""1,0"": 0.043847628929021415, ""2,0"": 0.0, ""2,1"": 0.043847628929021415}",1,1,2.0,1,True,True,True,
sensitivity,accelerating,"{""accel_mag"": 0.2}",0.1,100.0,0.5,1.0,1024,42,SECOND,0.09629119348239917,0.20000001788139343,4,"[0.04814559674119959, 0.09629119348239917, 0.04814559674119959]","{""1,0"": 0.04814559674119959, ""2,0"": 0.0, ""2,1"": 0.04814559674119959}",1,1,2.0,1,True,True,True,
sensitivity,accelerating,"{""accel_mag"": 0.2}",0.1,100.0,0.5,1.0,1024,43,SECOND,0.09629120455070356,0.20000003278255463,4,"[0.04814560227535178, 0.09629120455070356, 0.04814560227535178]","{""1,0"": 0.04814560227535178, ""2,0"": 0.0, ""2,1"": 0.04814560227535178}",1,1,2.0,1,True,True,True,
sensitivity,accelerating,"{""accel_mag"": 0.2}",0.1,100.0,0.5,1.0,1024,44,SECOND,0.09629119901655209,0.20000003278255463,4,"[0.048145599508276044, 0.09629119901655209, 0.048145599508276044]","{""1,0"": 0.048145599508276044, ""2,0"": 0.0, ""2,1"": 0.048145599508276044}",1,1,2.0,1,True,True,True,
sensitivity,accelerating,"{""accel_mag"": 0.2}",0.1,100.0,0.5,3.0,1024,42,SECOND,0.09629119348239917,0.20000001788139343,4,"[0.04814559674119959, 0.09629119348239917, 0.04814559674119959]","{""1,0"": 0.04814559674119959, ""2,0"": 0.0, ""2,1"": 0.04814559674119959}",1,1,2.0,1,True,True,True,
sensitivity,accelerating,"{""accel_mag"": 0.2}",0.1,100.0,0.5,3.0,1024,43,SECOND,0.09629120455070356,0.20000003278255463,4,"[0.04814560227535178, 0.09629120455070356, 0.04814560227535178]","{""1,0"": 0.04814560227535178, ""2,0"": 0.0, ""2,1"": 0.04814560227535178}",1,1,2.0,1,True,True,True,
sensitivity,accelerating,"{""accel_mag"": 0.2}",0.1,100.0,0.5,3.0,1024,44,SECOND,0.09629119348239917,0.20000001788139343,4,"[0.04814559674119959, 0.09629119348239917, 0.04814559674119959]","{""1,0"": 0.04814559674119959, ""2,0"": 0.0, ""2,1"": 0.04814559674119959}",1,1,2.0,1,True,True,True,
sensitivity,accelerating,"{""accel_mag"": 0.2}",0.1,100.0,0.5,5.0,1024,42,SECOND,0.09629119348239917,0.20000001788139343,4,"[0.04814559674119959, 0.09629119348239917, 0.04814559674119959]","{""1,0"": 0.04814559674119959, ""2,0"": 0.0, ""2,1"": 0.04814559674119959}",1,1,2.0,1,True,True,True,
sensitivity,accelerating,"{""accel_mag"": 0.2}",0.1,100.0,0.5,5.0,1024,43,SECOND,0.09629120455070356,0.20000003278255463,4,"[0.04814560227535178, 0.09629120455070356, 0.04814560227535178]","{""1,0"": 0.04814560227535178, ""2,0"": 0.0, ""2,1"": 0.04814560227535178}",1,1,2.0,1,True,True,True,
sensitivity,accelerating,"{""accel_mag"": 0.2}",0.1,100.0,0.5,5.0,1024,44,SECOND,0.09629119348239917,0.20000001788139343,4,"[0.04814559674119959, 0.09629119348239917, 0.04814559674119959]","{""1,0"": 0.04814559674119959, ""2,0"": 0.0, ""2,1"": 0.04814559674119959}",1,1,2.0,1,True,True,True,
sensitivity,accelerating,"{""accel_mag"": 0.2}",0.1,100.0,1.0,1.0,1024,42,SECOND,0.09901950482571231,0.20000001788139343,4,"[0.049509752412856156, 0.09901950482571231, 0.049509752412856156]","{""1,0"": 0.049509752412856156, ""2,0"": 0.0, ""2,1"": 0.049509752412856156}",1,1,2.0,1,True,True,True,
sensitivity,accelerating,"{""accel_mag"": 0.2}",0.1,100.0,1.0,1.0,1024,43,SECOND,0.0990195165151444,0.20000003278255463,4,"[0.0495097582575722, 0.0990195165151444, 0.0495097582575722]","{""1,0"": 0.0495097582575722, ""2,0"": 0.0, ""2,1"": 0.0495097582575722}",1,1,2.0,1,True,True,True,
sensitivity,accelerating,"{""accel_mag"": 0.2}",0.1,100.0,1.0,1.0,1024,44,SECOND,0.09901951067042902,0.20000003278255463,4,"[0.04950975533521451, 0.09901951067042902, 0.04950975533521451]","{""1,0"": 0.04950975533521451, ""2,0"": 0.0, ""2,1"": 0.04950975533521451}",1,1,2.0,1,True,True,True,
sensitivity,accelerating,"{""accel_mag"": 0.2}",0.1,100.0,1.0,3.0,1024,42,SECOND,0.09901950482571231,0.20000001788139343,4,"[0.049509752412856156, 0.09901950482571231, 0.049509752412856156]","{""1,0"": 0.049509752412856156, ""2,0"": 0.0, ""2,1"": 0.049509752412856156}",1,1,2.0,1,True,True,True,
sensitivity,accelerating,"{""accel_mag"": 0.2}",0.1,100.0,1.0,3.0,1024,43,SECOND,0.0990195165151444,0.20000003278255463,4,"[0.0495097582575722, 0.0990195165151444, 0.0495097582575722]","{""1,0"": 0.0495097582575722, ""2,0"": 0.0, ""2,1"": 0.0495097582575722}",1,1,2.0,1,True,True,True,
sensitivity,accelerating,"{""accel_mag"": 0.2}",0.1,100.0,1.0,3.0,1024,44,SECOND,0.09901950482571231,0.20000001788139343,4,"[0.049509752412856156, 0.09901950482571231, 0.049509752412856156]","{""1,0"": 0.049509752412856156, ""2,0"": 0.0, ""2,1"": 0.049509752412856156}",1,1,2.0,1,True,True,True,
sensitivity,accelerating,"{""accel_mag"": 0.2}",0.1,100.0,1.0,5.0,1024,42,SECOND,0.09901950482571231,0.20000001788139343,4,"[0.049509752412856156, 0.09901950482571231, 0.049509752412856156]","{""1,0"": 0.049509752412856156, ""2,0"": 0.0, ""2,1"": 0.049509752412856156}",1,1,2.0,1,True,True,True,
sensitivity,accelerating,"{""accel_mag"": 0.2}",0.1,100.0,1.0,5.0,1024,43,SECOND,0.0990195165151444,0.20000003278255463,4,"[0.0495097582575722, 0.0990195165151444, 0.0495097582575722]","{""1,0"": 0.0495097582575722, ""2,0"": 0.0, ""2,1"": 0.0495097582575722}",1,1,2.0,1,True,True,True,
sensitivity,accelerating,"{""accel_mag"": 0.2}",0.1,100.0,1.0,5.0,1024,44,SECOND,0.09901950482571231,0.20000001788139343,4,"[0.049509752412856156, 0.09901950482571231, 0.049509752412856156]","{""1,0"": 0.049509752412856156, ""2,0"": 0.0, ""2,1"": 0.049509752412856156}",1,1,2.0,1,True,True,True,
sensitivity,accelerating,"{""accel_mag"": 0.2}",0.1,200.0,0.25,1.0,1024,42,SECOND,0.08769525785804283,0.20000001788139343,4,"[0.043847628929021415, 0.08769525785804283, 0.043847628929021415]","{""1,0"": 0.043847628929021415, ""2,0"": 0.0, ""2,1"": 0.043847628929021415}",1,1,2.0,1,True,True,True,
sensitivity,accelerating,"{""accel_mag"": 0.2}",0.1,200.0,0.25,1.0,1024,43,SECOND,0.0876952671667243,0.20000003278255463,4,"[0.04384763358336215, 0.0876952671667243, 0.04384763358336215]","{""1,0"": 0.04384763358336215, ""2,0"": 0.0, ""2,1"": 0.04384763358336215}",1,1,2.0,1,True,True,True,
sensitivity,accelerating,"{""accel_mag"": 0.2}",0.1,200.0,0.25,1.0,1024,44,SECOND,0.08769526251238399,0.20000003278255463,4,"[0.043847631256191996, 0.08769526251238399, 0.043847631256191996]","{""1,0"": 0.043847631256191996, ""2,0"": 0.0, ""2,1"": 0.043847631256191996}",1,1,2.0,1,True,True,True,
sensitivity,accelerating,"{""accel_mag"": 0.2}",0.1,200.0,0.25,3.0,1024,42,SECOND,0.08769525785804283,0.20000001788139343,4,"[0.043847628929021415, 0.08769525785804283, 0.043847628929021415]","{""1,0"": 0.043847628929021415, ""2,0"": 0.0, ""2,1"": 0.043847628929021415}",1,1,2.0,1,True,True,True,
sensitivity,accelerating,"{""accel_mag"": 0.2}",0.1,200.0,0.25,3.0,1024,43,SECOND,0.0876952671667243,0.20000003278255463,4,"[0.04384763358336215, 0.0876952671667243, 0.04384763358336215]","{""1,0"": 0.04384763358336215, ""2,0"": 0.0, ""2,1"": 0.04384763358336215}",1,1,2.0,1,True,True,True,
sensitivity,accelerating,"{""accel_mag"": 0.2}",0.1,200.0,0.25,3.0,1024,44,SECOND,0.08769525785804283,0.20000001788139343,4,"[0.043847628929021415, 0.08769525785804283, 0.043847628929021415]","{""1,0"": 0.043847628929021415, ""2,0"": 0.0, ""2,1"": 0.043847628929021415}",1,1,2.0,1,True,True,True,
sensitivity,accelerating,"{""accel_mag"": 0.2}",0.1,200.0,0.25,5.0,1024,42,SECOND,0.08769525785804283,0.20000001788139343,4,"[0.043847628929021415, 0.08769525785804283, 0.043847628929021415]","{""1,0"": 0.043847628929021415, ""2,0"": 0.0, ""2,1"": 0.043847628929021415}",1,1,2.0,1,True,True,True,
sensitivity,accelerating,"{""accel_mag"": 0.2}",0.1,200.0,0.25,5.0,1024,43,SECOND,0.0876952671667243,0.20000003278255463,4,"[0.04384763358336215, 0.0876952671667243, 0.04384763358336215]","{""1,0"": 0.04384763358336215, ""2,0"": 0.0, ""2,1"": 0.04384763358336215}",1,1,2.0,1,True,True,True,
sensitivity,accelerating,"{""accel_mag"": 0.2}",0.1,200.0,0.25,5.0,1024,44,SECOND,0.08769525785804283,0.20000001788139343,4,"[0.043847628929021415, 0.08769525785804283, 0.043847628929021415]","{""1,0"": 0.043847628929021415, ""2,0"": 0.0, ""2,1"": 0.043847628929021415}",1,1,2.0,1,True,True,True,
sensitivity,accelerating,"{""accel_mag"": 0.2}",0.1,200.0,0.5,1.0,1024,42,SECOND,0.09629119348239917,0.20000001788139343,4,"[0.04814559674119959, 0.09629119348239917, 0.04814559674119959]","{""1,0"": 0.04814559674119959, ""2,0"": 0.0, ""2,1"": 0.04814559674119959}",1,1,2.0,1,True,True,True,
sensitivity,accelerating,"{""accel_mag"": 0.2}",0.1,200.0,0.5,1.0,1024,43,SECOND,0.09629120455070356,0.20000003278255463,4,"[0.04814560227535178, 0.09629120455070356, 0.04814560227535178]","{""1,0"": 0.04814560227535178, ""2,0"": 0.0, ""2,1"": 0.04814560227535178}",1,1,2.0,1,True,True,True,
sensitivity,accelerating,"{""accel_mag"": 0.2}",0.1,200.0,0.5,1.0,1024,44,SECOND,0.09629119901655209,0.20000003278255463,4,"[0.048145599508276044, 0.09629119901655209, 0.048145599508276044]","{""1,0"": 0.048145599508276044, ""2,0"": 0.0, ""2,1"": 0.048145599508276044}",1,1,2.0,1,True,True,True,
sensitivity,accelerating,"{""accel_mag"": 0.2}",0.1,200.0,0.5,3.0,1024,42,SECOND,0.09629119348239917,0.20000001788139343,4,"[0.04814559674119959, 0.09629119348239917, 0.04814559674119959]","{""1,0"": 0.04814559674119959, ""2,0"": 0.0, ""2,1"": 0.04814559674119959}",1,1,2.0,1,True,True,True,
sensitivity,accelerating,"{""accel_mag"": 0.2}",0.1,200.0,0.5,3.0,1024,43,SECOND,0.09629120455070356,0.20000003278255463,4,"[0.04814560227535178, 0.09629120455070356, 0.04814560227535178]","{""1,0"": 0.04814560227535178, ""2,0"": 0.0, ""2,1"": 0.04814560227535178}",1,1,2.0,1,True,True,True,
sensitivity,accelerating,"{""accel_mag"": 0.2}",0.1,200.0,0.5,3.0,1024,44,SECOND,0.09629119348239917,0.20000001788139343,4,"[0.04814559674119959, 0.09629119348239917, 0.04814559674119959]","{""1,0"": 0.04814559674119959, ""2,0"": 0.0, ""2,1"": 0.04814559674119959}",1,1,2.0,1,True,True,True,
sensitivity,accelerating,"{""accel_mag"": 0.2}",0.1,200.0,0.5,5.0,1024,42,SECOND,0.09629119348239917,0.20000001788139343,4,"[0.04814559674119959, 0.09629119348239917, 0.04814559674119959]","{""1,0"": 0.04814559674119959, ""2,0"": 0.0, ""2,1"": 0.04814559674119959}",1,1,2.0,1,True,True,True,
sensitivity,accelerating,"{""accel_mag"": 0.2}",0.1,200.0,0.5,5.0,1024,43,SECOND,0.09629120455070356,0.20000003278255463,4,"[0.04814560227535178, 0.09629120455070356, 0.04814560227535178]","{""1,0"": 0.04814560227535178, ""2,0"": 0.0, ""2,1"": 0.04814560227535178}",1,1,2.0,1,True,True,True,
sensitivity,accelerating,"{""accel_mag"": 0.2}",0.1,200.0,0.5,5.0,1024,44,SECOND,0.09629119348239917,0.20000001788139343,4,"[0.04814559674119959, 0.09629119348239917, 0.04814559674119959]","{""1,0"": 0.04814559674119959, ""2,0"": 0.0, ""2,1"": 0.04814559674119959}",1,1,2.0,1,True,True,True,
sensitivity,accelerating,"{""accel_mag"": 0.2}",0.1,200.0,1.0,1.0,1024,42,SECOND,0.09901950482571231,0.20000001788139343,4,"[0.049509752412856156, 0.09901950482571231, 0.049509752412856156]","{""1,0"": 0.049509752412856156, ""2,0"": 0.0, ""2,1"": 0.049509752412856156}",1,1,2.0,1,True,True,True,
sensitivity,accelerating,"{""accel_mag"": 0.2}",0.1,200.0,1.0,1.0,1024,43,SECOND,0.0990195165151444,0.20000003278255463,4,"[0.0495097582575722, 0.0990195165151444, 0.0495097582575722]","{""1,0"": 0.0495097582575722, ""2,0"": 0.0, ""2,1"": 0.0495097582575722}",1,1,2.0,1,True,True,True,
sensitivity,accelerating,"{""accel_mag"": 0.2}",0.1,200.0,1.0,1.0,1024,44,SECOND,0.09901951067042902,0.20000003278255463,4,"[0.04950975533521451, 0.09901951067042902, 0.04950975533521451]","{""1,0"": 0.04950975533521451, ""2,0"": 0.0, ""2,1"": 0.04950975533521451}",1,1,2.0,1,True,True,True,
sensitivity,accelerating,"{""accel_mag"": 0.2}",0.1,200.0,1.0,3.0,1024,42,SECOND,0.09901950482571231,0.20000001788139343,4,"[0.049509752412856156, 0.09901950482571231, 0.049509752412856156]","{""1,0"": 0.049509752412856156, ""2,0"": 0.0, ""2,1"": 0.049509752412856156}",1,1,2.0,1,True,True,True,
sensitivity,accelerating,"{""accel_mag"": 0.2}",0.1,200.0,1.0,3.0,1024,43,SECOND,0.0990195165151444,0.20000003278255463,4,"[0.0495097582575722, 0.0990195165151444, 0.0495097582575722]","{""1,0"": 0.0495097582575722, ""2,0"": 0.0, ""2,1"": 0.0495097582575722}",1,1,2.0,1,True,True,True,
sensitivity,accelerating,"{""accel_mag"": 0.2}",0.1,200.0,1.0,3.0,1024,44,SECOND,0.09901950482571231,0.20000001788139343,4,"[0.049509752412856156, 0.09901950482571231, 0.049509752412856156]","{""1,0"": 0.049509752412856156, ""2,0"": 0.0, ""2,1"": 0.049509752412856156}",1,1,2.0,1,True,True,True,
sensitivity,accelerating,"{""accel_mag"": 0.2}",0.1,200.0,1.0,5.0,1024,42,SECOND,0.09901950482571231,0.20000001788139343,4,"[0.049509752412856156, 0.09901950482571231, 0.049509752412856156]","{""1,0"": 0.049509752412856156, ""2,0"": 0.0, ""2,1"": 0.049509752412856156}",1,1,2.0,1,True,True,True,
sensitivity,accelerating,"{""accel_mag"": 0.2}",0.1,200.0,1.0,5.0,1024,43,SECOND,0.0990195165151444,0.20000003278255463,4,"[0.0495097582575722, 0.0990195165151444, 0.0495097582575722]","{""1,0"": 0.0495097582575722, ""2,0"": 0.0, ""2,1"": 0.0495097582575722}",1,1,2.0,1,True,True,True,
sensitivity,accelerating,"{""accel_mag"": 0.2}",0.1,200.0,1.0,5.0,1024,44,SECOND,0.09901950482571231,0.20000001788139343,4,"[0.049509752412856156, 0.09901950482571231, 0.049509752412856156]","{""1,0"": 0.049509752412856156, ""2,0"": 0.0, ""2,1"": 0.049509752412856156}",1,1,2.0,1,True,True,True,
sensitivity,accelerating,"{""accel_mag"": 0.2}",0.1,500.0,0.25,1.0,1024,42,SECOND,0.08769525785804283,0.20000001788139343,4,"[0.043847628929021415, 0.08769525785804283, 0.043847628929021415]","{""1,0"": 0.043847628929021415, ""2,0"": 0.0, ""2,1"": 0.043847628929021415}",1,1,2.0,1,True,True,True,
sensitivity,accelerating,"{""accel_mag"": 0.2}",0.1,500.0,0.25,1.0,1024,43,SECOND,0.0876952671667243,0.20000003278255463,4,"[0.04384763358336215, 0.0876952671667243, 0.04384763358336215]","{""1,0"": 0.04384763358336215, ""2,0"": 0.0, ""2,1"": 0.04384763358336215}",1,1,2.0,1,True,True,True,
sensitivity,accelerating,"{""accel_mag"": 0.2}",0.1,500.0,0.25,1.0,1024,44,SECOND,0.08769526251238399,0.20000003278255463,4,"[0.043847631256191996, 0.08769526251238399, 0.043847631256191996]","{""1,0"": 0.043847631256191996, ""2,0"": 0.0, ""2,1"": 0.043847631256191996}",1,1,2.0,1,True,True,True,
sensitivity,accelerating,"{""accel_mag"": 0.2}",0.1,500.0,0.25,3.0,1024,42,SECOND,0.08769525785804283,0.20000001788139343,4,"[0.043847628929021415, 0.08769525785804283, 0.043847628929021415]","{""1,0"": 0.043847628929021415, ""2,0"": 0.0, ""2,1"": 0.043847628929021415}",1,1,2.0,1,True,True,True,
sensitivity,accelerating,"{""accel_mag"": 0.2}",0.1,500.0,0.25,3.0,1024,43,SECOND,0.0876952671667243,0.20000003278255463,4,"[0.04384763358336215, 0.0876952671667243, 0.04384763358336215]","{""1,0"": 0.04384763358336215, ""2,0"": 0.0, ""2,1"": 0.04384763358336215}",1,1,2.0,1,True,True,True,
sensitivity,accelerating,"{""accel_mag"": 0.2}",0.1,500.0,0.25,3.0,1024,44,SECOND,0.08769525785804283,0.20000001788139343,4,"[0.043847628929021415, 0.08769525785804283, 0.043847628929021415]","{""1,0"": 0.043847628929021415, ""2,0"": 0.0, ""2,1"": 0.043847628929021415}",1,1,2.0,1,True,True,True,
sensitivity,accelerating,"{""accel_mag"": 0.2}",0.1,500.0,0.25,5.0,1024,42,SECOND,0.08769525785804283,0.20000001788139343,4,"[0.043847628929021415, 0.08769525785804283, 0.043847628929021415]","{""1,0"": 0.043847628929021415, ""2,0"": 0.0, ""2,1"": 0.043847628929021415}",1,1,2.0,1,True,True,True,
sensitivity,accelerating,"{""accel_mag"": 0.2}",0.1,500.0,0.25,5.0,1024,43,SECOND,0.0876952671667243,0.20000003278255463,4,"[0.04384763358336215, 0.0876952671667243, 0.04384763358336215]","{""1,0"": 0.04384763358336215, ""2,0"": 0.0, ""2,1"": 0.04384763358336215}",1,1,2.0,1,True,True,True,
sensitivity,accelerating,"{""accel_mag"": 0.2}",0.1,500.0,0.25,5.0,1024,44,SECOND,0.08769525785804283,0.20000001788139343,4,"[0.043847628929021415, 0.08769525785804283, 0.043847628929021415]","{""1,0"": 0.043847628929021415, ""2,0"": 0.0, ""2,1"": 0.043847628929021415}",1,1,2.0,1,True,True,True,
sensitivity,accelerating,"{""accel_mag"": 0.2}",0.1,500.0,0.5,1.0,1024,42,SECOND,0.09629119348239917,0.20000001788139343,4,"[0.04814559674119959, 0.09629119348239917, 0.04814559674119959]","{""1,0"": 0.04814559674119959, ""2,0"": 0.0, ""2,1"": 0.04814559674119959}",1,1,2.0,1,True,True,True,
sensitivity,accelerating,"{""accel_mag"": 0.2}",0.1,500.0,0.5,1.0,1024,43,SECOND,0.09629120455070356,0.20000003278255463,4,"[0.04814560227535178, 0.09629120455070356, 0.04814560227535178]","{""1,0"": 0.04814560227535178, ""2,0"": 0.0, ""2,1"": 0.04814560227535178}",1,1,2.0,1,True,True,True,
sensitivity,accelerating,"{""accel_mag"": 0.2}",0.1,500.0,0.5,1.0,1024,44,SECOND,0.09629119901655209,0.20000003278255463,4,"[0.048145599508276044, 0.09629119901655209, 0.048145599508276044]","{""1,0"": 0.048145599508276044, ""2,0"": 0.0, ""2,1"": 0.048145599508276044}",1,1,2.0,1,True,True,True,
sensitivity,accelerating,"{""accel_mag"": 0.2}",0.1,500.0,0.5,3.0,1024,42,SECOND,0.09629119348239917,0.20000001788139343,4,"[0.04814559674119959, 0.09629119348239917, 0.04814559674119959]","{""1,0"": 0.04814559674119959, ""2,0"": 0.0, ""2,1"": 0.04814559674119959}",1,1,2.0,1,True,True,True,
sensitivity,accelerating,"{""accel_mag"": 0.2}",0.1,500.0,0.5,3.0,1024,43,SECOND,0.09629120455070356,0.20000003278255463,4,"[0.04814560227535178, 0.09629120455070356, 0.04814560227535178]","{""1,0"": 0.04814560227535178, ""2,0"": 0.0, ""2,1"": 0.04814560227535178}",1,1,2.0,1,True,True,True,
sensitivity,accelerating,"{""accel_mag"": 0.2}",0.1,500.0,0.5,3.0,1024,44,SECOND,0.09629119348239917,0.20000001788139343,4,"[0.04814559674119959, 0.09629119348239917, 0.04814559674119959]","{""1,0"": 0.04814559674119959, ""2,0"": 0.0, ""2,1"": 0.04814559674119959}",1,1,2.0,1,True,True,True,
sensitivity,accelerating,"{""accel_mag"": 0.2}",0.1,500.0,0.5,5.0,1024,42,SECOND,0.09629119348239917,0.20000001788139343,4,"[0.04814559674119959, 0.09629119348239917, 0.04814559674119959]","{""1,0"": 0.04814559674119959, ""2,0"": 0.0, ""2,1"": 0.04814559674119959}",1,1,2.0,1,True,True,True,
sensitivity,accelerating,"{""accel_mag"": 0.2}",0.1,500.0,0.5,5.0,1024,43,SECOND,0.09629120455070356,0.20000003278255463,4,"[0.04814560227535178, 0.09629120455070356, 0.04814560227535178]","{""1,0"": 0.04814560227535178, ""2,0"": 0.0, ""2,1"": 0.04814560227535178}",1,1,2.0,1,True,True,True,
sensitivity,accelerating,"{""accel_mag"": 0.2}",0.1,500.0,0.5,5.0,1024,44,SECOND,0.09629119348239917,0.20000001788139343,4,"[0.04814559674119959, 0.09629119348239917, 0.04814559674119959]","{""1,0"": 0.04814559674119959, ""2,0"": 0.0, ""2,1"": 0.04814559674119959}",1,1,2.0,1,True,True,True,
sensitivity,accelerating,"{""accel_mag"": 0.2}",0.1,500.0,1.0,1.0,1024,42,SECOND,0.09901950482571231,0.20000001788139343,4,"[0.049509752412856156, 0.09901950482571231, 0.049509752412856156]","{""1,0"": 0.049509752412856156, ""2,0"": 0.0, ""2,1"": 0.049509752412856156}",1,1,2.0,1,True,True,True,
sensitivity,accelerating,"{""accel_mag"": 0.2}",0.1,500.0,1.0,1.0,1024,43,SECOND,0.0990195165151444,0.20000003278255463,4,"[0.0495097582575722, 0.0990195165151444, 0.0495097582575722]","{""1,0"": 0.0495097582575722, ""2,0"": 0.0, ""2,1"": 0.0495097582575722}",1,1,2.0,1,True,True,True,
sensitivity,accelerating,"{""accel_mag"": 0.2}",0.1,500.0,1.0,1.0,1024,44,SECOND,0.09901951067042902,0.20000003278255463,4,"[0.04950975533521451, 0.09901951067042902, 0.04950975533521451]","{""1,0"": 0.04950975533521451, ""2,0"": 0.0, ""2,1"": 0.04950975533521451}",1,1,2.0,1,True,True,True,
sensitivity,accelerating,"{""accel_mag"": 0.2}",0.1,500.0,1.0,3.0,1024,42,SECOND,0.09901950482571231,0.20000001788139343,4,"[0.049509752412856156, 0.09901950482571231, 0.049509752412856156]","{""1,0"": 0.049509752412856156, ""2,0"": 0.0, ""2,1"": 0.049509752412856156}",1,1,2.0,1,True,True,True,
sensitivity,accelerating,"{""accel_mag"": 0.2}",0.1,500.0,1.0,3.0,1024,43,SECOND,0.0990195165151444,0.20000003278255463,4,"[0.0495097582575722, 0.0990195165151444, 0.0495097582575722]","{""1,0"": 0.0495097582575722, ""2,0"": 0.0, ""2,1"": 0.0495097582575722}",1,1,2.0,1,True,True,True,
sensitivity,accelerating,"{""accel_mag"": 0.2}",0.1,500.0,1.0,3.0,1024,44,SECOND,0.09901950482571231,0.20000001788139343,4,"[0.049509752412856156, 0.09901950482571231, 0.049509752412856156]","{""1,0"": 0.049509752412856156, ""2,0"": 0.0, ""2,1"": 0.049509752412856156}",1,1,2.0,1,True,True,True,
sensitivity,accelerating,"{""accel_mag"": 0.2}",0.1,500.0,1.0,5.0,1024,42,SECOND,0.09901950482571231,0.20000001788139343,4,"[0.049509752412856156, 0.09901950482571231, 0.049509752412856156]","{""1,0"": 0.049509752412856156, ""2,0"": 0.0, ""2,1"": 0.049509752412856156}",1,1,2.0,1,True,True,True,
sensitivity,accelerating,"{""accel_mag"": 0.2}",0.1,500.0,1.0,5.0,1024,43,SECOND,0.0990195165151444,0.20000003278255463,4,"[0.0495097582575722, 0.0990195165151444, 0.0495097582575722]","{""1,0"": 0.0495097582575722, ""2,0"": 0.0, ""2,1"": 0.0495097582575722}",1,1,2.0,1,True,True,True,
sensitivity,accelerating,"{""accel_mag"": 0.2}",0.1,500.0,1.0,5.0,1024,44,SECOND,0.09901950482571231,0.20000001788139343,4,"[0.049509752412856156, 0.09901950482571231, 0.049509752412856156]","{""1,0"": 0.049509752412856156, ""2,0"": 0.0, ""2,1"": 0.049509752412856156}",1,1,2.0,1,True,True,True,
sensitivity,accelerating,"{""accel_mag"": 0.2}",0.2,100.0,0.25,1.0,1024,42,SECOND,0.07015779689597158,0.20000001788139343,4,"[0.03507889844798579, 0.07015779689597158, 0.03507889844798579]","{""1,0"": 0.03507889844798579, ""2,0"": 0.0, ""2,1"": 0.03507889844798579}",1,1,2.0,1,True,True,True,
sensitivity,accelerating,"{""accel_mag"": 0.2}",0.2,100.0,0.25,1.0,1024,43,SECOND,0.07015780620465305,0.20000003278255463,4,"[0.035078903102326524, 0.07015780620465305, 0.035078903102326524]","{""1,0"": 0.035078903102326524, ""2,0"": 0.0, ""2,1"": 0.035078903102326524}",1,1,2.0,1,True,True,True,
sensitivity,accelerating,"{""accel_mag"": 0.2}",0.2,100.0,0.25,1.0,1024,44,SECOND,0.07015780155031275,0.20000003278255463,4,"[0.03507890077515637, 0.07015780155031275, 0.03507890077515637]","{""1,0"": 0.03507890077515637, ""2,0"": 0.0, ""2,1"": 0.03507890077515637}",1,1,2.0,1,True,True,True,
sensitivity,accelerating,"{""accel_mag"": 0.2}",0.2,100.0,0.25,3.0,1024,42,SECOND,0.07015779689597158,0.20000001788139343,4,"[0.03507889844798579, 0.07015779689597158, 0.03507889844798579]","{""1,0"": 0.03507889844798579, ""2,0"": 0.0, ""2,1"": 0.03507889844798579}",1,1,2.0,1,True,True,True,
sensitivity,accelerating,"{""accel_mag"": 0.2}",0.2,100.0,0.25,3.0,1024,43,SECOND,0.07015780620465305,0.20000003278255463,4,"[0.035078903102326524, 0.07015780620465305, 0.035078903102326524]","{""1,0"": 0.035078903102326524, ""2,0"": 0.0, ""2,1"": 0.035078903102326524}",1,1,2.0,1,True,True,True,
sensitivity,accelerating,"{""accel_mag"": 0.2}",0.2,100.0,0.25,3.0,1024,44,SECOND,0.07015779689597158,0.20000001788139343,4,"[0.03507889844798579, 0.07015779689597158, 0.03507889844798579]","{""1,0"": 0.03507889844798579, ""2,0"": 0.0, ""2,1"": 0.03507889844798579}",1,1,2.0,1,True,True,True,
sensitivity,accelerating,"{""accel_mag"": 0.2}",0.2,100.0,0.25,5.0,1024,42,SECOND,0.07015779689597158,0.20000001788139343,4,"[0.03507889844798579, 0.07015779689597158, 0.03507889844798579]","{""1,0"": 0.03507889844798579, ""2,0"": 0.0, ""2,1"": 0.03507889844798579}",1,1,2.0,1,True,True,True,
sensitivity,accelerating,"{""accel_mag"": 0.2}",0.2,100.0,0.25,5.0,1024,43,SECOND,0.07015780620465305,0.20000003278255463,4,"[0.035078903102326524, 0.07015780620465305, 0.035078903102326524]","{""1,0"": 0.035078903102326524, ""2,0"": 0.0, ""2,1"": 0.035078903102326524}",1,1,2.0,1,True,True,True,
sensitivity,accelerating,"{""accel_mag"": 0.2}",0.2,100.0,0.25,5.0,1024,44,SECOND,0.07015779689597158,0.20000001788139343,4,"[0.03507889844798579, 0.07015779689597158, 0.03507889844798579]","{""1,0"": 0.03507889844798579, ""2,0"": 0.0, ""2,1"": 0.03507889844798579}",1,1,2.0,1,True,True,True,
sensitivity,accelerating,"{""accel_mag"": 0.2}",0.2,100.0,0.5,1.0,1024,42,SECOND,0.07703470113842525,0.20000001788139343,4,"[0.03851735056921263, 0.07703470113842525, 0.03851735056921263]","{""1,0"": 0.03851735056921263, ""2,0"": 0.0, ""2,1"": 0.03851735056921263}",1,1,2.0,1,True,True,True,
sensitivity,accelerating,"{""accel_mag"": 0.2}",0.2,100.0,0.5,1.0,1024,43,SECOND,0.07703471220672964,0.20000003278255463,4,"[0.03851735610336482, 0.07703471220672964, 0.03851735610336482]","{""1,0"": 0.03851735610336482, ""2,0"": 0.0, ""2,1"": 0.03851735610336482}",1,1,2.0,1,True,True,True,
sensitivity,accelerating,"{""accel_mag"": 0.2}",0.2,100.0,0.5,1.0,1024,44,SECOND,0.07703470667257817,0.20000003278255463,4,"[0.038517353336289084, 0.07703470667257817, 0.038517353336289084]","{""1,0"": 0.038517353336289084, ""2,0"": 0.0, ""2,1"": 0.038517353336289084}",1,1,2.0,1,True,True,True,
sensitivity,accelerating,"{""accel_mag"": 0.2}",0.2,100.0,0.5,3.0,1024,42,SECOND,0.07703470113842525,0.20000001788139343,4,"[0.03851735056921263, 0.07703470113842525, 0.03851735056921263]","{""1,0"": 0.03851735056921263, ""2,0"": 0.0, ""2,1"": 0.03851735056921263}",1,1,2.0,1,True,True,True,
sensitivity,accelerating,"{""accel_mag"": 0.2}",0.2,100.0,0.5,3.0,1024,43,SECOND,0.07703471220672964,0.20000003278255463,4,"[0.03851735610336482, 0.07703471220672964, 0.03851735610336482]","{""1,0"": 0.03851735610336482, ""2,0"": 0.0, ""2,1"": 0.03851735610336482}",1,1,2.0,1,True,True,True,
sensitivity,accelerating,"{""accel_mag"": 0.2}",0.2,100.0,0.5,3.0,1024,44,SECOND,0.07703470113842525,0.20000001788139343,4,"[0.03851735056921263, 0.07703470113842525, 0.03851735056921263]","{""1,0"": 0.03851735056921263, ""2,0"": 0.0, ""2,1"": 0.03851735056921263}",1,1,2.0,1,True,True,True,
sensitivity,accelerating,"{""accel_mag"": 0.2}",0.2,100.0,0.5,5.0,1024,42,SECOND,0.07703470113842525,0.20000001788139343,4,"[0.03851735056921263, 0.07703470113842525, 0.03851735056921263]","{""1,0"": 0.03851735056921263, ""2,0"": 0.0, ""2,1"": 0.03851735056921263}",1,1,2.0,1,True,True,True,
sensitivity,accelerating,"{""accel_mag"": 0.2}",0.2,100.0,0.5,5.0,1024,43,SECOND,0.07703471220672964,0.20000003278255463,4,"[0.03851735610336482, 0.07703471220672964, 0.03851735610336482]","{""1,0"": 0.03851735610336482, ""2,0"": 0.0, ""2,1"": 0.03851735610336482}",1,1,2.0,1,True,True,True,
sensitivity,accelerating,"{""accel_mag"": 0.2}",0.2,100.0,0.5,5.0,1024,44,SECOND,0.07703470113842525,0.20000001788139343,4,"[0.03851735056921263, 0.07703470113842525, 0.03851735056921263]","{""1,0"": 0.03851735056921263, ""2,0"": 0.0, ""2,1"": 0.03851735056921263}",1,1,2.0,1,True,True,True,
sensitivity,accelerating,"{""accel_mag"": 0.2}",0.2,100.0,1.0,1.0,1024,42,SECOND,0.07921739963266905,0.20000001788139343,4,"[0.039608699816334525, 0.07921739963266905, 0.039608699816334525]","{""1,0"": 0.039608699816334525, ""2,0"": 0.0, ""2,1"": 0.039608699816334525}",1,1,2.0,1,True,True,True,
sensitivity,accelerating,"{""accel_mag"": 0.2}",0.2,100.0,1.0,1.0,1024,43,SECOND,0.07921741132210114,0.20000003278255463,4,"[0.03960870566105057, 0.07921741132210114, 0.03960870566105057]","{""1,0"": 0.03960870566105057, ""2,0"": 0.0, ""2,1"": 0.03960870566105057}",1,1,2.0,1,True,True,True,
sensitivity,accelerating,"{""accel_mag"": 0.2}",0.2,100.0,1.0,1.0,1024,44,SECOND,0.07921740547738576,0.20000003278255463,4,"[0.03960870273869288, 0.07921740547738576, 0.03960870273869288]","{""1,0"": 0.03960870273869288, ""2,0"": 0.0, ""2,1"": 0.03960870273869288}",1,1,2.0,1,True,True,True,
sensitivity,accelerating,"{""accel_mag"": 0.2}",0.2,100.0,1.0,3.0,1024,42,SECOND,0.07921739963266905,0.20000001788139343,4,"[0.039608699816334525, 0.07921739963266905, 0.039608699816334525]","{""1,0"": 0.039608699816334525, ""2,0"": 0.0, ""2,1"": 0.039608699816334525}",1,1,2.0,1,True,True,True,
sensitivity,accelerating,"{""accel_mag"": 0.2}",0.2,100.0,1.0,3.0,1024,43,SECOND,0.07921741132210114,0.20000003278255463,4,"[0.03960870566105057, 0.07921741132210114, 0.03960870566105057]","{""1,0"": 0.03960870566105057, ""2,0"": 0.0, ""2,1"": 0.03960870566105057}",1,1,2.0,1,True,True,True,
sensitivity,accelerating,"{""accel_mag"": 0.2}",0.2,100.0,1.0,3.0,1024,44,SECOND,0.07921739963266905,0.20000001788139343,4,"[0.039608699816334525, 0.07921739963266905, 0.039608699816334525]","{""1,0"": 0.039608699816334525, ""2,0"": 0.0, ""2,1"": 0.039608699816334525}",1,1,2.0,1,True,True,True,
sensitivity,accelerating,"{""accel_mag"": 0.2}",0.2,100.0,1.0,5.0,1024,42,SECOND,0.07921739963266905,0.20000001788139343,4,"[0.039608699816334525, 0.07921739963266905, 0.039608699816334525]","{""1,0"": 0.039608699816334525, ""2,0"": 0.0, ""2,1"": 0.039608699816334525}",1,1,2.0,1,True,True,True,
sensitivity,accelerating,"{""accel_mag"": 0.2}",0.2,100.0,1.0,5.0,1024,43,SECOND,0.07921741132210114,0.20000003278255463,4,"[0.03960870566105057, 0.07921741132210114, 0.03960870566105057]","{""1,0"": 0.03960870566105057, ""2,0"": 0.0, ""2,1"": 0.03960870566105057}",1,1,2.0,1,True,True,True,
sensitivity,accelerating,"{""accel_mag"": 0.2}",0.2,100.0,1.0,5.0,1024,44,SECOND,0.07921739963266905,0.20000001788139343,4,"[0.039608699816334525, 0.07921739963266905, 0.039608699816334525]","{""1,0"": 0.039608699816334525, ""2,0"": 0.0, ""2,1"": 0.039608699816334525}",1,1,2.0,1,True,True,True,
sensitivity,accelerating,"{""accel_mag"": 0.2}",0.2,200.0,0.25,1.0,1024,42,SECOND,0.0701562044969995,0.20000001788139343,4,"[0.03507810224849975, 0.0701562044969995, 0.03507810224849975]","{""1,0"": 0.03507810224849975, ""2,0"": 0.0, ""2,1"": 0.03507810224849975}",1,1,2.0,1,True,True,True,
sensitivity,accelerating,"{""accel_mag"": 0.2}",0.2,200.0,0.25,1.0,1024,43,SECOND,0.07015621380568096,0.20000003278255463,4,"[0.03507810690284048, 0.07015621380568096, 0.03507810690284048]","{""1,0"": 0.03507810690284048, ""2,0"": 0.0, ""2,1"": 0.03507810690284048}",1,1,2.0,1,True,True,True,
sensitivity,accelerating,"{""accel_mag"": 0.2}",0.2,200.0,0.25,1.0,1024,44,SECOND,0.07015620915134066,0.20000003278255463,4,"[0.03507810457567033, 0.07015620915134066, 0.03507810457567033]","{""1,0"": 0.03507810457567033, ""2,0"": 0.0, ""2,1"": 0.03507810457567033}",1,1,2.0,1,True,True,True,
sensitivity,accelerating,"{""accel_mag"": 0.2}",0.2,200.0,0.25,3.0,1024,42,SECOND,0.0701562044969995,0.20000001788139343,4,"[0.03507810224849975, 0.0701562044969995, 0.03507810224849975]","{""1,0"": 0.03507810224849975, ""2,0"": 0.0, ""2,1"": 0.03507810224849975}",1,1,2.0,1,True,True,True,
sensitivity,accelerating,"{""accel_mag"": 0.2}",0.2,200.0,0.25,3.0,1024,43,SECOND,0.07015621380568096,0.20000003278255463,4,"[0.03507810690284048, 0.07015621380568096, 0.03507810690284048]","{""1,0"": 0.03507810690284048, ""2,0"": 0.0, ""2,1"": 0.03507810690284048}",1,1,2.0,1,True,True,True,
sensitivity,accelerating,"{""accel_mag"": 0.2}",0.2,200.0,0.25,3.0,1024,44,SECOND,0.0701562044969995,0.20000001788139343,4,"[0.03507810224849975, 0.0701562044969995, 0.03507810224849975]","{""1,0"": 0.03507810224849975, ""2,0"": 0.0, ""2,1"": 0.03507810224849975}",1,1,2.0,1,True,True,True,
sensitivity,accelerating,"{""accel_mag"": 0.2}",0.2,200.0,0.25,5.0,1024,42,SECOND,0.0701562044969995,0.20000001788139343,4,"[0.03507810224849975, 0.0701562044969995, 0.03507810224849975]","{""1,0"": 0.03507810224849975, ""2,0"": 0.0, ""2,1"": 0.03507810224849975}",1,1,2.0,1,True,True,True,
sensitivity,accelerating,"{""accel_mag"": 0.2}",0.2,200.0,0.25,5.0,1024,43,SECOND,0.07015621380568096,0.20000003278255463,4,"[0.03507810690284048, 0.07015621380568096, 0.03507810690284048]","{""1,0"": 0.03507810690284048, ""2,0"": 0.0, ""2,1"": 0.03507810690284048}",1,1,2.0,1,True,True,True,
sensitivity,accelerating,"{""accel_mag"": 0.2}",0.2,200.0,0.25,5.0,1024,44,SECOND,0.0701562044969995,0.20000001788139343,4,"[0.03507810224849975, 0.0701562044969995, 0.03507810224849975]","{""1,0"": 0.03507810224849975, ""2,0"": 0.0, ""2,1"": 0.03507810224849975}",1,1,2.0,1,True,True,True,
sensitivity,accelerating,"{""accel_mag"": 0.2}",0.2,200.0,0.5,1.0,1024,42,SECOND,0.07703295265164711,0.20000001788139343,4,"[0.038516476325823557, 0.07703295265164711, 0.038516476325823557]","{""1,0"": 0.038516476325823557, ""2,0"": 0.0, ""2,1"": 0.038516476325823557}",1,1,2.0,1,True,True,True,
sensitivity,accelerating,"{""accel_mag"": 0.2}",0.2,200.0,0.5,1.0,1024,43,SECOND,0.0770329637199515,0.20000003278255463,4,"[0.03851648185997575, 0.0770329637199515, 0.03851648185997575]","{""1,0"": 0.03851648185997575, ""2,0"": 0.0, ""2,1"": 0.03851648185997575}",1,1,2.0,1,True,True,True,
sensitivity,accelerating,"{""accel_mag"": 0.2}",0.2,200.0,0.5,1.0,1024,44,SECOND,0.07703295818580003,0.20000003278255463,4,"[0.03851647909290001, 0.07703295818580003, 0.03851647909290001]","{""1,0"": 0.03851647909290001, ""2,0"": 0.0, ""2,1"": 0.03851647909290001}",1,1,2.0,1,True,True,True,
sensitivity,accelerating,"{""accel_mag"": 0.2}",0.2,200.0,0.5,3.0,1024,42,SECOND,0.07703295265164711,0.20000001788139343,4,"[0.038516476325823557, 0.07703295265164711, 0.038516476325823557]","{""1,0"": 0.038516476325823557, ""2,0"": 0.0, ""2,1"": 0.038516476325823557}",1,1,2.0,1,True,True,True,
sensitivity,accelerating,"{""accel_mag"": 0.2}",0.2,200.0,0.5,3.0,1024,43,SECOND,0.0770329637199515,0.20000003278255463,4,"[0.03851648185997575, 0.0770329637199515, 0.03851648185997575]","{""1,0"": 0.03851648185997575, ""2,0"": 0.0, ""2,1"": 0.03851648185997575}",1,1,2.0,1,True,True,True,
sensitivity,accelerating,"{""accel_mag"": 0.2}",0.2,200.0,0.5,3.0,1024,44,SECOND,0.07703295265164711,0.20000001788139343,4,"[0.038516476325823557, 0.07703295265164711, 0.038516476325823557]","{""1,0"": 0.038516476325823557, ""2,0"": 0.0, ""2,1"": 0.038516476325823557}",1,1,2.0,1,True,True,True,
sensitivity,accelerating,"{""accel_mag"": 0.2}",0.2,200.0,0.5,5.0,1024,42,SECOND,0.07703295265164711,0.20000001788139343,4,"[0.038516476325823557, 0.07703295265164711, 0.038516476325823557]","{""1,0"": 0.038516476325823557, ""2,0"": 0.0, ""2,1"": 0.038516476325823557}",1,1,2.0,1,True,True,True,
sensitivity,accelerating,"{""accel_mag"": 0.2}",0.2,200.0,0.5,5.0,1024,43,SECOND,0.0770329637199515,0.20000003278255463,4,"[0.03851648185997575, 0.0770329637199515, 0.03851648185997575]","{""1,0"": 0.03851648185997575, ""2,0"": 0.0, ""2,1"": 0.03851648185997575}",1,1,2.0,1,True,True,True,
sensitivity,accelerating,"{""accel_mag"": 0.2}",0.2,200.0,0.5,5.0,1024,44,SECOND,0.07703295265164711,0.20000001788139343,4,"[0.038516476325823557, 0.07703295265164711, 0.038516476325823557]","{""1,0"": 0.038516476325823557, ""2,0"": 0.0, ""2,1"": 0.038516476325823557}",1,1,2.0,1,True,True,True,
sensitivity,accelerating,"{""accel_mag"": 0.2}",0.2,200.0,1.0,1.0,1024,42,SECOND,0.07921560160432146,0.20000001788139343,4,"[0.03960780080216073, 0.07921560160432146, 0.03960780080216073]","{""1,0"": 0.03960780080216073, ""2,0"": 0.0, ""2,1"": 0.03960780080216073}",1,1,2.0,1,True,True,True,
sensitivity,accelerating,"{""accel_mag"": 0.2}",0.2,200.0,1.0,1.0,1024,43,SECOND,0.07921561329375355,0.20000003278255463,4,"[0.03960780664687678, 0.07921561329375355, 0.03960780664687678]","{""1,0"": 0.03960780664687678, ""2,0"": 0.0, ""2,1"": 0.03960780664687678}",1,1,2.0,1,True,True,True,
sensitivity,accelerating,"{""accel_mag"": 0.2}",0.2,200.0,1.0,1.0,1024,44,SECOND,0.07921560744903818,0.20000003278255463,4,"[0.03960780372451909, 0.07921560744903818, 0.03960780372451909]","{""1,0"": 0.03960780372451909, ""2,0"": 0.0, ""2,1"": 0.03960780372451909}",1,1,2.0,1,True,True,True,
sensitivity,accelerating,"{""accel_mag"": 0.2}",0.2,200.0,1.0,3.0,1024,42,SECOND,0.07921560160432146,0.20000001788139343,4,"[0.03960780080216073, 0.07921560160432146, 0.03960780080216073]","{""1,0"": 0.03960780080216073, ""2,0"": 0.0, ""2,1"": 0.03960780080216073}",1,1,2.0,1,True,True,True,
sensitivity,accelerating,"{""accel_mag"": 0.2}",0.2,200.0,1.0,3.0,1024,43,SECOND,0.07921561329375355,0.20000003278255463,4,"[0.03960780664687678, 0.07921561329375355, 0.03960780664687678]","{""1,0"": 0.03960780664687678, ""2,0"": 0.0, ""2,1"": 0.03960780664687678}",1,1,2.0,1,True,True,True,
sensitivity,accelerating,"{""accel_mag"": 0.2}",0.2,200.0,1.0,3.0,1024,44,SECOND,0.07921560160432146,0.20000001788139343,4,"[0.03960780080216073, 0.07921560160432146, 0.03960780080216073]","{""1,0"": 0.03960780080216073, ""2,0"": 0.0, ""2,1"": 0.03960780080216073}",1,1,2.0,1,True,True,True,
sensitivity,accelerating,"{""accel_mag"": 0.2}",0.2,200.0,1.0,5.0,1024,42,SECOND,0.07921560160432146,0.20000001788139343,4,"[0.03960780080216073, 0.07921560160432146, 0.03960780080216073]","{""1,0"": 0.03960780080216073, ""2,0"": 0.0, ""2,1"": 0.03960780080216073}",1,1,2.0,1,True,True,True,
sensitivity,accelerating,"{""accel_mag"": 0.2}",0.2,200.0,1.0,5.0,1024,43,SECOND,0.07921561329375355,0.20000003278255463,4,"[0.03960780664687678, 0.07921561329375355, 0.03960780664687678]","{""1,0"": 0.03960780664687678, ""2,0"": 0.0, ""2,1"": 0.03960780664687678}",1,1,2.0,1,True,True,True,
sensitivity,accelerating,"{""accel_mag"": 0.2}",0.2,200.0,1.0,5.0,1024,44,SECOND,0.07921560160432146,0.20000001788139343,4,"[0.03960780080216073, 0.07921560160432146, 0.03960780080216073]","{""1,0"": 0.03960780080216073, ""2,0"": 0.0, ""2,1"": 0.03960780080216073}",1,1,2.0,1,True,True,True,
sensitivity,accelerating,"{""accel_mag"": 0.2}",0.2,500.0,0.25,1.0,1024,42,SECOND,0.07015620442469814,0.20000001788139343,4,"[0.03507810221234907, 0.07015620442469814, 0.03507810221234907]","{""1,0"": 0.03507810221234907, ""2,0"": 0.0, ""2,1"": 0.03507810221234907}",1,1,2.0,1,True,True,True,
sensitivity,accelerating,"{""accel_mag"": 0.2}",0.2,500.0,0.25,1.0,1024,43,SECOND,0.0701562137333796,0.20000003278255463,4,"[0.0350781068666898, 0.0701562137333796, 0.0350781068666898]","{""1,0"": 0.0350781068666898, ""2,0"": 0.0, ""2,1"": 0.0350781068666898}",1,1,2.0,1,True,True,True,
sensitivity,accelerating,"{""accel_mag"": 0.2}",0.2,500.0,0.25,1.0,1024,44,SECOND,0.0701562090790393,0.20000003278255463,4,"[0.03507810453951965, 0.0701562090790393, 0.03507810453951965]","{""1,0"": 0.03507810453951965, ""2,0"": 0.0, ""2,1"": 0.03507810453951965}",1,1,2.0,1,True,True,True,
sensitivity,accelerating,"{""accel_mag"": 0.2}",0.2,500.0,0.25,3.0,1024,42,SECOND,0.07015620442469814,0.20000001788139343,4,"[0.03507810221234907, 0.07015620442469814, 0.03507810221234907]","{""1,0"": 0.03507810221234907, ""2,0"": 0.0, ""2,1"": 0.03507810221234907}",1,1,2.0,1,True,True,True,
sensitivity,accelerating,"{""accel_mag"": 0.2}",0.2,500.0,0.25,3.0,1024,43,SECOND,0.0701562137333796,0.20000003278255463,4,"[0.0350781068666898, 0.0701562137333796, 0.0350781068666898]","{""1,0"": 0.0350781068666898, ""2,0"": 0.0, ""2,1"": 0.0350781068666898}",1,1,2.0,1,True,True,True,
sensitivity,accelerating,"{""accel_mag"": 0.2}",0.2,500.0,0.25,3.0,1024,44,SECOND,0.07015620442469814,0.20000001788139343,4,"[0.03507810221234907, 0.07015620442469814, 0.03507810221234907]","{""1,0"": 0.03507810221234907, ""2,0"": 0.0, ""2,1"": 0.03507810221234907}",1,1,2.0,1,True,True,True,
sensitivity,accelerating,"{""accel_mag"": 0.2}",0.2,500.0,0.25,5.0,1024,42,SECOND,0.07015620442469814,0.20000001788139343,4,"[0.03507810221234907, 0.07015620442469814, 0.03507810221234907]","{""1,0"": 0.03507810221234907, ""2,0"": 0.0, ""2,1"": 0.03507810221234907}",1,1,2.0,1,True,True,True,
sensitivity,accelerating,"{""accel_mag"": 0.2}",0.2,500.0,0.25,5.0,1024,43,SECOND,0.0701562137333796,0.20000003278255463,4,"[0.0350781068666898, 0.0701562137333796, 0.0350781068666898]","{""1,0"": 0.0350781068666898, ""2,0"": 0.0, ""2,1"": 0.0350781068666898}",1,1,2.0,1,True,True,True,
sensitivity,accelerating,"{""accel_mag"": 0.2}",0.2,500.0,0.25,5.0,1024,44,SECOND,0.07015620442469814,0.20000001788139343,4,"[0.03507810221234907, 0.07015620442469814, 0.03507810221234907]","{""1,0"": 0.03507810221234907, ""2,0"": 0.0, ""2,1"": 0.03507810221234907}",1,1,2.0,1,True,True,True,
sensitivity,accelerating,"{""accel_mag"": 0.2}",0.2,500.0,0.5,1.0,1024,42,SECOND,0.07703295257225873,0.20000001788139343,4,"[0.038516476286129364, 0.07703295257225873, 0.038516476286129364]","{""1,0"": 0.038516476286129364, ""2,0"": 0.0, ""2,1"": 0.038516476286129364}",1,1,2.0,1,True,True,True,
sensitivity,accelerating,"{""accel_mag"": 0.2}",0.2,500.0,0.5,1.0,1024,43,SECOND,0.07703296364056311,0.20000003278255463,4,"[0.038516481820281556, 0.07703296364056311, 0.038516481820281556]","{""1,0"": 0.038516481820281556, ""2,0"": 0.0, ""2,1"": 0.038516481820281556}",1,1,2.0,1,True,True,True,
sensitivity,accelerating,"{""accel_mag"": 0.2}",0.2,500.0,0.5,1.0,1024,44,SECOND,0.07703295810641164,0.20000003278255463,4,"[0.03851647905320582, 0.07703295810641164, 0.03851647905320582]","{""1,0"": 0.03851647905320582, ""2,0"": 0.0, ""2,1"": 0.03851647905320582}",1,1,2.0,1,True,True,True,
sensitivity,accelerating,"{""accel_mag"": 0.2}",0.2,500.0,0.5,3.0,1024,42,SECOND,0.07703295257225873,0.20000001788139343,4,"[0.038516476286129364, 0.07703295257225873, 0.038516476286129364]","{""1,0"": 0.038516476286129364, ""2,0"": 0.0, ""2,1"": 0.038516476286129364}",1,1,2.0,1,True,True,True,
sensitivity,accelerating,"{""accel_mag"": 0.2}",0.2,500.0,0.5,3.0,1024,43,SECOND,0.07703296364056311,0.20000003278255463,4,"[0.038516481820281556, 0.07703296364056311, 0.038516481820281556]","{""1,0"": 0.038516481820281556, ""2,0"": 0.0, ""2,1"": 0.038516481820281556}",1,1,2.0,1,True,True,True,
sensitivity,accelerating,"{""accel_mag"": 0.2}",0.2,500.0,0.5,3.0,1024,44,SECOND,0.07703295257225873,0.20000001788139343,4,"[0.038516476286129364, 0.07703295257225873, 0.038516476286129364]","{""1,0"": 0.038516476286129364, ""2,0"": 0.0, ""2,1"": 0.038516476286129364}",1,1,2.0,1,True,True,True,
sensitivity,accelerating,"{""accel_mag"": 0.2}",0.2,500.0,0.5,5.0,1024,42,SECOND,0.07703295257225873,0.20000001788139343,4,"[0.038516476286129364, 0.07703295257225873, 0.038516476286129364]","{""1,0"": 0.038516476286129364, ""2,0"": 0.0, ""2,1"": 0.038516476286129364}",1,1,2.0,1,True,True,True,
sensitivity,accelerating,"{""accel_mag"": 0.2}",0.2,500.0,0.5,5.0,1024,43,SECOND,0.07703296364056311,0.20000003278255463,4,"[0.038516481820281556, 0.07703296364056311, 0.038516481820281556]","{""1,0"": 0.038516481820281556, ""2,0"": 0.0, ""2,1"": 0.038516481820281556}",1,1,2.0,1,True,True,True,
sensitivity,accelerating,"{""accel_mag"": 0.2}",0.2,500.0,0.5,5.0,1024,44,SECOND,0.07703295257225873,0.20000001788139343,4,"[0.038516476286129364, 0.07703295257225873, 0.038516476286129364]","{""1,0"": 0.038516476286129364, ""2,0"": 0.0, ""2,1"": 0.038516476286129364}",1,1,2.0,1,True,True,True,
sensitivity,accelerating,"{""accel_mag"": 0.2}",0.2,500.0,1.0,1.0,1024,42,SECOND,0.0792156015226837,0.20000001788139343,4,"[0.03960780076134185, 0.0792156015226837, 0.03960780076134185]","{""1,0"": 0.03960780076134185, ""2,0"": 0.0, ""2,1"": 0.03960780076134185}",1,1,2.0,1,True,True,True,
sensitivity,accelerating,"{""accel_mag"": 0.2}",0.2,500.0,1.0,1.0,1024,43,SECOND,0.07921561321211579,0.20000003278255463,4,"[0.039607806606057894, 0.07921561321211579, 0.039607806606057894]","{""1,0"": 0.039607806606057894, ""2,0"": 0.0, ""2,1"": 0.039607806606057894}",1,1,2.0,1,True,True,True,
sensitivity,accelerating,"{""accel_mag"": 0.2}",0.2,500.0,1.0,1.0,1024,44,SECOND,0.07921560736740041,0.20000003278255463,4,"[0.039607803683700205, 0.07921560736740041, 0.039607803683700205]","{""1,0"": 0.039607803683700205, ""2,0"": 0.0, ""2,1"": 0.039607803683700205}",1,1,2.0,1,True,True,True,
sensitivity,accelerating,"{""accel_mag"": 0.2}",0.2,500.0,1.0,3.0,1024,42,SECOND,0.0792156015226837,0.20000001788139343,4,"[0.03960780076134185, 0.0792156015226837, 0.03960780076134185]","{""1,0"": 0.03960780076134185, ""2,0"": 0.0, ""2,1"": 0.03960780076134185}",1,1,2.0,1,True,True,True,
sensitivity,accelerating,"{""accel_mag"": 0.2}",0.2,500.0,1.0,3.0,1024,43,SECOND,0.07921561321211579,0.20000003278255463,4,"[0.039607806606057894, 0.07921561321211579, 0.039607806606057894]","{""1,0"": 0.039607806606057894, ""2,0"": 0.0, ""2,1"": 0.039607806606057894}",1,1,2.0,1,True,True,True,
sensitivity,accelerating,"{""accel_mag"": 0.2}",0.2,500.0,1.0,3.0,1024,44,SECOND,0.0792156015226837,0.20000001788139343,4,"[0.03960780076134185, 0.0792156015226837, 0.03960780076134185]","{""1,0"": 0.03960780076134185, ""2,0"": 0.0, ""2,1"": 0.03960780076134185}",1,1,2.0,1,True,True,True,
sensitivity,accelerating,"{""accel_mag"": 0.2}",0.2,500.0,1.0,5.0,1024,42,SECOND,0.0792156015226837,0.20000001788139343,4,"[0.03960780076134185, 0.0792156015226837, 0.03960780076134185]","{""1,0"": 0.03960780076134185, ""2,0"": 0.0, ""2,1"": 0.03960780076134185}",1,1,2.0,1,True,True,True,
sensitivity,accelerating,"{""accel_mag"": 0.2}",0.2,500.0,1.0,5.0,1024,43,SECOND,0.07921561321211579,0.20000003278255463,4,"[0.039607806606057894, 0.07921561321211579, 0.039607806606057894]","{""1,0"": 0.039607806606057894, ""2,0"": 0.0, ""2,1"": 0.039607806606057894}",1,1,2.0,1,True,True,True,
sensitivity,accelerating,"{""accel_mag"": 0.2}",0.2,500.0,1.0,5.0,1024,44,SECOND,0.0792156015226837,0.20000001788139343,4,"[0.03960780076134185, 0.0792156015226837, 0.03960780076134185]","{""1,0"": 0.03960780076134185, ""2,0"": 0.0, ""2,1"": 0.03960780076134185}",1,1,2.0,1,True,True,True,
sensitivity,noise_floor,"{""sigma_noise"": 0.01}",0.05,100.0,0.25,1.0,1024,42,SECOND,9.845442776644846e-08,0.0019273030338808894,0,"[6.335954390295469e-08, 6.758203931956826e-08, 6.596727231037399e-08]","{""1,0"": 3.248715545607447e-08, ""2,0"": 3.087238844688021e-08, ""2,1"": 3.509488386349378e-08}",,,,,True,,True,
sensitivity,noise_floor,"{""sigma_noise"": 0.01}",0.05,100.0,0.25,1.0,1024,43,SECOND,1.0619718496196726e-07,0.0021369766909629107,0,"[6.486470953802521e-08, 7.404021174213828e-08, 7.348944864377102e-08]","{""1,0"": 3.270773631819624e-08, ""2,0"": 3.2156973219828975e-08, ""2,1"": 4.133247542394205e-08}",,,,,True,,True,
sensitivity,noise_floor,"{""sigma_noise"": 0.01}",0.05,100.0,0.25,1.0,1024,44,SECOND,1.1351575657820017e-07,0.0019978967029601336,0,"[7.510800242040947e-08, 7.644053171430349e-08, 7.548297902168738e-08]","{""1,0"": 3.803277755651279e-08, ""2,0"": 3.707522486389668e-08, ""2,1"": 3.84077541577907e-08}",,,,,True,,True,
sensitivity,noise_floor,"{""sigma_noise"": 0.01}",0.05,100.0,0.25,3.0,1024,42,SECOND,1.8603929131134779e-06,0.010320702567696571,0,"[9.910186616773692e-07, 1.3962582416403295e-06, 1.333508922909257e-06]","{""1,0"": 5.268839902042208e-07, ""2,0"": 4.6413467147314844e-07, ""2,1"": 8.693742514361086e-07}",,,,,True,,True,
sensitivity,noise_floor,"{""sigma_noise"": 0.01}",0.05,100.0,0.25,3.0,1024,43,SECOND,2.8074023173875373e-06,0.009715310297906399,0,"[1.5998949783107987e-06, 1.973664056872872e-06, 2.0412455995914043e-06]","{""1,0"": 7.66156717796133e-07, ""2,0"": 8.337382605146657e-07, ""2,1"": 1.2075073390767388e-06}",,,,,True,,True,
sensitivity,noise_floor,"{""sigma_noise"": 0.01}",0.05,100.0,0.25,3.0,1024,44,SECOND,4.328552550691831e-06,0.01250831875950098,0,"[2.539110351134596e-06, 2.919910182790185e-06, 3.198084567458881e-06]","{""1,0"": 1.1304679832329498e-06, ""2,0"": 1.408642367901646e-06, ""2,1"": 1.7894421995572349e-06}",,,,,True,,True,
sensitivity,noise_floor,"{""sigma_noise"": 0.01}",0.05,100.0,0.25,5.0,1024,42,SECOND,4.0280571519929315e-06,0.015203969553112984,0,"[1.917418022263368e-06, 3.346682625189214e-06, 2.792013656533281e-06]","{""1,0"": 1.2360434954596505e-06, ""2,0"": 6.813745268037175e-07, ""2,1"": 2.1106391297295636e-06}",,,,,True,,True,
sensitivity,noise_floor,"{""sigma_noise"": 0.01}",0.05,100.0,0.25,5.0,1024,43,SECOND,4.784589623100204e-06,0.013838989660143852,0,"[3.2963682781435e-06, 2.8659003661372988e-06, 3.4069106019196103e-06]","{""1,0"": 1.3776790211805944e-06, ""2,0"": 1.9186892569629057e-06, ""2,1"": 1.4882213449567044e-06}",,,,,True,,True,
sensitivity,noise_floor,"{""sigma_noise"": 0.01}",0.05,100.0,0.25,5.0,1024,44,SECOND,1.3425948425774587e-05,0.022257478907704353,0,"[6.646038843973809e-06, 8.621876401544382e-06, 1.1583981606030984e-05]","{""1,0"": 1.8419668197436032e-06, ""2,0"": 4.804072024230206e-06, ""2,1"": 6.779909581800778e-06}",,,,,True,,True,
sensitivity,noise_floor,"{""sigma_noise"": 0.01}",0.05,100.0,0.5,1.0,1024,42,SECOND,9.845534258971731e-08,0.0019273030338808894,0,"[6.336011283255984e-08, 6.758268518003798e-08, 6.596788716683681e-08]","{""1,0"": 3.248745542288051e-08, ""2,0"": 3.087265740967934e-08, ""2,1"": 3.5095229757157465e-08}",,,,,True,,True,
sensitivity,noise_floor,"{""sigma_noise"": 0.01}",0.05,100.0,0.5,1.0,1024,43,SECOND,1.0619826035963533e-07,0.0021369766909629107,0,"[6.486530381143989e-08, 7.40409955681492e-08, 7.349022133968156e-08]","{""1,0"": 3.270803901995377e-08, ""2,0"": 3.215726479148612e-08, ""2,1"": 4.133295654819544e-08}",,,,,True,,True,
sensitivity,noise_floor,"{""sigma_noise"": 0.01}",0.05,100.0,0.5,1.0,1024,44,SECOND,1.1351695665656536e-07,0.0019978967029601336,0,"[7.510879157467959e-08, 7.644134864545322e-08, 7.54837730929979e-08]","{""1,0"": 3.803318356356745e-08, ""2,0"": 3.707560801111214e-08, ""2,1"": 3.840816508188577e-08}",,,,,True,,True,
sensitivity,noise_floor,"{""sigma_noise"": 0.01}",0.05,100.0,0.5,3.0,1024,42,SECOND,1.8607419876918457e-06,0.010320702567696571,0,"[9.911567641317763e-07, 1.3965412714305778e-06, 1.3337859398213373e-06]","{""1,0"": 5.269560478705083e-07, ""2,0"": 4.64200716261268e-07, ""2,1"": 8.695852235600694e-07}",,,,,True,,True,
sensitivity,noise_floor,"{""sigma_noise"": 0.01}",0.05,100.0,0.5,3.0,1024,43,SECOND,2.8080148562558333e-06,0.009715310297906399,0,"[1.6001951451159965e-06, 1.9741139393465772e-06, 2.041720628049093e-06]","{""1,0"": 7.662942282067404e-07, ""2,0"": 8.33900916909256e-07, ""2,1"": 1.2078197111398368e-06}",,,,,True,,True,
sensitivity,noise_floor,"{""sigma_noise"": 0.01}",0.05,100.0,0.5,3.0,1024,44,SECOND,4.329996018200249e-06,0.01250831875950098,0,"[2.5398607292597835e-06, 2.920918856655065e-06, 3.1992124504856504e-06]","{""1,0"": 1.1307835677145992e-06, ""2,0"": 1.4090771615451845e-06, ""2,1"": 1.7901352889404657e-06}",,,,,True,,True,
sensitivity,noise_floor,"{""sigma_noise"": 0.01}",0.05,100.0,0.5,5.0,1024,42,SECOND,4.029730232627319e-06,0.015203969553112984,0,"[1.9179423148889143e-06, 3.3481976886677233e-06, 2.7933204616979996e-06]","{""1,0"": 1.2364097709293188e-06, ""2,0"": 6.815325439595955e-07, ""2,1"": 2.1117879177384043e-06}",,,,,True,,True,
sensitivity,noise_floor,"{""sigma_noise"": 0.01}",0.05,100.0,0.5,5.0,1024,43,SECOND,4.786333671723958e-06,0.013838989660143852,0,"[3.297660839578475e-06, 2.8667748614431897e-06, 3.408231642426251e-06]","{""1,0"": 1.3781020292977067e-06, ""2,0"": 1.9195588102807682e-06, ""2,1"": 1.488672832145483e-06}",,,,,True,,True,
sensitivity,noise_floor,"{""sigma_noise"": 0.01}",0.05,100.0,0.5,5.0,1024,44,SECOND,1.3439508804570478e-05,0.022257478907704353,0,"[6.651088226800111e-06, 8.631301117019044e-06, 1.1596628265321802e-05]","{""1,0"": 1.842880539248677e-06, ""2,0"": 4.808207687551433e-06, ""2,1"": 6.788420577770368e-06}",,,,,True,,True,
sensitivity,noise_floor,"{""sigma_noise"": 0.01}",0.05,100.0,1.0,1.0,1024,42,SECOND,9.84555713015329e-08,0.0019273030338808894,0,"[6.336025506839103e-08, 6.758284664901422e-08, 6.596804088566055e-08]","{""1,0"": 3.2487530415872354e-08, ""2,0"": 3.087272465251868e-08, ""2,1"": 3.509531623314186e-08}",,,,,True,,True,
sensitivity,noise_floor,"{""sigma_noise"": 0.01}",0.05,100.0,1.0,1.0,1024,43,SECOND,1.0619852921630839e-07,0.0021369766909629107,0,"[6.486545238242795e-08, 7.404119153081707e-08, 7.349041451937175e-08]","{""1,0"": 3.270811469693663e-08, ""2,0"": 3.2157337685491316e-08, ""2,1"": 4.133307683388044e-08}",,,,,True,,True,
sensitivity,noise_floor,"{""sigma_noise"": 0.01}",0.05,100.0,1.0,1.0,1024,44,SECOND,1.1351725668401842e-07,0.0019978967029601336,0,"[7.510898886860256e-08, 7.64415528843636e-08, 7.548397161507069e-08]","{""1,0"": 3.8033285068947736e-08, ""2,0"": 3.707570379965482e-08, ""2,1"": 3.8408267815415866e-08}",,,,,True,,True,
sensitivity,noise_floor,"{""sigma_noise"": 0.01}",0.05,100.0,1.0,3.0,1024,42,SECOND,1.8608293070590013e-06,0.010320702567696571,0,"[9.911913034056765e-07, 1.3966120726993515e-06, 1.3338552380129745e-06]","{""1,0"": 5.269740690460268e-07, ""2,0"": 4.642172343596498e-07, ""2,1"": 8.696380036533248e-07}",,,,,True,,True,
sensitivity,noise_floor,"{""sigma_noise"": 0.01}",0.05,100.0,1.0,3.0,1024,43,SECOND,2.8081680800046433e-06,0.009715310297906399,0,"[1.6002702239230781e-06, 1.97422647785217e-06, 2.041839458234038e-06]","{""1,0"": 7.663286217706051e-07, ""2,0"": 8.33941602152473e-07, ""2,1"": 1.2078978560815652e-06}",,,,,True,,True,
sensitivity,noise_floor,"{""sigma_noise"": 0.01}",0.05,100.0,1.0,3.0,1024,44,SECOND,4.330357211704685e-06,0.01250831875950098,0,"[2.5400484730738573e-06, 2.921171263873426e-06, 3.1994946864620853e-06]","{""1,0"": 1.1308625252425989e-06, ""2,0"": 1.4091859478312582e-06, ""2,1"": 1.7903087386308273e-06}",,,,,True,,True,
sensitivity,noise_floor,"{""sigma_noise"": 0.01}",0.05,100.0,1.0,5.0,1024,42,SECOND,4.030149059919234e-06,0.015203969553112984,0,"[1.9180734915313886e-06, 3.3485769841323302e-06, 2.793647644174749e-06]","{""1,0"": 1.2365014157444849e-06, ""2,0"": 6.815720757869037e-07, ""2,1"": 2.1120755683878453e-06}",,,,,True,,True,
sensitivity,noise_floor,"{""sigma_noise"": 0.01}",0.05,100.0,1.0,5.0,1024,43,SECOND,4.786770135807665e-06,0.013838989660143852,0,"[3.2979843442983915e-06, 2.866993660093366e-06, 3.4085622672235725e-06]","{""1,0"": 1.3782078685840925e-06, ""2,0"": 1.9197764757142988e-06, ""2,1"": 1.4887857915092738e-06}",,,,,True,,True,
sensitivity,noise_floor,"{""sigma_noise"": 0.01}",0.05,100.0,1.0,5.0,1024,44,SECOND,1.3442908892599666e-05,0.022257478907704353,0,"[6.65235329594734e-06, 8.633664892038034e-06, 1.1599799597213958e-05]","{""1,0"": 1.843109295385708e-06, ""2,0"": 4.809244000561632e-06, ""2,1"": 6.7905555966523264e-06}",,,,,True,,True,
sensitivity,noise_floor,"{""sigma_noise"": 0.01}",0.05,200.0,0.25,1.0,1024,42,SECOND,7.177806818478463e-10,0.0019273030338808894,0,"[4.614739532138691e-10, 4.934090300377193e-10, 4.806783804441042e-10]","{""1,0"": 2.371023014037421e-10, ""2,0"": 2.2437165181012704e-10, ""2,1"": 2.5630672863397716e-10}",,,,,True,,True,
sensitivity,noise_floor,"{""sigma_noise"": 0.01}",0.05,200.0,0.25,1.0,1024,43,SECOND,7.76799345781838e-10,0.0021369766909629107,0,"[4.723249783606096e-10, 5.4274013453044e-10, 5.385335786726264e-10]","{""1,0"": 2.382657671092116e-10, ""2,0"": 2.34059211251398e-10, ""2,1"": 3.0447436742122837e-10}",,,,,True,,True,
sensitivity,noise_floor,"{""sigma_noise"": 0.01}",0.05,200.0,0.25,1.0,1024,44,SECOND,8.32266232841594e-10,0.0019978967029601336,0,"[5.509495690815331e-10, 5.60101401340003e-10, 5.534814952616521e-10]","{""1,0"": 2.78784737579942e-10, ""2,0"": 2.721648315015911e-10, ""2,1"": 2.8131666376006096e-10}",,,,,True,,True,
sensitivity,noise_floor,"{""sigma_noise"": 0.01}",0.05,200.0,0.25,3.0,1024,42,SECOND,1.7084057813138108e-08,0.010320702567696571,0,"[8.773815766355951e-09, 1.3097435609757639e-08, 1.2296864250162628e-08]","{""1,0"": 4.78719356297548e-09, ""2,0"": 3.98662220338047e-09, ""2,1"": 8.310242046782158e-09}",,,,,True,,True,
sensitivity,noise_floor,"{""sigma_noise"": 0.01}",0.05,200.0,0.25,3.0,1024,43,SECOND,2.7583417431384586e-08,0.009715310297906399,0,"[1.5192841831830745e-08, 1.9568287139086048e-08, 2.040570589185238e-08]","{""1,0"": 7.177711539532206e-09, ""2,0"": 8.015130292298541e-09, ""2,1"": 1.239057559955384e-08}",,,,,True,,True,
sensitivity,noise_floor,"{""sigma_noise"": 0.01}",0.05,200.0,0.25,3.0,1024,44,SECOND,4.534128131501665e-08,0.01250831875950098,0,"[2.6151943508705323e-08, 3.06588900986935e-08, 3.387172902263448e-08]","{""1,0"": 1.1469552292382173e-08, ""2,0"": 1.468239121632315e-08, ""2,1"": 1.9189337806311328e-08}",,,,,True,,True,
sensitivity,noise_floor,"{""sigma_noise"": 0.01}",0.05,200.0,0.25,5.0,1024,42,SECOND,4.3861442863451516e-08,0.015203969553112984,0,"[1.9221212577128025e-08, 3.782161763052073e-08, 3.068005551925427e-08]","{""1,0"": 1.3181387344197246e-08, ""2,0"": 6.0398252329307785e-09, ""2,1"": 2.4640230286323488e-08}",,,,,True,,True,
sensitivity,noise_floor,"{""sigma_noise"": 0.01}",0.05,200.0,0.25,5.0,1024,43,SECOND,5.204702751278189e-08,0.013838989660143852,0,"[3.624437247085172e-08, 2.987203236083065e-08, 3.7977650193881407e-08]","{""1,0"": 1.4069377318900486e-08, ""2,0"": 2.2174995151951236e-08, ""2,1"": 1.5802655041930168e-08}",,,,,True,,True,
sensitivity,noise_floor,"{""sigma_noise"": 0.01}",0.05,200.0,0.25,5.0,1024,44,SECOND,2.0740081753867237e-07,0.022257478907704353,0,"[9.011359847857787e-08, 1.3883010882989837e-07, 1.8585792776886848e-07]","{""1,0"": 2.154288976980389e-08, ""2,0"": 6.857070870877398e-08, ""2,1"": 1.1728721906009448e-07}",,,,,True,,True,
sensitivity,noise_floor,"{""sigma_noise"": 0.01}",0.05,200.0,0.5,1.0,1024,42,SECOND,7.177873568513631e-10,0.0019273030338808894,0,"[4.614781008316822e-10, 4.934137494392379e-10, 4.806828634318064e-10]","{""1,0"": 2.371044934195569e-10, ""2,0"": 2.2437360741212533e-10, ""2,1"": 2.56309256019681e-10}",,,,,True,,True,
sensitivity,noise_floor,"{""sigma_noise"": 0.01}",0.05,200.0,0.5,1.0,1024,43,SECOND,7.76807224908335e-10,0.0021369766909629107,0,"[4.723293080180941e-10, 5.427458905022689e-10, 5.385392512963068e-10]","{""1,0"": 2.3826797361202807e-10, ""2,0"": 2.34061334406066e-10, ""2,1"": 3.044779168902409e-10}",,,,,True,,True,
sensitivity,noise_floor,"{""sigma_noise"": 0.01}",0.05,200.0,0.5,1.0,1024,44,SECOND,8.322750353246879e-10,0.0019978967029601336,0,"[5.509553610361142e-10, 5.601073896221511e-10, 5.534873199911103e-10]","{""1,0"": 2.787877153335775e-10, ""2,0"": 2.721676457025366e-10, ""2,1"": 2.8131967428857366e-10}",,,,,True,,True,
sensitivity,noise_floor,"{""sigma_noise"": 0.01}",0.05,200.0,0.5,3.0,1024,42,SECOND,1.7087389667489922e-08,0.010320702567696571,0,"[8.775063604253854e-09, 1.3100190998067742e-08, 1.2299524732658247e-08]","{""1,0"": 4.787864934831674e-09, ""2,0"": 3.9871986694221785e-09, ""2,1"": 8.312326063236068e-09}",,,,,True,,True,
sensitivity,noise_floor,"{""sigma_noise"": 0.01}",0.05,200.0,0.5,3.0,1024,43,SECOND,2.758957450720118e-08,0.009715310297906399,0,"[1.5195741529899602e-08, 1.9572848971802122e-08, 2.0410558512700634e-08]","{""1,0"": 7.179015994500544e-09, ""2,0"": 8.016725535399057e-09, ""2,1"": 1.2393832977301576e-08}",,,,,True,,True,
sensitivity,noise_floor,"{""sigma_noise"": 0.01}",0.05,200.0,0.5,3.0,1024,44,SECOND,4.5356866001928235e-08,0.01250831875950098,0,"[2.6159845191675623e-08, 3.066986743254923e-08, 3.3884019379631614e-08]","{""1,0"": 1.1472846622296619e-08, ""2,0"": 1.4686998569379004e-08, ""2,1"": 1.9197020810252612e-08}",,,,,True,,True,
sensitivity,noise_floor,"{""sigma_noise"": 0.01}",0.05,200.0,0.5,5.0,1024,42,SECOND,4.3881138927144985e-08,0.015203969553112984,0,"[1.9226729486711918e-08, 3.783988509105528e-08, 3.069566327652277e-08]","{""1,0"": 1.3185475650622216e-08, ""2,0"": 6.041253836089702e-09, ""2,1"": 2.4654409440433063e-08}",,,,,True,,True,
sensitivity,noise_floor,"{""sigma_noise"": 0.01}",0.05,200.0,0.5,5.0,1024,43,SECOND,5.206682426532944e-08,0.013838989660143852,0,"[3.625930820297592e-08, 2.98813032115702e-08, 3.799303711611276e-08]","{""1,0"": 1.4073787149216678e-08, ""2,0"": 2.2185521053759243e-08, ""2,1"": 1.580751606235352e-08}",,,,,True,,True,
sensitivity,noise_floor,"{""sigma_noise"": 0.01}",0.05,200.0,0.5,5.0,1024,44,SECOND,2.0763381457437397e-07,0.022257478907704353,0,"[9.018679465776662e-08, 1.3900119529062741e-07, 1.860796392003539e-07]","{""1,0"": 2.1554175374020075e-08, ""2,0"": 6.863261928374655e-08, ""2,1"": 1.1744701991660734e-07}",,,,,True,,True,
sensitivity,noise_floor,"{""sigma_noise"": 0.01}",0.05,200.0,1.0,1.0,1024,42,SECOND,7.177890256460822e-10,0.0019273030338808894,0,"[4.6147913776124657e-10, 4.934149293178931e-10, 4.806839842130247e-10]","{""1,0"": 2.371050414330575e-10, ""2,0"": 2.243740963281891e-10, ""2,1"": 2.563098878848356e-10}",,,,,True,,True,
sensitivity,noise_floor,"{""sigma_noise"": 0.01}",0.05,200.0,1.0,1.0,1024,43,SECOND,7.768091947432416e-10,0.0021369766909629107,0,"[4.72330390451609e-10, 5.427473295406005e-10, 5.385406694942737e-10]","{""1,0"": 2.3826852524896786e-10, ""2,0"": 2.3406186520264116e-10, ""2,1"": 3.0447880429163263e-10}",,,,,True,,True,
sensitivity,noise_floor,"{""sigma_noise"": 0.01}",0.05,200.0,1.0,1.0,1024,44,SECOND,8.322772360032092e-10,0.0019978967029601336,0,"[5.50956809064138e-10, 5.60108886737621e-10, 5.534887762046595e-10]","{""1,0"": 2.787884597985497e-10, ""2,0"": 2.721683492655882e-10, ""2,1"": 2.8132042693907126e-10}",,,,,True,,True,
sensitivity,noise_floor,"{""sigma_noise"": 0.01}",0.05,200.0,1.0,3.0,1024,42,SECOND,1.7088223128641086e-08,0.010320702567696571,0,"[8.77537568863446e-09, 1.3100880281942038e-08, 1.2300190286705678e-08]","{""1,0"": 4.78803284193541e-09, ""2,0"": 3.98734284669905e-09, ""2,1"": 8.312847440006627e-09}",,,,,True,,True,
sensitivity,noise_floor,"{""sigma_noise"": 0.01}",0.05,200.0,1.0,3.0,1024,43,SECOND,2.75911146870578e-08,0.009715310297906399,0,"[1.5196466817850252e-08, 1.957399013008271e-08, 2.041177242618264e-08]","{""1,0"": 7.179342260875162e-09, ""2,0"": 8.01712455697509e-09, ""2,1"": 1.2394647869207548e-08}",,,,,True,,True,
sensitivity,noise_floor,"{""sigma_noise"": 0.01}",0.05,200.0,1.0,3.0,1024,44,SECOND,4.5360765787669794e-08,0.01250831875950098,0,"[2.616182220559223e-08, 3.0672614439832984e-08, 3.388709492991437e-08]","{""1,0"": 1.1473670857755423e-08, ""2,0"": 1.4688151347836809e-08, ""2,1"": 1.919894358207756e-08}",,,,,True,,True,
sensitivity,noise_floor,"{""sigma_noise"": 0.01}",0.05,200.0,1.0,5.0,1024,42,SECOND,4.388606980106177e-08,0.015203969553112984,0,"[1.922810983783312e-08, 3.784445856333097e-08, 3.069957120095944e-08]","{""1,0"": 1.3186498600102325e-08, ""2,0"": 6.041611237730795e-09, ""2,1"": 2.4657959963228647e-08}",,,,,True,,True,
sensitivity,noise_floor,"{""sigma_noise"": 0.01}",0.05,200.0,1.0,5.0,1024,43,SECOND,5.207177877366717e-08,0.013838989660143852,0,"[3.626304650358931e-08, 2.988362280164556e-08, 3.799688824209947e-08]","{""1,0"": 1.4074890531567699e-08, ""2,0"": 2.2188155972021612e-08, ""2,1"": 1.5808732270077855e-08}",,,,,True,,True,
sensitivity,noise_floor,"{""sigma_noise"": 0.01}",0.05,200.0,1.0,5.0,1024,44,SECOND,2.076922475000159e-07,0.022257478907704353,0,"[9.020513484566307e-08, 1.390441135512335e-07, 1.8613524660313527e-07]","{""1,0"": 2.155700089688066e-08, ""2,0"": 6.864813394878241e-08, ""2,1"": 1.1748711265435285e-07}",,,,,True,,True,
sensitivity,noise_floor,"{""sigma_noise"": 0.01}",0.05,500.0,0.25,1.0,1024,42,SECOND,2.7232070583781665e-16,0.0019273030338808894,0,"[1.745859780027982e-16, 1.8799899660886937e-16, 1.820564370639657e-16]","{""1,0"": 9.026426877385093e-17, ""2,0"": 8.432170922894727e-17, ""2,1"": 9.773472783501843e-17}",,,,,True,,True,
sensitivity,noise_floor,"{""sigma_noise"": 0.01}",0.05,500.0,0.25,1.0,1024,43,SECOND,2.9771794758429566e-16,0.0021369766909629107,0,"[1.7852767701789593e-16, 2.093616591030411e-16, 2.075465590476543e-16]","{""1,0"": 9.017138853664137e-17, ""2,0"": 8.835628848125456e-17, ""2,1"": 1.1919027056639973e-16}",,,,,True,,True,
sensitivity,noise_floor,"{""sigma_noise"": 0.01}",0.05,500.0,0.25,1.0,1024,44,SECOND,3.2106884137393303e-16,0.0019978967029601336,0,"[2.1287289643856834e-16, 2.1567434611859724e-16, 2.1359044019070052e-16]","{""1,0"": 1.0747840118323253e-16, ""2,0"": 1.0539449525533581e-16, ""2,1"": 1.0819594493536471e-16}",,,,,True,,True,
sensitivity,noise_floor,"{""sigma_noise"": 0.01}",0.05,500.0,0.25,3.0,1024,42,SECOND,1.3481853438306966e-14,0.010320702567696571,0,"[6.126208866168001e-15, 1.0994900558157663e-14, 9.842597452288268e-15]","{""1,0"": 3.6392559860186985e-15, ""2,0"": 2.4869528801493024e-15, ""2,1"": 7.355644572138965e-15}",,,,,True,,True,
sensitivity,noise_floor,"{""sigma_noise"": 0.01}",0.05,500.0,0.25,3.0,1024,43,SECOND,2.6734411603558802e-14,0.009715310297906399,0,"[1.3083677197462108e-14, 1.953927975387916e-14, 2.0845866255776335e-14]","{""1,0"": 5.8885453477824685e-15, ""2,0"": 7.19513184967964e-15, ""2,1"": 1.3650734406096693e-14}",,,,,True,,True,
sensitivity,noise_floor,"{""sigma_noise"": 0.01}",0.05,500.0,0.25,3.0,1024,44,SECOND,5.511988963154288e-14,0.01250831875950098,0,"[2.878877101877149e-14, 3.846125766960248e-14, 4.29897505747118e-14]","{""1,0"": 1.213013905683109e-14, ""2,0"": 1.6658631961940404e-14, ""2,1"": 2.633111861277139e-14}",,,,,True,,True,
sensitivity,noise_floor,"{""sigma_noise"": 0.01}",0.05,500.0,0.25,5.0,1024,42,SECOND,6.36261198170246e-14,0.015203969553112984,0,"[2.1336644083746842e-14, 5.948011591335332e-14, 4.6435479636949035e-14]","{""1,0"": 1.7190640180075565e-14, ""2,0"": 4.146003903671278e-15, ""2,1"": 4.2289475733277755e-14}",,,,,True,,True,
sensitivity,noise_floor,"{""sigma_noise"": 0.01}",0.05,500.0,0.25,5.0,1024,43,SECOND,7.083733662022143e-14,0.013838989660143852,0,"[5.160131815800367e-14, 3.4292908444743425e-14, 5.578044663769577e-14]","{""1,0"": 1.5056889982525664e-14, ""2,0"": 3.6544428175478006e-14, ""2,1"": 1.9236018462217762e-14}",,,,,True,,True,
sensitivity,noise_floor,"{""sigma_noise"": 0.01}",0.05,500.0,0.25,5.0,1024,44,SECOND,1.0870488593332804e-12,0.022257478907704353,0,"[2.6168949353392353e-13, 8.625207744003223e-13, 1.049887450732315e-12]","{""1,0"": 3.7161408600965485e-14, ""2,0"": 2.2452808493295805e-13, ""2,1"": 8.253593657993569e-13}",,,,,True,,True,
sensitivity,noise_floor,"{""sigma_noise"": 0.01}",0.05,500.0,0.5,1.0,1024,42,SECOND,2.7232324451772305e-16,0.0019273030338808894,0,"[1.745875515326009e-16, 1.8800079938501526e-16, 1.8205813811782993e-16]","{""1,0"": 9.026510639989312e-17, ""2,0"": 8.432244513270779e-17, ""2,1"": 9.773569298512214e-17}",,,,,True,,True,
sensitivity,noise_floor,"{""sigma_noise"": 0.01}",0.05,500.0,0.5,1.0,1024,43,SECOND,2.977209823882312e-16,0.0021369766909629107,0,"[1.7852931616940488e-16, 2.093638914047335e-16, 2.07548757202324e-16]","{""1,0"": 9.017222518590718e-17, ""2,0"": 8.835709098349769e-17, ""2,1"": 1.191916662188263e-16}",,,,,True,,True,
sensitivity,noise_floor,"{""sigma_noise"": 0.01}",0.05,500.0,0.5,1.0,1024,44,SECOND,3.2107224157449557e-16,0.0019978967029601336,0,"[2.1287513794752805e-16, 2.1567665473539855e-16, 2.1359269046606454e-16]","{""1,0"": 1.0747955110843103e-16, ""2,0"": 1.0539558683909702e-16, ""2,1"": 1.0819710362696752e-16}",,,,,True,,True,
sensitivity,noise_floor,"{""sigma_noise"": 0.01}",0.05,500.0,0.5,3.0,1024,42,SECOND,1.3484771006113583e-14,0.010320702567696571,0,"[6.1271287409292435e-15, 1.0997442357336154e-14, 9.844970913961765e-15]","{""1,0"": 3.639800092151816e-15, ""2,0"": 2.4873286487774277e-15, ""2,1"": 7.357642265184338e-15}",,,,,True,,True,
sensitivity,noise_floor,"{""sigma_noise"": 0.01}",0.05,500.0,0.5,3.0,1024,43,SECOND,2.6740726962708992e-14,0.009715310297906399,0,"[1.3086286485175313e-14, 1.9544086802811902e-14, 2.085108063743077e-14]","{""1,0"": 5.889646325278222e-15, ""2,0"": 7.196640159897091e-15, ""2,1"": 1.365444047753368e-14}",,,,,True,,True,
sensitivity,noise_floor,"{""sigma_noise"": 0.01}",0.05,500.0,0.5,3.0,1024,44,SECOND,5.514046365113189e-14,0.01250831875950098,0,"[2.879793903552442e-14, 3.847640842761968e-14, 4.3006579839119683e-14]","{""1,0"": 1.2133883812012207e-14, ""2,0"": 1.666405522351221e-14, ""2,1"": 2.6342524615607472e-14}",,,,,True,,True,
sensitivity,noise_floor,"{""sigma_noise"": 0.01}",0.05,500.0,0.5,5.0,1024,42,SECOND,6.366001996597122e-14,0.015203969553112984,0,"[2.134356080000685e-14, 5.951298285679938e-14, 4.6463496275136187e-14]","{""1,0"": 1.719652369083502e-14, ""2,0"": 4.147037109171829e-15, ""2,1"": 4.231645916596436e-14}",,,,,True,,True,
sensitivity,noise_floor,"{""sigma_noise"": 0.01}",0.05,500.0,0.5,5.0,1024,43,SECOND,7.08675384098218e-14,0.013838989660143852,0,"[5.1625430140139845e-14, 3.430398085068302e-14, 5.5805665828820745e-14]","{""1,0"": 1.506187258100106e-14, ""2,0"": 3.6563557559138786e-14, ""2,1"": 1.924210826968196e-14}",,,,,True,,True,
sensitivity,noise_floor,"{""sigma_noise"": 0.01}",0.05,500.0,0.5,5.0,1024,44,SECOND,1.0885045592117643e-12,0.022257478907704353,0,"[2.6193250324015517e-13, 8.63755001509749e-13, 1.0513216136736244e-12]","{""1,0"": 3.718294553813992e-14, ""2,0"": 2.2474955770201527e-13, ""2,1"": 8.26572055971609e-13}",,,,,True,,True,
sensitivity,noise_floor,"{""sigma_noise"": 0.01}",0.05,500.0,1.0,1.0,1024,42,SECOND,2.7232387920445497e-16,0.0019273030338808894,0,"[1.7458794492469873e-16, 1.8800125008994155e-16, 1.820585633942697e-16]","{""1,0"": 9.026531581018529e-17, ""2,0"": 8.432262911451345e-17, ""2,1"": 9.773593427975625e-17}",,,,,True,,True,
sensitivity,noise_floor,"{""sigma_noise"": 0.01}",0.05,500.0,1.0,1.0,1024,43,SECOND,2.977217411098776e-16,0.0021369766909629107,0,"[1.7852972596447413e-16, 2.0936444949787012e-16, 2.0754930675741103e-16]","{""1,0"": 9.017243435246662e-17, ""2,0"": 8.835729161200751e-17, ""2,1"": 1.191920151454035e-16}",,,,,True,,True,
sensitivity,noise_floor,"{""sigma_noise"": 0.01}",0.05,500.0,1.0,1.0,1024,44,SECOND,3.210730916470379e-16,0.0019978967029601336,0,"[2.1287569834009112e-16, 2.1567723190697923e-16, 2.1359325304700546e-16]","{""1,0"": 1.0747983860003244e-16, ""2,0"": 1.0539585974005869e-16, ""2,1"": 1.0819739330694678e-16}",,,,,True,,True,
sensitivity,noise_floor,"{""sigma_noise"": 0.01}",0.05,500.0,1.0,3.0,1024,42,SECOND,1.3485500864664819e-14,0.010320702567696571,0,"[6.127358804460382e-15, 1.0998078233202293e-14, 9.845564691666963e-15]","{""1,0"": 3.6399361729978565e-15, ""2,0"": 2.4874226314625253e-15, ""2,1"": 7.358142060204438e-15}",,,,,True,,True,
sensitivity,noise_floor,"{""sigma_noise"": 0.01}",0.05,500.0,1.0,3.0,1024,43,SECOND,2.674230677737238e-14,0.009715310297906399,0,"[1.3086939145752929e-14, 1.954528933238741e-14, 2.085238507660442e-14]","{""1,0"": 5.889921700767959e-15, ""2,0"": 7.19701744498497e-15, ""2,1"": 1.365536763161945e-14}",,,,,True,,True,
sensitivity,noise_floor,"{""sigma_noise"": 0.01}",0.05,500.0,1.0,3.0,1024,44,SECOND,5.514561224274562e-14,0.01250831875950098,0,"[2.880023294554202e-14, 3.8480200073452144e-14, 4.3010791466497075e-14]","{""1,0"": 1.2134820776248548e-14, ""2,0"": 1.6665412169293475e-14, ""2,1"": 2.63453792972036e-14}",,,,,True,,True,
sensitivity,noise_floor,"{""sigma_noise"": 0.01}",0.05,500.0,1.0,5.0,1024,42,SECOND,6.366850787473184e-14,0.015203969553112984,0,"[2.13452914930445e-14, 5.952121227927688e-14, 4.64705119771423e-14]","{""1,0"": 1.719799589758954e-14, ""2,0"": 4.147295595454959e-15, ""2,1"": 4.2323216381687343e-14}",,,,,True,,True,
sensitivity,noise_floor,"{""sigma_noise"": 0.01}",0.05,500.0,1.0,5.0,1024,43,SECOND,7.087509774293338e-14,0.013838989660143852,0,"[5.1631465802923277e-14, 3.430675125938094e-14, 5.5811978423562525e-14]","{""1,0"": 1.5063119319370847e-14, ""2,0"": 3.656834648355243e-14, ""2,1"": 1.92436319400101e-14}",,,,,True,,True,
sensitivity,noise_floor,"{""sigma_noise"": 0.01}",0.05,500.0,1.0,5.0,1024,44,SECOND,1.0888697527919771e-12,0.022257478907704353,0,"[2.619934037725841e-13, 8.640646869590211e-13, 1.0516814148523492e-12]","{""1,0"": 3.718833793962799e-14, ""2,0"": 2.248050658329561e-13, ""2,1"": 8.268763490193931e-13}",,,,,True,,True,
sensitivity,noise_floor,"{""sigma_noise"": 0.01}",0.1,100.0,0.25,1.0,1024,42,SECOND,6.681498527316868e-10,0.0019273030338808894,0,"[4.2997944309490793e-10, 4.586424564561952e-10, 4.4767780591227045e-10]","{""1,0"": 2.2047204681941633e-10, ""2,0"": 2.0950739627549163e-10, ""2,1"": 2.381704096367788e-10}",,,,,True,,True,
sensitivity,noise_floor,"{""sigma_noise"": 0.01}",0.1,100.0,0.25,1.0,1024,43,SECOND,7.207122203645551e-10,0.0021369766909629107,0,"[4.401933495080099e-10, 5.024849114047728e-10, 4.987461798163274e-10]","{""1,0"": 2.2196604054822765e-10, ""2,0"": 2.1822730895978227e-10, ""2,1"": 2.8051887085654517e-10}",,,,,True,,True,
sensitivity,noise_floor,"{""sigma_noise"": 0.01}",0.1,100.0,0.25,1.0,1024,44,SECOND,7.703928897018934e-10,0.0019978967029601336,0,"[5.097343788368876e-10, 5.187737024560229e-10, 5.122776981108763e-10]","{""1,0"": 2.5811519159101714e-10, ""2,0"": 2.516191872458705e-10, ""2,1"": 2.606585108650058e-10}",,,,,True,,True,
sensitivity,noise_floor,"{""sigma_noise"": 0.01}",0.1,100.0,0.25,3.0,1024,42,SECOND,1.26485260203978e-08,0.010320702567696571,0,"[6.735636553401177e-09, 9.494756188109519e-09, 9.066659299284902e-09]","{""1,0"": 3.5818667211128967e-09, ""2,0"": 3.1537698322882804e-09, ""2,1"": 5.912889466996623e-09}",,,,,True,,True,
sensitivity,noise_floor,"{""sigma_noise"": 0.01}",0.1,100.0,0.25,3.0,1024,43,SECOND,1.909894299500409e-08,0.009715310297906399,0,"[1.0880735867202082e-08, 1.3428125423293763e-08, 1.3889024699512331e-08]","{""1,0"": 5.209918295491757e-09, ""2,0"": 5.670817571710325e-09, ""2,1"": 8.218207127802006e-09}",,,,,True,,True,
sensitivity,noise_floor,"{""sigma_noise"": 0.01}",0.1,100.0,0.25,3.0,1024,44,SECOND,2.9465851716834503e-08,0.01250831875950098,0,"[1.7281640012946214e-08, 1.9877237006704305e-08, 2.1772826414018488e-08]","{""1,0"": 7.693025302816015e-09, ""2,0"": 9.588614710130198e-09, ""2,1"": 1.218421170388829e-08}",,,,,True,,True,
sensitivity,noise_floor,"{""sigma_noise"": 0.01}",0.1,100.0,0.25,5.0,1024,42,SECOND,2.7431180160286613e-08,0.015203969553112984,0,"[1.3046809940209903e-08, 2.2800045451617298e-08, 1.9015504928746024e-08]","{""1,0"": 8.415675231540588e-09, ""2,0"": 4.6311347086693146e-09, ""2,1"": 1.438437022007671e-08}",,,,,True,,True,
sensitivity,noise_floor,"{""sigma_noise"": 0.01}",0.1,100.0,0.25,5.0,1024,43,SECOND,3.258288277568424e-08,0.013838989660143852,0,"[2.2450673075386768e-08, 1.9508151258664946e-08, 2.3206941217316766e-08]","{""1,0"": 9.375941558367472e-09, ""2,0"": 1.3074731517019296e-08, ""2,1"": 1.0132209700297472e-08}",,,,,True,,True,
sensitivity,noise_floor,"{""sigma_noise"": 0.01}",0.1,100.0,0.25,5.0,1024,44,SECOND,9.182915110410419e-08,0.022257478907704353,0,"[4.537554406653613e-08, 5.9007185379849725e-08, 7.927557276182253e-08]","{""1,0"": 1.2553578342281667e-08, ""2,0"": 3.282196572425446e-08, ""2,1"": 4.645360703756806e-08}",,,,,True,,True,
sensitivity,noise_floor,"{""sigma_noise"": 0.01}",0.1,100.0,0.5,1.0,1024,42,SECOND,6.681560611127828e-10,0.0019273030338808894,0,"[4.2998330407069074e-10, 4.5864683958587187e-10, 4.476819785690031e-10]","{""1,0"": 2.2047408254377975e-10, ""2,0"": 2.0950922152691102e-10, ""2,1"": 2.381727570420921e-10}",,,,,True,,True,
sensitivity,noise_floor,"{""sigma_noise"": 0.01}",0.1,100.0,0.5,1.0,1024,43,SECOND,7.207195186868189e-10,0.0021369766909629107,0,"[4.4019738245914427e-10, 5.024902310242357e-10, 4.987514238902579e-10]","{""1,0"": 2.21968094796561e-10, ""2,0"": 2.1822928766258324e-10, ""2,1"": 2.8052213622767466e-10}",,,,,True,,True,
sensitivity,noise_floor,"{""sigma_noise"": 0.01}",0.1,100.0,0.5,1.0,1024,44,SECOND,7.704010342516808e-10,0.0019978967029601336,0,"[5.09739734599648e-10, 5.187792466824016e-10, 5.122830872213122e-10]","{""1,0"": 2.5811794703036877e-10, ""2,0"": 2.516217875692793e-10, ""2,1"": 2.606612996520329e-10}",,,,,True,,True,
sensitivity,noise_floor,"{""sigma_noise"": 0.01}",0.1,100.0,0.5,3.0,1024,42,SECOND,1.2650900154994744e-08,0.010320702567696571,0,"[6.7365753570575965e-09, 9.49668149158412e-09, 9.06854346134777e-09]","{""1,0"": 3.582356693646973e-09, ""2,0"": 3.1542186634106238e-09, ""2,1"": 5.914324797937147e-09}",,,,,True,,True,
sensitivity,noise_floor,"{""sigma_noise"": 0.01}",0.1,100.0,0.5,3.0,1024,43,SECOND,1.9103111048550183e-08,0.009715310297906399,0,"[1.0882777597388105e-08, 1.3431186933456069e-08, 1.3892257566256188e-08]","{""1,0"": 5.210853482293993e-09, ""2,0"": 5.671924115094112e-09, ""2,1"": 8.220333451162076e-09}",,,,,True,,True,
sensitivity,noise_floor,"{""sigma_noise"": 0.01}",0.1,100.0,0.5,3.0,1024,44,SECOND,2.9475680909512846e-08,0.01250831875950098,0,"[1.728674835699505e-08, 1.988410606769969e-08, 2.1780507394330954e-08]","{""1,0"": 7.695173515181892e-09, ""2,0"": 9.591574841813157e-09, ""2,1"": 1.2188932552517797e-08}",,,,,True,,True,
sensitivity,noise_floor,"{""sigma_noise"": 0.01}",0.1,100.0,0.5,5.0,1024,42,SECOND,2.7442583571791115e-08,0.015203969553112984,0,"[1.3050379131425342e-08, 2.281037467578065e-08, 1.9024413336376237e-08]","{""1,0"": 8.418170235414879e-09, ""2,0"": 4.632208896010463e-09, ""2,1"": 1.4392204440365773e-08}",,,,,True,,True,
sensitivity,noise_floor,"{""sigma_noise"": 0.01}",0.1,100.0,0.5,5.0,1024,43,SECOND,3.25947650868444e-08,0.013838989660143852,0,"[2.2459481101717692e-08, 1.9514104960214296e-08, 2.321594411175682e-08]","{""1,0"": 9.378820975087585e-09, ""2,0"": 1.308066012663011e-08, ""2,1"": 1.013528398512671e-08}",,,,,True,,True,
sensitivity,noise_floor,"{""sigma_noise"": 0.01}",0.1,100.0,0.5,5.0,1024,44,SECOND,9.192205259688567e-08,0.022257478907704353,0,"[4.541004937793492e-08, 5.9071812770439636e-08, 7.936224304539676e-08]","{""1,0"": 1.2559809551488895e-08, ""2,0"": 3.285023982644602e-08, ""2,1"": 4.651200321895074e-08}",,,,,True,,True,
sensitivity,noise_floor,"{""sigma_noise"": 0.01}",0.1,100.0,1.0,1.0,1024,42,SECOND,6.681576132487647e-10,0.0019273030338808894,0,"[4.2998426933791367e-10, 4.586479353944792e-10, 4.476830217651365e-10]","{""1,0"": 2.204745914836282e-10, ""2,0"": 2.0950967785428548e-10, ""2,1"": 2.38173343910851e-10}",,,,,True,,True,
sensitivity,noise_floor,"{""sigma_noise"": 0.01}",0.1,100.0,1.0,1.0,1024,43,SECOND,7.207213433166297e-10,0.0021369766909629107,0,"[4.401983907148054e-10, 5.024915609709433e-10, 4.987527349475109e-10]","{""1,0"": 2.219686083691189e-10, ""2,0"": 2.1822978234568653e-10, ""2,1"": 2.8052295260182433e-10}",,,,,True,,True,
sensitivity,noise_floor,"{""sigma_noise"": 0.01}",0.1,100.0,1.0,1.0,1024,44,SECOND,7.704030704424837e-10,0.0019978967029601336,0,"[5.097410735766845e-10, 5.187806327805509e-10, 5.122844345277318e-10]","{""1,0"": 2.581186359147518e-10, ""2,0"": 2.5162243766193266e-10, ""2,1"": 2.606619968657992e-10}",,,,,True,,True,
sensitivity,noise_floor,"{""sigma_noise"": 0.01}",0.1,100.0,1.0,3.0,1024,42,SECOND,1.2651494033707763e-08,0.010320702567696571,0,"[6.736810150842459e-09, 9.497163115612458e-09, 9.06901480096061e-09]","{""1,0"": 3.582479232747153e-09, ""2,0"": 3.1543309180953056e-09, ""2,1"": 5.914683882865305e-09}",,,,,True,,True,
sensitivity,noise_floor,"{""sigma_noise"": 0.01}",0.1,100.0,1.0,3.0,1024,43,SECOND,1.9104153667862866e-08,0.009715310297906399,0,"[1.088328828236033e-08, 1.3431952773054835e-08, 1.3893066280310567e-08]","{""1,0"": 5.211087387552299e-09, ""2,0"": 5.672200894808031e-09, ""2,1"": 8.220865385502536e-09}",,,,,True,,True,
sensitivity,noise_floor,"{""sigma_noise"": 0.01}",0.1,100.0,1.0,3.0,1024,44,SECOND,2.9478140432402153e-08,0.01250831875950098,0,"[1.7288026459417665e-08, 1.9885824959343356e-08, 2.1782429446043286e-08]","{""1,0"": 7.695710986358867e-09, ""2,0"": 9.592315473058797e-09, ""2,1"": 1.2190113972984488e-08}",,,,,True,,True,
sensitivity,noise_floor,"{""sigma_noise"": 0.01}",0.1,100.0,1.0,5.0,1024,42,SECOND,2.744543822394659e-08,0.015203969553112984,0,"[1.305127213395259e-08, 2.2812960593885138e-08, 1.9026643720055447e-08]","{""1,0"": 8.41879450389114e-09, ""2,0"": 4.6324776300614505e-09, ""2,1"": 1.4394166089993998e-08}",,,,,True,,True,
sensitivity,noise_floor,"{""sigma_noise"": 0.01}",0.1,100.0,1.0,5.0,1024,43,SECOND,3.259773874489266e-08,0.013838989660143852,0,"[2.2461685592232223e-08, 1.9515594575986478e-08, 2.3218197321566622e-08]","{""1,0"": 9.37954142332604e-09, ""2,0"": 1.3082144168906182e-08, ""2,1"": 1.013605315266044e-08}",,,,,True,,True,
sensitivity,noise_floor,"{""sigma_noise"": 0.01}",0.1,100.0,1.0,5.0,1024,44,SECOND,9.194534651157684e-08,0.022257478907704353,0,"[4.5418694327451945e-08, 5.9088021763489515e-08, 7.938397693221223e-08]","{""1,0"": 1.256136957936462e-08, ""2,0"": 3.285732474808733e-08, ""2,1"": 4.65266521841249e-08}",,,,,True,,True,
sensitivity,noise_floor,"{""sigma_noise"": 0.01}",0.1,200.0,0.25,1.0,1024,42,SECOND,3.2588887323315293e-14,0.0019273030338808894,0,"[2.0951973629848313e-14, 2.2401899031272112e-14, 2.1823901985510155e-14]","{""1,0"": 1.0764985337805135e-14, ""2,0"": 1.0186988292043178e-14, ""2,1"": 1.1636913693466978e-14}",,,,,True,,True,
sensitivity,noise_floor,"{""sigma_noise"": 0.01}",0.1,200.0,0.25,1.0,1024,43,SECOND,3.526848774943771e-14,0.0021369766909629107,0,"[2.144464178696538e-14, 2.4641649668923335e-14, 2.4450684042986705e-14]","{""1,0"": 1.0817803706451002e-14, ""2,0"": 1.0626838080514374e-14, ""2,1"": 1.3823845962472333e-14}",,,,,True,,True,
sensitivity,noise_floor,"{""sigma_noise"": 0.01}",0.1,200.0,0.25,1.0,1024,44,SECOND,3.778682879248131e-14,0.0019978967029601336,0,"[2.5014400708299453e-14, 2.5429911887125972e-14, 2.5129344989537196e-14]","{""1,0"": 1.2657483802944114e-14, ""2,0"": 1.2356916905355337e-14, ""2,1"": 1.277242808418186e-14}",,,,,True,,True,
sensitivity,noise_floor,"{""sigma_noise"": 0.01}",0.1,200.0,0.25,3.0,1024,42,SECOND,7.756805084939016e-13,0.010320702567696571,0,"[3.98361608082347e-13, 5.946750205369963e-13, 5.583243883684598e-13]","{""1,0"": 2.1735612012544172e-13, ""2,0"": 1.8100548795690528e-13, ""2,1"": 3.7731890041155454e-13}",,,,,True,,True,
sensitivity,noise_floor,"{""sigma_noise"": 0.01}",0.1,200.0,0.25,3.0,1024,43,SECOND,1.2524070530733938e-12,0.009715310297906399,0,"[6.898161100028643e-13, 8.884870750523331e-13, 9.265109210915904e-13]","{""1,0"": 3.2589613198180356e-13, ""2,0"": 3.6391997802106076e-13, ""2,1"": 5.625909430705296e-13}",,,,,True,,True,
sensitivity,noise_floor,"{""sigma_noise"": 0.01}",0.1,200.0,0.25,3.0,1024,44,SECOND,2.0587213661330184e-12,0.01250831875950098,0,"[1.1874222104556167e-12, 1.392069456128713e-12, 1.5379510656817071e-12]","{""1,0"": 5.207703004513114e-13, ""2,0"": 6.666519100043053e-13, ""2,1"": 8.712991556774017e-13}",,,,,True,,True,
sensitivity,noise_floor,"{""sigma_noise"": 0.01}",0.1,200.0,0.25,5.0,1024,42,SECOND,1.991555627509238e-12,0.015203969553112984,0,"[8.72732908443967e-13, 1.7173267264266348e-12, 1.3930516201478746e-12]","{""1,0"": 5.985040073613636e-13, ""2,0"": 2.7422890108260343e-13, ""2,1"": 1.1188227190652712e-12}",,,,,True,,True,
sensitivity,noise_floor,"{""sigma_noise"": 0.01}",0.1,200.0,0.25,5.0,1024,43,SECOND,2.363216468760286e-12,0.013838989660143852,0,"[1.6456959883268668e-12, 1.3563354625440414e-12, 1.7244014866496634e-12]","{""1,0"": 6.388149821106225e-13, ""2,0"": 1.0068810062162443e-12, ""2,1"": 7.17520480433419e-13}",,,,,True,,True,
sensitivity,noise_floor,"{""sigma_noise"": 0.01}",0.1,200.0,0.25,5.0,1024,44,SECOND,9.418693348902112e-12,0.022257478907704353,0,"[4.091957127608105e-12, 6.304920525731468e-12, 8.44050904446465e-12]","{""1,0"": 9.781843044374615e-13, ""2,0"": 3.1137728231706432e-12, ""2,1"": 5.326736221294007e-12}",,,,,True,,True,
sensitivity,noise_floor,"{""sigma_noise"": 0.01}",0.1,200.0,0.5,1.0,1024,42,SECOND,3.2589190383797e-14,0.0019273030338808894,0,"[2.095216194122642e-14, 2.2402113302927418e-14, 2.1824105523440167e-14]","{""1,0"": 1.0765084860356836e-14, ""2,0"": 1.0187077080869585e-14, ""2,1"": 1.1637028442570582e-14}",,,,,True,,True,
sensitivity,noise_floor,"{""sigma_noise"": 0.01}",0.1,200.0,0.5,1.0,1024,43,SECOND,3.526884548005425e-14,0.0021369766909629107,0,"[2.1444838363394476e-14, 2.4641911003318428e-14, 2.44509415933956e-14]","{""1,0"": 1.0817903886658654e-14, ""2,0"": 1.0626934476735824e-14, ""2,1"": 1.3824007116659774e-14}",,,,,True,,True,
sensitivity,noise_floor,"{""sigma_noise"": 0.01}",0.1,200.0,0.5,1.0,1024,44,SECOND,3.778722844578581e-14,0.0019978967029601336,0,"[2.5014663676633626e-14, 2.5430183769145104e-14, 2.512960944579289e-14]","{""1,0"": 1.2657618999992919e-14, ""2,0"": 1.2357044676640706e-14, ""2,1"": 1.2772564769152184e-14}",,,,,True,,True,
sensitivity,noise_floor,"{""sigma_noise"": 0.01}",0.1,200.0,0.5,3.0,1024,42,SECOND,7.758317881676494e-13,0.010320702567696571,0,"[3.984182643986977e-13, 5.9480012674526e-13, 5.584451851913411e-13]","{""1,0"": 2.1738660297630836e-13, ""2,0"": 1.8103166142238938e-13, ""2,1"": 3.774135237689517e-13}",,,,,True,,True,
sensitivity,noise_floor,"{""sigma_noise"": 0.01}",0.1,200.0,0.5,3.0,1024,43,SECOND,1.2526866121802608e-12,0.009715310297906399,0,"[6.899477683276183e-13, 8.886942032959465e-13, 9.267312527369568e-13]","{""1,0"": 3.2595535944330405e-13, ""2,0"": 3.639924088843143e-13, ""2,1"": 5.627388438526425e-13}",,,,,True,,True,
sensitivity,noise_floor,"{""sigma_noise"": 0.01}",0.1,200.0,0.5,3.0,1024,44,SECOND,2.0594289935310684e-12,0.01250831875950098,0,"[1.1877809857757402e-12, 1.3925678866776045e-12, 1.5385091146087923e-12]","{""1,0"": 5.209198789222762e-13, ""2,0"": 6.66861106853464e-13, ""2,1"": 8.716480077553283e-13}",,,,,True,,True,
sensitivity,noise_floor,"{""sigma_noise"": 0.01}",0.1,200.0,0.5,5.0,1024,42,SECOND,1.992449954155739e-12,0.015203969553112984,0,"[8.729834042718002e-13, 1.7181561893705545e-12, 1.393760314669123e-12]","{""1,0"": 5.986896394866159e-13, ""2,0"": 2.7429376478518427e-13, ""2,1"": 1.1194665498839385e-12}",,,,,True,,True,
sensitivity,noise_floor,"{""sigma_noise"": 0.01}",0.1,200.0,0.5,5.0,1024,43,SECOND,2.364115357117695e-12,0.013838989660143852,0,"[1.6463741612565964e-12, 1.3567564054940025e-12, 1.7251001474847912e-12]","{""1,0"": 6.390152096329038e-13, ""2,0"": 1.0073589516236926e-12, ""2,1"": 7.177411958610986e-13}",,,,,True,,True,
sensitivity,noise_floor,"{""sigma_noise"": 0.01}",0.1,200.0,0.5,5.0,1024,44,SECOND,9.42927489040133e-12,0.022257478907704353,0,"[4.0952809511493146e-12, 6.312690687701451e-12, 8.450578141951893e-12]","{""1,0"": 9.78696748449436e-13, ""2,0"": 3.1165842026998784e-12, ""2,1"": 5.3339939392520144e-12}",,,,,True,,True,
sensitivity,noise_floor,"{""sigma_noise"": 0.01}",0.1,200.0,1.0,1.0,1024,42,SECOND,3.258926615090786e-14,0.0019273030338808894,0,"[2.095220902021105e-14, 2.2402166872125018e-14, 2.1824156409479642e-14]","{""1,0"": 1.0765109741428213e-14, ""2,0"": 1.0187099278782837e-14, ""2,1"": 1.1637057130696805e-14}",,,,,True,,True,
sensitivity,noise_floor,"{""sigma_noise"": 0.01}",0.1,200.0,1.0,1.0,1024,43,SECOND,3.5268934915127534e-14,0.0021369766909629107,0,"[2.1444887508370923e-14, 2.4641976338977296e-14, 2.4451005982906843e-14]","{""1,0"": 1.0817928932220688e-14, ""2,0"": 1.0626958576150235e-14, ""2,1"": 1.3824047406756608e-14}",,,,,True,,True,
sensitivity,noise_floor,"{""sigma_noise"": 0.01}",0.1,200.0,1.0,1.0,1024,44,SECOND,3.7787328361733825e-14,0.0019978967029601336,0,"[2.5014729420505047e-14, 2.5430251741689936e-14, 2.512967556127267e-14]","{""1,0"": 1.2657652800461158e-14, ""2,0"": 1.2357076620043889e-14, ""2,1"": 1.277259894122878e-14}",,,,,True,,True,
sensitivity,noise_floor,"{""sigma_noise"": 0.01}",0.1,200.0,1.0,3.0,1024,42,SECOND,7.758696306775722e-13,0.010320702567696571,0,"[3.984324341489806e-13, 5.948314231298114e-13, 5.584754040763524e-13]","{""1,0"": 2.173942266012198e-13, ""2,0"": 1.8103820754776083e-13, ""2,1"": 3.774371965285916e-13}",,,,,True,,True,
sensitivity,noise_floor,"{""sigma_noise"": 0.01}",0.1,200.0,1.0,3.0,1024,43,SECOND,1.2527565433161993e-12,0.009715310297906399,0,"[6.89980699410231e-13, 8.88746017144782e-13, 9.267863700773856e-13]","{""1,0"": 3.259701732388137e-13, ""2,0"": 3.6401052617141733e-13, ""2,1"": 5.627758439059683e-13}",,,,,True,,True,
sensitivity,noise_floor,"{""sigma_noise"": 0.01}",0.1,200.0,1.0,3.0,1024,44,SECOND,2.0596060644768143e-12,0.01250831875950098,0,"[1.1878707519438937e-12, 1.3926926157214863e-12, 1.538648761288248e-12]","{""1,0"": 5.209573031885659e-13, ""2,0"": 6.669134487553277e-13, ""2,1"": 8.717353125329204e-13}",,,,,True,,True,
sensitivity,noise_floor,"{""sigma_noise"": 0.01}",0.1,200.0,1.0,5.0,1024,42,SECOND,1.992673847216845e-12,0.015203969553112984,0,"[8.730460792519212e-13, 1.718363855116452e-12, 1.3939377600653166e-12]","{""1,0"": 5.987360871515283e-13, ""2,0"": 2.743099921003929e-13, ""2,1"": 1.1196277679649237e-12}",,,,,True,,True,
sensitivity,noise_floor,"{""sigma_noise"": 0.01}",0.1,200.0,1.0,5.0,1024,43,SECOND,2.3643403207773207e-12,0.013838989660143852,0,"[1.6465439028054299e-12, 1.3568617264745917e-12, 1.7252750122746202e-12]","{""1,0"": 6.390653085027007e-13, ""2,0"": 1.0074785943027292e-12, ""2,1"": 7.17796417971891e-13}",,,,,True,,True,
sensitivity,noise_floor,"{""sigma_noise"": 0.01}",0.1,200.0,1.0,5.0,1024,44,SECOND,9.431928617211039e-12,0.022257478907704353,0,"[4.09611377535914e-12, 6.314639888463517e-12, 8.453103570599423e-12]","{""1,0"": 9.788250466116171e-13, ""2,0"": 3.1172887287475228e-12, ""2,1"": 5.3358148418519e-12}",,,,,True,,True,
sensitivity,noise_floor,"{""sigma_noise"": 0.01}",0.1,500.0,0.25,1.0,1024,42,SECOND,3.781972317106856e-27,0.0019273030338808894,0,"[2.424639002244176e-27, 2.6109170260600632e-27, 2.5283886059094723e-27]","{""1,0"": 1.2535837111973834e-27, ""2,0"": 1.1710552910467925e-27, ""2,1"": 1.3573333148626798e-27}",,,,,True,,True,
sensitivity,noise_floor,"{""sigma_noise"": 0.01}",0.1,500.0,0.25,1.0,1024,43,SECOND,4.134684641854169e-27,0.0021369766909629107,0,"[2.4793805955045294e-27, 2.907595097711188e-27, 2.8823935904926202e-27]","{""1,0"": 1.2522910513615484e-27, ""2,0"": 1.2270895441429809e-27, ""2,1"": 1.6553040463496394e-27}",,,,,True,,True,
sensitivity,noise_floor,"{""sigma_noise"": 0.01}",0.1,500.0,0.25,1.0,1024,44,SECOND,4.4589859476149256e-27,0.0019978967029601336,0,"[2.9563676389873828e-27, 2.9952726858360805e-27, 2.9663315704063878e-27]","{""1,0"": 1.4926543772085378e-27, ""2,0"": 1.463713261778845e-27, ""2,1"": 1.5026183086275427e-27}",,,,,True,,True,
sensitivity,noise_floor,"{""sigma_noise"": 0.01}",0.1,500.0,0.25,3.0,1024,42,SECOND,1.8723522358861782e-25,0.010320702567696571,0,"[8.508049117623014e-26, 1.526965690285296e-25, 1.3669338697247588e-25]","{""1,0"": 5.0541836616141924e-26, ""2,0"": 3.453865456008822e-26, ""2,1"": 1.0215473241238766e-25}",,,,,True,,True,
sensitivity,noise_floor,"{""sigma_noise"": 0.01}",0.1,500.0,0.25,3.0,1024,43,SECOND,3.7128611644422217e-25,0.009715310297906399,0,"[1.8170543549708782e-25, 2.7136050871607803e-25, 2.895062886752785e-25]","{""1,0"": 8.177982776894369e-26, ""2,0"": 9.992560772814413e-26, ""2,1"": 1.8958068094713436e-25}",,,,,True,,True,
sensitivity,noise_floor,"{""sigma_noise"": 0.01}",0.1,500.0,0.25,3.0,1024,44,SECOND,7.655014802698431e-25,0.01250831875950098,0,"[3.998168587172714e-25, 5.341471376074055e-25, 5.970389642150094e-25]","{""1,0"": 1.6846251605483376e-25, ""2,0"": 2.3135434266243766e-25, ""2,1"": 3.656846215525717e-25}",,,,,True,,True,
sensitivity,noise_floor,"{""sigma_noise"": 0.01}",0.1,500.0,0.25,5.0,1024,42,SECOND,8.836365276699682e-25,0.015203969553112984,0,"[2.9632170071091515e-25, 8.260571461879041e-25, 6.448942084411171e-25]","{""1,0"": 2.3874231922885106e-25, ""2,0"": 5.757938148206409e-26, ""2,1"": 5.87314826959053e-25}",,,,,True,,True,
sensitivity,noise_floor,"{""sigma_noise"": 0.01}",0.1,500.0,0.25,5.0,1024,43,SECOND,9.83783619287844e-25,0.013838989660143852,0,"[7.166355435121825e-25, 4.762573615725929e-25, 7.746743334909123e-25]","{""1,0"": 2.0910928579693163e-25, ""2,0"": 5.075262577152509e-25, ""2,1"": 2.6714807577566134e-25}",,,,,True,,True,
sensitivity,noise_floor,"{""sigma_noise"": 0.01}",0.1,500.0,0.25,5.0,1024,44,SECOND,1.5096875481128392e-23,0.022257478907704353,0,"[3.634330080995081e-24, 1.1978641003282063e-23, 1.458077987797964e-23]","{""1,0"": 5.160956031487523e-25, ""2,0"": 3.118234477846329e-24, ""2,1"": 1.146254540013331e-23}",,,,,True,,True,
sensitivity,noise_floor,"{""sigma_noise"": 0.01}",0.1,500.0,0.5,1.0,1024,42,SECOND,3.7820075741300546e-27,0.0019273030338808894,0,"[2.424660855329019e-27, 2.610942062890714e-27, 2.528412230040376e-27]","{""1,0"": 1.2535953440896784e-27, ""2,0"": 1.1710655112393409e-27, ""2,1"": 1.3573467188010355e-27}",,,,,True,,True,
sensitivity,noise_floor,"{""sigma_noise"": 0.01}",0.1,500.0,0.5,1.0,1024,43,SECOND,4.1347267889756344e-27,0.0021369766909629107,0,"[2.479403359931363e-27, 2.9076260997049117e-27, 2.8824241183149948e-27]","{""1,0"": 1.25230267066064e-27, ""2,0"": 1.227100689270723e-27, ""2,1"": 1.6553234290442717e-27}",,,,,True,,True,
sensitivity,noise_floor,"{""sigma_noise"": 0.01}",0.1,500.0,0.5,1.0,1024,44,SECOND,4.459033169414231e-27,0.0019978967029601336,0,"[2.956398768952406e-27, 2.995304747773849e-27, 2.966362822102207e-27]","{""1,0"": 1.492670347312024e-27, ""2,0"": 1.4637284216403822e-27, ""2,1"": 1.502634400461825e-27}",,,,,True,,True,
sensitivity,noise_floor,"{""sigma_noise"": 0.01}",0.1,500.0,0.5,3.0,1024,42,SECOND,1.8727574261062754e-25,0.010320702567696571,0,"[8.50932663551766e-26, 1.5273186939742985e-25, 1.3672634946864862e-25]","{""1,0"": 5.054939314197892e-26, ""2,0"": 3.4543873213197676e-26, ""2,1"": 1.0218247625545094e-25}",,,,,True,,True,
sensitivity,noise_floor,"{""sigma_noise"": 0.01}",0.1,500.0,0.5,3.0,1024,43,SECOND,3.7137382381854415e-25,0.009715310297906399,0,"[1.817416731518174e-25, 2.714272687601215e-25, 2.895787057251494e-25]","{""1,0"": 8.179511809339476e-26, ""2,0"": 9.994655505842263e-26, ""2,1"": 1.8963215066672675e-25}",,,,,True,,True,
sensitivity,noise_floor,"{""sigma_noise"": 0.01}",0.1,500.0,0.5,3.0,1024,44,SECOND,7.657872108644921e-25,0.01250831875950098,0,"[3.9994418362389466e-25, 5.343575501734894e-25, 5.972726879316002e-25]","{""1,0"": 1.6851452293289192e-25, ""2,0"": 2.3142966069100277e-25, ""2,1"": 3.6584302724059747e-25}",,,,,True,,True,
sensitivity,noise_floor,"{""sigma_noise"": 0.01}",0.1,500.0,0.5,5.0,1024,42,SECOND,8.8410733154738e-25,0.015203969553112984,0,"[2.9641775952379937e-25, 8.265136009900321e-25, 6.452833025809287e-25]","{""1,0"": 2.388240289664514e-25, ""2,0"": 5.759373055734797e-26, ""2,1"": 5.876895720235807e-25}",,,,,True,,True,
sensitivity,noise_floor,"{""sigma_noise"": 0.01}",0.1,500.0,0.5,5.0,1024,43,SECOND,9.842030594047474e-25,0.013838989660143852,0,"[7.169704089507429e-25, 4.764111343104224e-25, 7.750245755483294e-25]","{""1,0"": 2.0917848385641796e-25, ""2,0"": 5.0779192509432495e-25, ""2,1"": 2.6723265045400446e-25}",,,,,True,,True,
sensitivity,noise_floor,"{""sigma_noise"": 0.01}",0.1,500.0,0.5,5.0,1024,44,SECOND,1.511709216136749e-23,0.022257478907704353,0,"[3.637704986890521e-24, 1.1995781881422505e-23, 1.4600697454421955e-23]","{""1,0"": 5.163947069455359e-25, ""2,0"": 3.1213102799449856e-24, ""2,1"": 1.1479387174476969e-23}",,,,,True,,True,
sensitivity,noise_floor,"{""sigma_noise"": 0.01}",0.1,500.0,1.0,1.0,1024,42,SECOND,3.782016388618551e-27,0.0019273030338808894,0,"[2.424666318734209e-27, 2.6109483222496132e-27, 2.52841813625328e-27]","{""1,0"": 1.2535982523652711e-27, ""2,0"": 1.171068066368938e-27, ""2,1"": 1.3573500698843421e-27}",,,,,True,,True,
sensitivity,noise_floor,"{""sigma_noise"": 0.01}",0.1,500.0,1.0,1.0,1024,43,SECOND,4.1347373260429614e-27,0.0021369766909629107,0,"[2.4794090511379536e-27, 2.9076338504493467e-27, 2.8824317504986226e-27]","{""1,0"": 1.2523055755443389e-27, ""2,0"": 1.2271034755936148e-27, ""2,1"": 1.6553282749050078e-27}",,,,,True,,True,
sensitivity,noise_floor,"{""sigma_noise"": 0.01}",0.1,500.0,1.0,1.0,1024,44,SECOND,4.459044975175171e-27,0.0019978967029601336,0,"[2.956406551656469e-27, 2.9953127634996676e-27, 2.9663706351942046e-27]","{""1,0"": 1.4926743399809662e-27, ""2,0"": 1.4637322116755029e-27, ""2,1"": 1.5026384235187015e-27}",,,,,True,,True,
sensitivity,noise_floor,"{""sigma_noise"": 0.01}",0.1,500.0,1.0,3.0,1024,42,SECOND,1.872858788462395e-25,0.010320702567696571,0,"[8.509646146705848e-26, 1.5274070040691298e-25, 1.3673459581850756e-25]","{""1,0"": 5.055128302773195e-26, ""2,0"": 3.454517843932652e-26, ""2,1"": 1.0218941737918103e-25}",,,,,True,,True,
sensitivity,noise_floor,"{""sigma_noise"": 0.01}",0.1,500.0,1.0,3.0,1024,43,SECOND,3.7139576420114797e-25,0.009715310297906399,0,"[1.8175073726864421e-25, 2.7144396942794165e-25, 2.895968217057101e-25]","{""1,0"": 8.179894249543788e-26, ""2,0"": 9.995179477320633e-26, ""2,1"": 1.8964502693250378e-25}",,,,,True,,True,
sensitivity,noise_floor,"{""sigma_noise"": 0.01}",0.1,500.0,1.0,3.0,1024,44,SECOND,7.658587141571151e-25,0.01250831875950098,0,"[3.9997604131860214e-25, 5.344102082601842e-25, 5.973311787354439e-25]","{""1,0"": 1.6852753542167117e-25, ""2,0"": 2.3144850589693097e-25, ""2,1"": 3.65882672838513e-25}",,,,,True,,True,
sensitivity,noise_floor,"{""sigma_noise"": 0.01}",0.1,500.0,1.0,5.0,1024,42,SECOND,8.84225211275988e-25,0.015203969553112984,0,"[2.964417952529515e-25, 8.266278908818318e-25, 6.453807364171926e-25]","{""1,0"": 2.3884447485879537e-25, ""2,0"": 5.759732039415613e-26, ""2,1"": 5.877834160230364e-25}",,,,,True,,True,
sensitivity,noise_floor,"{""sigma_noise"": 0.01}",0.1,500.0,1.0,5.0,1024,43,SECOND,9.843080428380343e-25,0.013838989660143852,0,"[7.170542317925583e-25, 4.764496095372792e-25, 7.751122443462311e-25]","{""1,0"": 2.0919579849180325e-25, ""2,0"": 5.07858433300755e-25, ""2,1"": 2.67253811045476e-25}",,,,,True,,True,
sensitivity,noise_floor,"{""sigma_noise"": 0.01}",0.1,500.0,1.0,5.0,1024,44,SECOND,1.5122163949821536e-23,0.022257478907704353,0,"[3.6385507702507354e-24, 1.2000082775891076e-23, 1.4605694353501257e-23]","{""1,0"": 5.164695963202765e-25, ""2,0"": 3.1220811739304586e-24, ""2,1"": 1.1483613179570799e-23}",,,,,True,,True,
sensitivity,noise_floor,"{""sigma_noise"": 0.01}",0.2,100.0,0.25,1.0,1024,42,SECOND,3.0335433626291297e-14,0.0019273030338808894,0,"[1.9521987653537453e-14, 2.0823355898091214e-14, 2.0325523700953933e-14]","{""1,0"": 1.0009909925337367e-14, ""2,0"": 9.512077728200086e-15, ""2,1"": 1.0813445972753847e-14}",,,,,True,,True,
sensitivity,noise_floor,"{""sigma_noise"": 0.01}",0.2,100.0,0.25,1.0,1024,43,SECOND,3.2721872711202524e-14,0.0021369766909629107,0,"[1.9985708624935036e-14, 2.2813895343846368e-14, 2.264414145362365e-14]","{""1,0"": 1.0077731257578877e-14, ""2,0"": 9.90797736735616e-15, ""2,1"": 1.2736164086267491e-14}",,,,,True,,True,
sensitivity,noise_floor,"{""sigma_noise"": 0.01}",0.2,100.0,0.25,1.0,1024,44,SECOND,3.497750173608412e-14,0.0019978967029601336,0,"[2.314304417675645e-14, 2.3553443927793807e-14, 2.3258515367617975e-14]","{""1,0"": 1.171898636846614e-14, ""2,0"": 1.142405780829031e-14, ""2,1"": 1.1834457559327667e-14}",,,,,True,,True,
sensitivity,noise_floor,"{""sigma_noise"": 0.01}",0.2,100.0,0.25,3.0,1024,42,SECOND,5.742771978468257e-13,0.010320702567696571,0,"[3.058153396953485e-13, 4.3108811174579036e-13, 4.1165094425251253e-13]","{""1,0"": 1.6262625359431319e-13, ""2,0"": 1.431890861010353e-13, ""2,1"": 2.684618581514772e-13}",,,,,True,,True,
sensitivity,noise_floor,"{""sigma_noise"": 0.01}",0.2,100.0,0.25,3.0,1024,43,SECOND,8.671470558214441e-13,0.009715310297906399,0,"[4.940157720579659e-13, 6.096758289024709e-13, 6.306025106824514e-13]","{""1,0"": 2.365445451389927e-13, ""2,0"": 2.574712269189732e-13, ""2,1"": 3.7313128376347824e-13}",,,,,True,,True,
sensitivity,noise_floor,"{""sigma_noise"": 0.01}",0.2,100.0,0.25,3.0,1024,44,SECOND,1.3378408290360969e-12,0.01250831875950098,0,"[7.846387972642772e-13, 9.024884888073599e-13, 9.885543720005566e-13]","{""1,0"": 3.4928645703554026e-13, ""2,0"": 4.3535234022873696e-13, ""2,1"": 5.532020317718197e-13}",,,,,True,,True,
sensitivity,noise_floor,"{""sigma_noise"": 0.01}",0.2,100.0,0.25,5.0,1024,42,SECOND,1.2454637192411491e-12,0.015203969553112984,0,"[5.92364075689857e-13, 1.0351981579349522e-12, 8.63365204857489e-13]","{""1,0"": 3.8209851438366e-13, ""2,0"": 2.1026556130619699e-13, ""2,1"": 6.530996435512921e-13}",,,,,True,,True,
sensitivity,noise_floor,"{""sigma_noise"": 0.01}",0.2,100.0,0.25,5.0,1024,43,SECOND,1.479368178572844e-12,0.013838989660143852,0,"[1.0193341442108806e-12, 8.857301733604515e-13, 1.053672039574356e-12]","{""1,0"": 4.2569613899848805e-13, ""2,0"": 5.936380052123926e-13, ""2,1"": 4.600340343619634e-13}",,,,,True,,True,
sensitivity,noise_floor,"{""sigma_noise"": 0.01}",0.2,100.0,0.25,5.0,1024,44,SECOND,4.169461923471342e-12,0.022257478907704353,0,"[2.06023279388705e-12, 2.679205453484963e-12, 3.5994855995706694e-12]","{""1,0"": 5.699763239006718e-13, ""2,0"": 1.4902564699863783e-12, ""2,1"": 2.1092291295842913e-12}",,,,,True,,True,
sensitivity,noise_floor,"{""sigma_noise"": 0.01}",0.2,100.0,0.5,1.0,1024,42,SECOND,3.033571550010434e-14,0.0019273030338808894,0,"[1.9522162950115905e-14, 2.0823554901634375e-14, 2.03257131484584e-14]","{""1,0"": 1.001000235164594e-14, ""2,0"": 9.512160598469963e-15, ""2,1"": 1.0813552549988436e-14}",,,,,True,,True,
sensitivity,noise_floor,"{""sigma_noise"": 0.01}",0.2,100.0,0.5,1.0,1024,43,SECOND,3.2722204070645705e-14,0.0021369766909629107,0,"[1.9985891729449288e-14, 2.281413686603143e-14, 2.2644379545810692e-14]","{""1,0"": 1.0077824524835014e-14, ""2,0"": 9.908067204614274e-15, ""2,1"": 1.2736312341196417e-14}",,,,,True,,True,
sensitivity,noise_floor,"{""sigma_noise"": 0.01}",0.2,100.0,0.5,1.0,1024,44,SECOND,3.497787151624479e-14,0.0019978967029601336,0,"[2.314328733998048e-14, 2.3553695647623014e-14, 2.3258760044886087e-14]","{""1,0"": 1.1719111471358704e-14, ""2,0"": 1.1424175868621777e-14, ""2,1"": 1.183458417626431e-14}",,,,,True,,True,
sensitivity,noise_floor,"{""sigma_noise"": 0.01}",0.2,100.0,0.5,3.0,1024,42,SECOND,5.743849902405629e-13,0.010320702567696571,0,"[3.0585796387220096e-13, 4.311755260545704e-13, 4.1173649055435463e-13]","{""1,0"": 1.6264849968620836e-13, ""2,0"": 1.4320946418599257e-13, ""2,1"": 2.6852702636836203e-13}",,,,,True,,True,
sensitivity,noise_floor,"{""sigma_noise"": 0.01}",0.2,100.0,0.5,3.0,1024,43,SECOND,8.673362977483502e-13,0.009715310297906399,0,"[4.941084724035377e-13, 6.098148305529022e-13, 6.307492925402604e-13]","{""1,0"": 2.3658700520808983e-13, ""2,0"": 2.5752146719544797e-13, ""2,1"": 3.732278253448124e-13}",,,,,True,,True,
sensitivity,noise_floor,"{""sigma_noise"": 0.01}",0.2,100.0,0.5,3.0,1024,44,SECOND,1.3382871057654045e-12,0.01250831875950098,0,"[7.848707318875762e-13, 9.028003663955387e-13, 9.889031132476943e-13]","{""1,0"": 3.4938399251771036e-13, ""2,0"": 4.354867393698659e-13, ""2,1"": 5.534163738778283e-13}",,,,,True,,True,
sensitivity,noise_floor,"{""sigma_noise"": 0.01}",0.2,100.0,0.5,5.0,1024,42,SECOND,1.2459814736409254e-12,0.015203969553112984,0,"[5.925261281505541e-13, 1.0356671413939593e-12, 8.637696777373373e-13]","{""1,0"": 3.822117959035881e-13, ""2,0"": 2.10314332246966e-13, ""2,1"": 6.534553454903713e-13}",,,,,True,,True,
sensitivity,noise_floor,"{""sigma_noise"": 0.01}",0.2,100.0,0.5,5.0,1024,43,SECOND,1.479907675705105e-12,0.013838989660143852,0,"[1.019734059033026e-12, 8.860004901124897e-13, 1.054080802264694e-12]","{""1,0"": 4.2582687344041076e-13, ""2,0"": 5.939071855926152e-13, ""2,1"": 4.601736166720789e-13}",,,,,True,,True,
sensitivity,noise_floor,"{""sigma_noise"": 0.01}",0.2,100.0,0.5,5.0,1024,44,SECOND,4.173680120986573e-12,0.022257478907704353,0,"[2.061799483883316e-12, 2.6821398809390058e-12, 3.6034208771508244e-12]","{""1,0"": 5.702592438357489e-13, ""2,0"": 1.4915402400475671e-12, ""2,1"": 2.111880637103257e-12}",,,,,True,,True,
sensitivity,noise_floor,"{""sigma_noise"": 0.01}",0.2,100.0,1.0,1.0,1024,42,SECOND,3.033578597040582e-14,0.0019273030338808894,0,"[1.952220677531735e-14, 2.082360465370917e-14, 2.0325760511785124e-14]","{""1,0"": 1.0010025458620697e-14, ""2,0"": 9.512181316696652e-15, ""2,1"": 1.0813579195088473e-14}",,,,,True,,True,
sensitivity,noise_floor,"{""sigma_noise"": 0.01}",0.2,100.0,1.0,1.0,1024,43,SECOND,3.2722286912742325e-14,0.0021369766909629107,0,"[1.9985937506389528e-14, 2.2814197248477406e-14, 2.2644439070617712e-14]","{""1,0"": 1.0077847842124613e-14, ""2,0"": 9.908089664264917e-15, ""2,1"": 1.2736349406352794e-14}",,,,,True,,True,
sensitivity,noise_floor,"{""sigma_noise"": 0.01}",0.2,100.0,1.0,1.0,1024,44,SECOND,3.497796396370743e-14,0.0019978967029601336,0,"[2.314334813243669e-14, 2.355375857946699e-14, 2.325882121551119e-14]","{""1,0"": 1.1719142748196245e-14, ""2,0"": 1.1424205384240446e-14, ""2,1"": 1.1834615831270743e-14}",,,,,True,,True,
sensitivity,noise_floor,"{""sigma_noise"": 0.01}",0.2,100.0,1.0,3.0,1024,42,SECOND,5.744119540058938e-13,0.010320702567696571,0,"[3.0586862413299643e-13, 4.311973931690942e-13, 4.117578907096969e-13]","{""1,0"": 1.6265406329619687e-13, ""2,0"": 1.4321456083679956e-13, ""2,1"": 2.6854332987289735e-13}",,,,,True,,True,
sensitivity,noise_floor,"{""sigma_noise"": 0.01}",0.2,100.0,1.0,3.0,1024,43,SECOND,8.673836357409449e-13,0.009715310297906399,0,"[4.941316589507849e-13, 6.098496019443485e-13, 6.307860105867564e-13]","{""1,0"": 2.3659762515418847e-13, ""2,0"": 2.575340337965964e-13, ""2,1"": 3.7325197679015994e-13}",,,,,True,,True,
sensitivity,noise_floor,"{""sigma_noise"": 0.01}",0.2,100.0,1.0,3.0,1024,44,SECOND,1.3383987759572981e-12,0.01250831875950098,0,"[7.849287616916182e-13, 9.028784096363315e-13, 9.889903805866466e-13]","{""1,0"": 3.494083953706515e-13, ""2,0"": 4.3552036632096667e-13, ""2,1"": 5.5347001426568e-13}",,,,,True,,True,
sensitivity,noise_floor,"{""sigma_noise"": 0.01}",0.2,100.0,1.0,5.0,1024,42,SECOND,1.2461110847418927e-12,0.015203969553112984,0,"[5.925666732624502e-13, 1.0357845512596447e-12, 8.638709449616902e-13]","{""1,0"": 3.822401397802024e-13, ""2,0"": 2.1032653348224787e-13, ""2,1"": 6.535444114794424e-13}",,,,,True,,True,
sensitivity,noise_floor,"{""sigma_noise"": 0.01}",0.2,100.0,1.0,5.0,1024,43,SECOND,1.4800426898427322e-12,0.013838989660143852,0,"[1.0198341505179848e-12, 8.860681233477673e-13, 1.0541831058197122e-12]","{""1,0"": 4.2585958402301993e-13, ""2,0"": 5.939745664949648e-13, ""2,1"": 4.602085393247474e-13}",,,,,True,,True,
sensitivity,noise_floor,"{""sigma_noise"": 0.01}",0.2,100.0,1.0,5.0,1024,44,SECOND,4.174737782519229e-12,0.022257478907704353,0,"[2.062192001889762e-12, 2.682875855498464e-12, 3.6044077076502335e-12]","{""1,0"": 5.703300748689963e-13, ""2,0"": 1.4918619270207659e-12, ""2,1"": 2.1125457806294676e-12}",,,,,True,,True,
sensitivity,noise_floor,"{""sigma_noise"": 0.01}",0.2,200.0,0.25,1.0,1024,42,SECOND,6.717069247114582e-23,0.0019273030338808894,0,"[4.3185235051434196e-23, 4.6173770644478564e-23, 4.498237924637889e-23]","{""1,0"": 2.218831322476694e-23, ""2,0"": 2.099692182666726e-23, ""2,1"": 2.3985457419711628e-23}",,,,,True,,True,
sensitivity,noise_floor,"{""sigma_noise"": 0.01}",0.2,200.0,0.25,1.0,1024,43,SECOND,7.269371354128862e-23,0.0021369766909629107,0,"[4.420064461814516e-23, 5.0790210763902033e-23, 5.0396571700530044e-23]","{""1,0"": 2.2297141840758573e-23, ""2,0"": 2.1903502777386586e-23, ""2,1"": 2.849306892314346e-23}",,,,,True,,True,
sensitivity,noise_floor,"{""sigma_noise"": 0.01}",0.2,200.0,0.25,1.0,1024,44,SECOND,7.788447305493102e-23,0.0019978967029601336,0,"[5.155853594411088e-23, 5.241495473378378e-23, 5.1795455431967394e-23]","{""1,0"": 2.608901762296363e-23, ""2,0"": 2.5469518321147247e-23, ""2,1"": 2.6325937110820147e-23}",,,,,True,,True,
sensitivity,noise_floor,"{""sigma_noise"": 0.01}",0.2,200.0,0.25,3.0,1024,42,SECOND,1.598795601445656e-21,0.010320702567696571,0,"[8.210836292102038e-22, 1.2257157862965636e-21, 1.1507917873845446e-21]","{""1,0"": 4.480038140611114e-22, ""2,0"": 3.730798151490924e-22, ""2,1"": 7.777119722354522e-22}",,,,,True,,True,
sensitivity,noise_floor,"{""sigma_noise"": 0.01}",0.2,200.0,0.25,3.0,1024,43,SECOND,2.5814006082867813e-21,0.009715310297906399,0,"[1.4218158946288572e-21, 1.8313056292290655e-21, 1.9096796927156403e-21]","{""1,0"": 6.717209155711412e-22, ""2,0"": 7.500949790577161e-22, ""2,1"": 1.1595847136579243e-21}",,,,,True,,True,
sensitivity,noise_floor,"{""sigma_noise"": 0.01}",0.2,200.0,0.25,3.0,1024,44,SECOND,4.243339634581086e-21,0.01250831875950098,0,"[2.447457043851504e-21, 2.8692701134026193e-21, 3.1699521119080495e-21]","{""1,0"": 1.0733875226730369e-21, ""2,0"": 1.374069521178467e-21, ""2,1"": 1.7958825907295823e-21}",,,,,True,,True,
sensitivity,noise_floor,"{""sigma_noise"": 0.01}",0.2,200.0,0.25,5.0,1024,42,SECOND,4.104899992599081e-21,0.015203969553112984,0,"[1.798837989317307e-21, 3.539672642635489e-21, 2.871289353245365e-21]","{""1,0"": 1.2336106393537154e-21, ""2,0"": 5.652273499635916e-22, ""2,1"": 2.3060620032817736e-21}",,,,,True,,True,
sensitivity,noise_floor,"{""sigma_noise"": 0.01}",0.2,200.0,0.25,5.0,1024,43,SECOND,4.8709548022987676e-21,0.013838989660143852,0,"[3.392035701992106e-21, 2.7956154190207513e-21, 3.554258483584677e-21]","{""1,0"": 1.3166963187140897e-21, ""2,0"": 2.075339383278016e-21, ""2,1"": 1.4789191003066616e-21}",,,,,True,,True,
sensitivity,noise_floor,"{""sigma_noise"": 0.01}",0.2,200.0,0.25,5.0,1024,44,SECOND,1.9413342867033545e-20,0.022257478907704353,0,"[8.434157055144869e-21, 1.299537684558894e-20, 1.739715183333328e-20]","{""1,0"": 2.016191033700264e-21, ""2,0"": 6.417966021444605e-21, ""2,1"": 1.0979185811888675e-20}",,,,,True,,True,
sensitivity,noise_floor,"{""sigma_noise"": 0.01}",0.2,200.0,0.5,1.0,1024,42,SECOND,6.717131712529686e-23,0.0019273030338808894,0,"[4.318562319010212e-23, 4.6174212291427866e-23, 4.498279876906373e-23]","{""1,0"": 2.218851835623313e-23, ""2,0"": 2.099710483386899e-23, ""2,1"": 2.398569393519474e-23}",,,,,True,,True,
sensitivity,noise_floor,"{""sigma_noise"": 0.01}",0.2,200.0,0.5,1.0,1024,43,SECOND,7.269445087851737e-23,0.0021369766909629107,0,"[4.4201049791854507e-23, 5.0790749414100886e-23, 5.039710255107934e-23]","{""1,0"": 2.2297348327438026e-23, ""2,0"": 2.190370146441648e-23, ""2,1"": 2.849340108666286e-23}",,,,,True,,True,
sensitivity,noise_floor,"{""sigma_noise"": 0.01}",0.2,200.0,0.5,1.0,1024,44,SECOND,7.788529680191268e-23,0.0019978967029601336,0,"[5.155907796236297e-23, 5.2415515124388356e-23, 5.1796000517074026e-23]","{""1,0"": 2.608929628483865e-23, ""2,0"": 2.546978167752432e-23, ""2,1"": 2.6326218839549706e-23}",,,,,True,,True,
sensitivity,noise_floor,"{""sigma_noise"": 0.01}",0.2,200.0,0.5,3.0,1024,42,SECOND,1.5991074119936561e-21,0.010320702567696571,0,"[8.212004065075382e-22, 1.2259736493347124e-21, 1.1510407681450616e-21]","{""1,0"": 4.480666438485945e-22, ""2,0"": 3.731337626589437e-22, ""2,1"": 7.779070054861179e-22}",,,,,True,,True,
sensitivity,noise_floor,"{""sigma_noise"": 0.01}",0.2,200.0,0.5,3.0,1024,43,SECOND,2.5819768219484024e-21,0.009715310297906399,0,"[1.4220872624492905e-21, 1.831732551754529e-21, 1.910133829692985e-21]","{""1,0"": 6.718429922554173e-22, ""2,0"": 7.502442701938731e-22, ""2,1"": 1.159889559499112e-21}",,,,,True,,True,
sensitivity,noise_floor,"{""sigma_noise"": 0.01}",0.2,200.0,0.5,3.0,1024,44,SECOND,4.244798163057437e-21,0.01250831875950098,0,"[2.4481965339979788e-21, 2.870297455918329e-21, 3.1711023361985657e-21]","{""1,0"": 1.0736958268588709e-21, ""2,0"": 1.3745007071391077e-21, ""2,1"": 1.7966016290594582e-21}",,,,,True,,True,
sensitivity,noise_floor,"{""sigma_noise"": 0.01}",0.2,200.0,0.5,5.0,1024,42,SECOND,4.106743335435518e-21,0.015203969553112984,0,"[1.7993543001516247e-21, 3.54138229162824e-21, 2.8727500790911715e-21]","{""1,0"": 1.2339932563443464e-21, ""2,0"": 5.653610438072783e-22, ""2,1"": 2.3073890352838933e-21}",,,,,True,,True,
sensitivity,noise_floor,"{""sigma_noise"": 0.01}",0.2,200.0,0.5,5.0,1024,43,SECOND,4.872807551122828e-21,0.013838989660143852,0,"[3.393433522551527e-21, 2.7964830472643808e-21, 3.555698532429749e-21]","{""1,0"": 1.3171090186930792e-21, ""2,0"": 2.0763245038584475e-21, ""2,1"": 1.4793740285713015e-21}",,,,,True,,True,
sensitivity,noise_floor,"{""sigma_noise"": 0.01}",0.2,200.0,0.5,5.0,1024,44,SECOND,1.9435153001249472e-20,0.022257478907704353,0,"[8.441007969612585e-21, 1.3011392292997116e-20, 1.7417905739889242e-20]","{""1,0"": 2.0172472613602297e-21, ""2,0"": 6.423760708252355e-21, ""2,1"": 1.0994145031636887e-20}",,,,,True,,True,
sensitivity,noise_floor,"{""sigma_noise"": 0.01}",0.2,200.0,1.0,1.0,1024,42,SECOND,6.717147329293718e-23,0.0019273030338808894,0,"[4.318572022711902e-23, 4.617432270581125e-23, 4.4982903652944096e-23]","{""1,0"": 2.218856963999309e-23, ""2,0"": 2.0997150587125932e-23, ""2,1"": 2.3985753065818164e-23}",,,,,True,,True,
sensitivity,noise_floor,"{""sigma_noise"": 0.01}",0.2,200.0,1.0,1.0,1024,43,SECOND,7.269463521781076e-23,0.0021369766909629107,0,"[4.420115108707333e-23, 5.079088408089676e-23, 5.039723526765144e-23]","{""1,0"": 2.2297399950159327e-23, ""2,0"": 2.1903751136914004e-23, ""2,1"": 2.849348413073744e-23}",,,,,True,,True,
sensitivity,noise_floor,"{""sigma_noise"": 0.01}",0.2,200.0,1.0,1.0,1024,44,SECOND,7.788550274406223e-23,0.0019978967029601336,0,"[5.1559213470611096e-23, 5.241565522624437e-23, 5.179613679126899e-23]","{""1,0"": 2.6089365952793238e-23, ""2,0"": 2.5469847517817858e-23, ""2,1"": 2.632628927345113e-23}",,,,,True,,True,
sensitivity,noise_floor,"{""sigma_noise"": 0.01}",0.2,200.0,1.0,3.0,1024,42,SECOND,1.599185411195174e-21,0.010320702567696571,0,"[8.212296125210719e-22, 1.226038155972045e-21, 1.1511030538972311e-21]","{""1,0"": 4.480823572979429e-22, ""2,0"": 3.73147255223129e-22, ""2,1"": 7.779557986741021e-22}",,,,,True,,True,
sensitivity,noise_floor,"{""sigma_noise"": 0.01}",0.2,200.0,1.0,3.0,1024,43,SECOND,2.5821209606114298e-21,0.009715310297906399,0,"[1.4221551384163428e-21, 1.831839347905619e-21, 1.910247434900898e-21]","{""1,0"": 6.71873525710532e-22, ""2,0"": 7.502816127058107e-22, ""2,1"": 1.159965822195087e-21}",,,,,True,,True,
sensitivity,noise_floor,"{""sigma_noise"": 0.01}",0.2,200.0,1.0,3.0,1024,44,SECOND,4.245163133404067e-21,0.01250831875950098,0,"[2.4483815556343804e-21, 2.8705545417852245e-21, 3.1713901693885284e-21]","{""1,0"": 1.0737729640155382e-21, ""2,0"": 1.3746085916188422e-21, ""2,1"": 1.7967815777696862e-21}",,,,,True,,True,
sensitivity,noise_floor,"{""sigma_noise"": 0.01}",0.2,200.0,1.0,5.0,1024,42,SECOND,4.1072048129859654e-21,0.015203969553112984,0,"[1.7994834830268872e-21, 3.5418103222421695e-21, 2.873115820702875e-21]","{""1,0"": 1.234088992283091e-21, ""2,0"": 5.653944907437965e-22, ""2,1"": 2.307721329959078e-21}",,,,,True,,True,
sensitivity,noise_floor,"{""sigma_noise"": 0.01}",0.2,200.0,1.0,5.0,1024,43,SECOND,4.873271236242966e-21,0.013838989660143852,0,"[3.393783386452637e-21, 2.796700130024492e-21, 3.556058956008803e-21]","{""1,0"": 1.3172122802341629e-21, ""2,0"": 2.076571106218474e-21, ""2,1"": 1.4794878497903292e-21}",,,,,True,,True,
sensitivity,noise_floor,"{""sigma_noise"": 0.01}",0.2,200.0,1.0,5.0,1024,44,SECOND,1.944062272773603e-20,0.022257478907704353,0,"[8.442724549134952e-21, 1.3015409882640847e-20, 1.742311102369626e-20]","{""1,0"": 2.01751170403977e-21, ""2,0"": 6.425212845095182e-21, ""2,1"": 1.0997898178601077e-20}",,,,,True,,True,
sensitivity,noise_floor,"{""sigma_noise"": 0.01}",0.2,500.0,0.25,1.0,1024,42,SECOND,2.6425143133025787e-27,0.0019273030338808894,0,"[1.7022142245701146e-27, 1.811362664590129e-27, 1.771451737444914e-27]","{""1,0"": 8.710625758576647e-28, ""2,0"": 8.311516487124498e-28, ""2,1"": 9.40300088732464e-28}",,,,,True,,True,
sensitivity,noise_floor,"{""sigma_noise"": 0.01}",0.2,500.0,0.25,1.0,1024,43,SECOND,2.84115941131139e-27,0.0021369766909629107,0,"[1.7429974134448644e-27, 1.97670749949002e-27, 1.9626139096878963e-27]","{""1,0"": 8.78545501623494e-28, ""2,0"": 8.644519118213706e-28, ""2,1"": 1.0981619978665257e-27}",,,,,True,,True,
sensitivity,noise_floor,"{""sigma_noise"": 0.01}",0.2,500.0,0.25,1.0,1024,44,SECOND,3.029807791765262e-27,0.0019978967029601336,0,"[2.0036962926410312e-27, 2.041449639932573e-27, 2.0144696509569203e-27]","{""1,0"": 1.0153381408083422e-27, ""2,0"": 9.88358151832689e-28, ""2,1"": 1.026111499124231e-27}",,,,,True,,True,
sensitivity,noise_floor,"{""sigma_noise"": 0.01}",0.2,500.0,0.25,3.0,1024,42,SECOND,4.0102841584550496e-26,0.010320702567696571,0,"[2.2088418018340363e-26, 2.9485497801500125e-26, 2.8631767349260514e-26]","{""1,0"": 1.1471074235289989e-26, ""2,0"": 1.0617343783050374e-26, ""2,1"": 1.8014423566210136e-26}",,,,,True,,True,
sensitivity,noise_floor,"{""sigma_noise"": 0.01}",0.2,500.0,0.25,3.0,1024,43,SECOND,5.67299238525086e-26,0.009715310297906399,0,"[3.331580276942286e-26, 3.956222257657477e-26, 4.0581822359019565e-26]","{""1,0"": 1.6148101493489032e-26, ""2,0"": 1.7167701275933824e-26, ""2,1"": 2.341412108308574e-26}",,,,,True,,True,
sensitivity,noise_floor,"{""sigma_noise"": 0.01}",0.2,500.0,0.25,3.0,1024,44,SECOND,8.259607464175414e-26,0.01250831875950098,0,"[4.886737744206128e-26, 5.581654418922657e-26, 6.050822765222042e-26]","{""1,0"": 2.2087846989533715e-26, ""2,0"": 2.6779530452527564e-26, ""2,1"": 3.3728697199692854e-26}",,,,,True,,True,
sensitivity,noise_floor,"{""sigma_noise"": 0.01}",0.2,500.0,0.25,5.0,1024,42,SECOND,7.503330474118208e-26,0.015203969553112984,0,"[3.843587707502629e-26, 5.991608988180603e-26, 5.171464252553183e-26]","{""1,0"": 2.3318662215650241e-26, ""2,0"": 1.5117214859376047e-26, ""2,1"": 3.6597427666155787e-26}",,,,,True,,True,
sensitivity,noise_floor,"{""sigma_noise"": 0.01}",0.2,500.0,0.25,5.0,1024,43,SECOND,8.800251759480403e-26,0.013838989660143852,0,"[6.011570440755049e-26, 5.459836994196309e-26, 6.12909608400945e-26]","{""1,0"": 2.671155675470955e-26, ""2,0"": 3.3404147652840947e-26, ""2,1"": 2.7886813187253544e-26}",,,,,True,,True,
sensitivity,noise_floor,"{""sigma_noise"": 0.01}",0.2,500.0,0.25,5.0,1024,44,SECOND,1.897599941939134e-25,0.022257478907704353,0,"[1.009827855904206e-25, 1.206183069697792e-25, 1.57918895827627e-25]","{""1,0"": 3.184109836628641e-26, ""2,0"": 6.914168722413419e-26, ""2,1"": 8.87772086034928e-26}",,,,,True,,True,
sensitivity,noise_floor,"{""sigma_noise"": 0.01}",0.2,500.0,0.5,1.0,1024,42,SECOND,2.6425388472208122e-27,0.0019273030338808894,0,"[1.7022294954018703e-27, 1.8113799605725018e-27, 1.7714682384672524e-27]","{""1,0"": 8.7107060875356e-28, ""2,0"": 8.311588866483105e-28, ""2,1"": 9.40309351818942e-28}",,,,,True,,True,
sensitivity,noise_floor,"{""sigma_noise"": 0.01}",0.2,500.0,0.5,1.0,1024,43,SECOND,2.8411881359199527e-27,0.0021369766909629107,0,"[1.7430133738290686e-27, 1.9767283893009616e-27, 1.9626345087098748e-27]","{""1,0"": 8.785536272100777e-28, ""2,0"": 8.644597466189907e-28, ""2,1"": 1.098174762090884e-27}",,,,,True,,True,
sensitivity,noise_floor,"{""sigma_noise"": 0.01}",0.2,500.0,0.5,1.0,1024,44,SECOND,3.029839808837874e-27,0.0019978967029601336,0,"[2.0037173339733713e-27, 2.041471448596276e-27, 2.014490835106101e-27]","{""1,0"": 1.0153489737317732e-27, ""2,0"": 9.883683602415981e-28, ""2,1"": 1.026122474864503e-27}",,,,,True,,True,
sensitivity,noise_floor,"{""sigma_noise"": 0.01}",0.2,500.0,0.5,3.0,1024,42,SECOND,4.011007605458926e-26,0.010320702567696571,0,"[2.2091432256372688e-26, 2.9491246060114837e-26, 2.8637473792690995e-26]","{""1,0"": 1.1472602261898266e-26, ""2,0"": 1.0618829994474421e-26, ""2,1"": 1.8018643798216572e-26}",,,,,True,,True,
sensitivity,noise_floor,"{""sigma_noise"": 0.01}",0.2,500.0,0.5,3.0,1024,43,SECOND,5.674200614496164e-26,0.009715310297906399,0,"[3.3321941667959093e-26, 3.9571024195402804e-26, 4.059104642656137e-26]","{""1,0"": 1.615095971840026e-26, ""2,0"": 1.7170981949558832e-26, ""2,1"": 2.342006447700254e-26}",,,,,True,,True,
sensitivity,noise_floor,"{""sigma_noise"": 0.01}",0.2,500.0,0.5,3.0,1024,44,SECOND,8.262280474751954e-26,0.01250831875950098,0,"[4.8881476696504043e-26, 5.58351607845817e-26, 6.052897201395334e-26]","{""1,0"": 2.2093832733566207e-26, ""2,0"": 2.6787643962937837e-26, ""2,1"": 3.37413280510155e-26}",,,,,True,,True,
sensitivity,noise_floor,"{""sigma_noise"": 0.01}",0.2,500.0,0.5,5.0,1024,42,SECOND,7.506193576794414e-26,0.015203969553112984,0,"[3.844588192331774e-26, 5.994128619359162e-26, 5.173670341897892e-26]","{""1,0"": 2.3325232348965215e-26, ""2,0"": 1.5120649574352525e-26, ""2,1"": 3.66160538446264e-26}",,,,,True,,True,
sensitivity,noise_floor,"{""sigma_noise"": 0.01}",0.2,500.0,0.5,5.0,1024,43,SECOND,8.803325114811067e-26,0.013838989660143852,0,"[6.01381118178521e-26, 5.461472590529859e-26, 6.131366457307064e-26]","{""1,0"": 2.671958657504002e-26, ""2,0"": 3.3418525242812075e-26, ""2,1"": 2.789513933025857e-26}",,,,,True,,True,
sensitivity,noise_floor,"{""sigma_noise"": 0.01}",0.2,500.0,0.5,5.0,1024,44,SECOND,1.8992954614966042e-25,0.022257478907704353,0,"[1.0105386757050212e-25, 1.2073157772449348e-25, 1.5807364700432528e-25]","{""1,0"": 3.1855899145335156e-26, ""2,0"": 6.919796842516697e-26, ""2,1"": 8.887567857915831e-26}",,,,,True,,True,
sensitivity,noise_floor,"{""sigma_noise"": 0.01}",0.2,500.0,1.0,1.0,1024,42,SECOND,2.6425449808609717e-27,0.0019273030338808894,0,"[1.7022333132014856e-27, 1.8113842846711475e-27, 1.77147236384931e-27]","{""1,0"": 8.710726170116614e-28, ""2,0"": 8.311606961898242e-28, ""2,1"": 9.40311667659486e-28}",,,,,True,,True,
sensitivity,noise_floor,"{""sigma_noise"": 0.01}",0.2,500.0,1.0,1.0,1024,43,SECOND,2.841195317265483e-27,0.0021369766909629107,0,"[1.7430173639960515e-27, 1.976733611917644e-27, 1.9626396586172707e-27]","{""1,0"": 8.785556586482122e-28, ""2,0"": 8.644617053478392e-28, ""2,1"": 1.0981779532694316e-27}",,,,,True,,True,
sensitivity,noise_floor,"{""sigma_noise"": 0.01}",0.2,500.0,1.0,1.0,1024,44,SECOND,3.0298478133154777e-27,0.0019978967029601336,0,"[2.0037225944489898e-27, 2.041476900925479e-27, 2.0144961312564858e-27]","{""1,0"": 1.0153516820589914e-27, ""2,0"": 9.883709123899982e-28, ""2,1"": 1.0261252188664878e-27}",,,,,True,,True,
sensitivity,noise_floor,"{""sigma_noise"": 0.01}",0.2,500.0,1.0,3.0,1024,42,SECOND,4.011188569322357e-26,0.010320702567696571,0,"[2.209218611026451e-26, 2.9492683992005553e-26, 2.8638901284177074e-26]","{""1,0"": 1.1472984409046496e-26, ""2,0"": 1.0619201701218014e-26, ""2,1"": 1.8019699582959057e-26}",,,,,True,,True,
sensitivity,noise_floor,"{""sigma_noise"": 0.01}",0.2,500.0,1.0,3.0,1024,43,SECOND,5.674502844079099e-26,0.009715310297906399,0,"[3.3323477140400825e-26, 3.9573225903759823e-26, 4.059335383742134e-26]","{""1,0"": 1.6151674603369653e-26, ""2,0"": 1.7171802537031172e-26, ""2,1"": 2.342155130039017e-26}",,,,,True,,True,
sensitivity,noise_floor,"{""sigma_noise"": 0.01}",0.2,500.0,1.0,3.0,1024,44,SECOND,8.262949317354563e-26,0.01250831875950098,0,"[4.8885004273529995e-26, 5.583981921115572e-26, 6.053416286240552e-26]","{""1,0"": 2.2095330311140094e-26, ""2,0"": 2.67896739623899e-26, ""2,1"": 3.3744488900015626e-26}",,,,,True,,True,
sensitivity,noise_floor,"{""sigma_noise"": 0.01}",0.2,500.0,1.0,5.0,1024,42,SECOND,7.506910256316992e-26,0.015203969553112984,0,"[3.8448385044663135e-26, 5.994759371627898e-26, 5.174222636539771e-26]","{""1,0"": 2.3326876197772204e-26, ""2,0"": 1.5121508846890931e-26, ""2,1"": 3.662071751850678e-26}",,,,,True,,True,
sensitivity,noise_floor,"{""sigma_noise"": 0.01}",0.2,500.0,1.0,5.0,1024,43,SECOND,8.804094220104638e-26,0.013838989660143852,0,"[6.014371973980931e-26, 5.461881811900957e-26, 6.13193465432739e-26]","{""1,0"": 2.6721595657772494e-26, ""2,0"": 3.3422124082036815e-26, ""2,1"": 2.7897222461237076e-26}",,,,,True,,True,
sensitivity,noise_floor,"{""sigma_noise"": 0.01}",0.2,500.0,1.0,5.0,1024,44,SECOND,1.8997204855137625e-25,0.022257478907704353,0,"[1.0107167459042897e-25, 1.2075997843321902e-25, 1.5811244407910453e-25]","{""1,0"": 3.1859604472271736e-26, ""2,0"": 6.921207011815723e-26, ""2,1"": 8.89003739609473e-26}",,,,,True,,True,
sensitivity,outlier,"{""accel_mag"": 0.3}",0.05,100.0,0.25,1.0,1024,42,SECOND,0.21076555992711235,0.30000007152557373,6,"[0.21076555992711235, 0.10538277996355618, 0.10538277996355618]","{""1,0"": 0.10538277996355618, ""2,0"": 0.10538277996355618, ""2,1"": 0.0}",0,1,2.0,1,True,True,True,
sensitivity,outlier,"{""accel_mag"": 0.3}",0.05,100.0,0.25,1.0,1024,43,SECOND,0.21076555992711235,0.30000007152557373,6,"[0.21076555992711235, 0.10538277996355618, 0.10538277996355618]","{""1,0"": 0.10538277996355618, ""2,0"": 0.10538277996355618, ""2,1"": 0.0}",0,1,2.0,1,True,True,True,
sensitivity,outlier,"{""accel_mag"": 0.3}",0.05,100.0,0.25,1.0,1024,44,SECOND,0.21076554847972234,0.30000004172325134,6,"[0.21076554847972234, 0.10538277423986117, 0.10538277423986117]","{""1,0"": 0.10538277423986117, ""2,0"": 0.10538277423986117, ""2,1"": 0.0}",0,1,2.0,1,True,True,True,
sensitivity,outlier,"{""accel_mag"": 0.3}",0.05,100.0,0.25,3.0,1024,42,SECOND,0.21076554847972234,0.30000004172325134,6,"[0.21076554847972234, 0.10538277423986117, 0.10538277423986117]","{""1,0"": 0.10538277423986117, ""2,0"": 0.10538277423986117, ""2,1"": 0.0}",0,1,2.0,1,True,True,True,
sensitivity,outlier,"{""accel_mag"": 0.3}",0.05,100.0,0.25,3.0,1024,43,SECOND,0.21076555992711235,0.30000007152557373,6,"[0.21076555992711235, 0.10538277996355618, 0.10538277996355618]","{""1,0"": 0.10538277996355618, ""2,0"": 0.10538277996355618, ""2,1"": 0.0}",0,1,2.0,1,True,True,True,
sensitivity,outlier,"{""accel_mag"": 0.3}",0.05,100.0,0.25,3.0,1024,44,SECOND,0.21076554847972234,0.30000004172325134,6,"[0.21076554847972234, 0.10538277423986117, 0.10538277423986117]","{""1,0"": 0.10538277423986117, ""2,0"": 0.10538277423986117, ""2,1"": 0.0}",0,1,2.0,1,True,True,True,
sensitivity,outlier,"{""accel_mag"": 0.3}",0.05,100.0,0.25,5.0,1024,42,SECOND,0.21076555992711235,0.30000007152557373,6,"[0.21076555992711235, 0.10538277996355618, 0.10538277996355618]","{""1,0"": 0.10538277996355618, ""2,0"": 0.10538277996355618, ""2,1"": 0.0}",0,1,2.0,1,True,True,True,
sensitivity,outlier,"{""accel_mag"": 0.3}",0.05,100.0,0.25,5.0,1024,43,SECOND,0.21076555992711235,0.30000007152557373,6,"[0.21076555992711235, 0.10538277996355618, 0.10538277996355618]","{""1,0"": 0.10538277996355618, ""2,0"": 0.10538277996355618, ""2,1"": 0.0}",0,1,2.0,1,True,True,True,
sensitivity,outlier,"{""accel_mag"": 0.3}",0.05,100.0,0.25,5.0,1024,44,SECOND,0.21076554847972234,0.30000004172325134,6,"[0.21076554847972234, 0.10538277423986117, 0.10538277423986117]","{""1,0"": 0.10538277423986117, ""2,0"": 0.10538277423986117, ""2,1"": 0.0}",0,1,2.0,1,True,True,True,
sensitivity,outlier,"{""accel_mag"": 0.3}",0.05,100.0,0.5,1.0,1024,42,SECOND,0.24928182810753563,0.30000007152557373,6,"[0.24928182810753563, 0.12464091405376782, 0.12464091405376782]","{""1,0"": 0.12464091405376782, ""2,0"": 0.12464091405376782, ""2,1"": 0.0}",0,1,2.0,1,True,True,True,
sensitivity,outlier,"{""accel_mag"": 0.3}",0.05,100.0,0.5,1.0,1024,43,SECOND,0.24928182810753563,0.30000007152557373,6,"[0.24928182810753563, 0.12464091405376782, 0.12464091405376782]","{""1,0"": 0.12464091405376782, ""2,0"": 0.12464091405376782, ""2,1"": 0.0}",0,1,2.0,1,True,True,True,
sensitivity,outlier,"{""accel_mag"": 0.3}",0.05,100.0,0.5,1.0,1024,44,SECOND,0.24928181277436512,0.30000004172325134,6,"[0.24928181277436512, 0.12464090638718256, 0.12464090638718256]","{""1,0"": 0.12464090638718256, ""2,0"": 0.12464090638718256, ""2,1"": 0.0}",0,1,2.0,1,True,True,True,
sensitivity,outlier,"{""accel_mag"": 0.3}",0.05,100.0,0.5,3.0,1024,42,SECOND,0.24928181277436512,0.30000004172325134,6,"[0.24928181277436512, 0.12464090638718256, 0.12464090638718256]","{""1,0"": 0.12464090638718256, ""2,0"": 0.12464090638718256, ""2,1"": 0.0}",0,1,2.0,1,True,True,True,
sensitivity,outlier,"{""accel_mag"": 0.3}",0.05,100.0,0.5,3.0,1024,43,SECOND,0.24928182810753563,0.30000007152557373,6,"[0.24928182810753563, 0.12464091405376782, 0.12464091405376782]","{""1,0"": 0.12464091405376782, ""2,0"": 0.12464091405376782, ""2,1"": 0.0}",0,1,2.0,1,True,True,True,
sensitivity,outlier,"{""accel_mag"": 0.3}",0.05,100.0,0.5,3.0,1024,44,SECOND,0.24928181277436512,0.30000004172325134,6,"[0.24928181277436512, 0.12464090638718256, 0.12464090638718256]","{""1,0"": 0.12464090638718256, ""2,0"": 0.12464090638718256, ""2,1"": 0.0}",0,1,2.0,1,True,True,True,
sensitivity,outlier,"{""accel_mag"": 0.3}",0.05,100.0,0.5,5.0,1024,42,SECOND,0.24928182810753563,0.30000007152557373,6,"[0.24928182810753563, 0.12464091405376782, 0.12464091405376782]","{""1,0"": 0.12464091405376782, ""2,0"": 0.12464091405376782, ""2,1"": 0.0}",0,1,2.0,1,True,True,True,
sensitivity,outlier,"{""accel_mag"": 0.3}",0.05,100.0,0.5,5.0,1024,43,SECOND,0.24928182810753563,0.30000007152557373,6,"[0.24928182810753563, 0.12464091405376782, 0.12464091405376782]","{""1,0"": 0.12464091405376782, ""2,0"": 0.12464091405376782, ""2,1"": 0.0}",0,1,2.0,1,True,True,True,
sensitivity,outlier,"{""accel_mag"": 0.3}",0.05,100.0,0.5,5.0,1024,44,SECOND,0.24928181277436512,0.30000004172325134,6,"[0.24928181277436512, 0.12464090638718256, 0.12464090638718256]","{""1,0"": 0.12464090638718256, ""2,0"": 0.12464090638718256, ""2,1"": 0.0}",0,1,2.0,1,True,True,True,
sensitivity,outlier,"{""accel_mag"": 0.3}",0.05,100.0,1.0,1.0,1024,42,SECOND,0.2641799433927051,0.30000007152557373,6,"[0.2641799433927051, 0.13208997169635256, 0.13208997169635256]","{""1,0"": 0.13208997169635256, ""2,0"": 0.13208997169635256, ""2,1"": 0.0}",0,1,2.0,1,True,True,True,
sensitivity,outlier,"{""accel_mag"": 0.3}",0.05,100.0,1.0,1.0,1024,43,SECOND,0.2641799433927051,0.30000007152557373,6,"[0.2641799433927051, 0.13208997169635256, 0.13208997169635256]","{""1,0"": 0.13208997169635256, ""2,0"": 0.13208997169635256, ""2,1"": 0.0}",0,1,2.0,1,True,True,True,
sensitivity,outlier,"{""accel_mag"": 0.3}",0.05,100.0,1.0,1.0,1024,44,SECOND,0.2641799262654335,0.30000004172325134,6,"[0.2641799262654335, 0.13208996313271676, 0.13208996313271676]","{""1,0"": 0.13208996313271676, ""2,0"": 0.13208996313271676, ""2,1"": 0.0}",0,1,2.0,1,True,True,True,
sensitivity,outlier,"{""accel_mag"": 0.3}",0.05,100.0,1.0,3.0,1024,42,SECOND,0.2641799262654335,0.30000004172325134,6,"[0.2641799262654335, 0.13208996313271676, 0.13208996313271676]","{""1,0"": 0.13208996313271676, ""2,0"": 0.13208996313271676, ""2,1"": 0.0}",0,1,2.0,1,True,True,True,
sensitivity,outlier,"{""accel_mag"": 0.3}",0.05,100.0,1.0,3.0,1024,43,SECOND,0.2641799433927051,0.30000007152557373,6,"[0.2641799433927051, 0.13208997169635256, 0.13208997169635256]","{""1,0"": 0.13208997169635256, ""2,0"": 0.13208997169635256, ""2,1"": 0.0}",0,1,2.0,1,True,True,True,
sensitivity,outlier,"{""accel_mag"": 0.3}",0.05,100.0,1.0,3.0,1024,44,SECOND,0.2641799262654335,0.30000004172325134,6,"[0.2641799262654335, 0.13208996313271676, 0.13208996313271676]","{""1,0"": 0.13208996313271676, ""2,0"": 0.13208996313271676, ""2,1"": 0.0}",0,1,2.0,1,True,True,True,
sensitivity,outlier,"{""accel_mag"": 0.3}",0.05,100.0,1.0,5.0,1024,42,SECOND,0.2641799433927051,0.30000007152557373,6,"[0.2641799433927051, 0.13208997169635256, 0.13208997169635256]","{""1,0"": 0.13208997169635256, ""2,0"": 0.13208997169635256, ""2,1"": 0.0}",0,1,2.0,1,True,True,True,
sensitivity,outlier,"{""accel_mag"": 0.3}",0.05,100.0,1.0,5.0,1024,43,SECOND,0.2641799433927051,0.30000007152557373,6,"[0.2641799433927051, 0.13208997169635256, 0.13208997169635256]","{""1,0"": 0.13208997169635256, ""2,0"": 0.13208997169635256, ""2,1"": 0.0}",0,1,2.0,1,True,True,True,
sensitivity,outlier,"{""accel_mag"": 0.3}",0.05,100.0,1.0,5.0,1024,44,SECOND,0.2641799262654335,0.30000004172325134,6,"[0.2641799262654335, 0.13208996313271676, 0.13208996313271676]","{""1,0"": 0.13208996313271676, ""2,0"": 0.13208996313271676, ""2,1"": 0.0}",0,1,2.0,1,True,True,True,
sensitivity,outlier,"{""accel_mag"": 0.3}",0.05,200.0,0.25,1.0,1024,42,SECOND,0.2107687508772566,0.30000007152557373,6,"[0.2107687508772566, 0.1053843754386283, 0.1053843754386283]","{""1,0"": 0.1053843754386283, ""2,0"": 0.1053843754386283, ""2,1"": 0.0}",0,1,2.0,1,True,True,True,
sensitivity,outlier,"{""accel_mag"": 0.3}",0.05,200.0,0.25,1.0,1024,43,SECOND,0.2107687508772566,0.30000007152557373,6,"[0.2107687508772566, 0.1053843754386283, 0.1053843754386283]","{""1,0"": 0.1053843754386283, ""2,0"": 0.1053843754386283, ""2,1"": 0.0}",0,1,2.0,1,True,True,True,
sensitivity,outlier,"{""accel_mag"": 0.3}",0.05,200.0,0.25,1.0,1024,44,SECOND,0.2107687394298666,0.30000004172325134,6,"[0.2107687394298666, 0.1053843697149333, 0.1053843697149333]","{""1,0"": 0.1053843697149333, ""2,0"": 0.1053843697149333, ""2,1"": 0.0}",0,1,2.0,1,True,True,True,
sensitivity,outlier,"{""accel_mag"": 0.3}",0.05,200.0,0.25,3.0,1024,42,SECOND,0.2107687394298666,0.30000004172325134,6,"[0.2107687394298666, 0.1053843697149333, 0.1053843697149333]","{""1,0"": 0.1053843697149333, ""2,0"": 0.1053843697149333, ""2,1"": 0.0}",0,1,2.0,1,True,True,True,
sensitivity,outlier,"{""accel_mag"": 0.3}",0.05,200.0,0.25,3.0,1024,43,SECOND,0.2107687508772566,0.30000007152557373,6,"[0.2107687508772566, 0.1053843754386283, 0.1053843754386283]","{""1,0"": 0.1053843754386283, ""2,0"": 0.1053843754386283, ""2,1"": 0.0}",0,1,2.0,1,True,True,True,
sensitivity,outlier,"{""accel_mag"": 0.3}",0.05,200.0,0.25,3.0,1024,44,SECOND,0.2107687394298666,0.30000004172325134,6,"[0.2107687394298666, 0.1053843697149333, 0.1053843697149333]","{""1,0"": 0.1053843697149333, ""2,0"": 0.1053843697149333, ""2,1"": 0.0}",0,1,2.0,1,True,True,True,
sensitivity,outlier,"{""accel_mag"": 0.3}",0.05,200.0,0.25,5.0,1024,42,SECOND,0.2107687508772566,0.30000007152557373,6,"[0.2107687508772566, 0.1053843754386283, 0.1053843754386283]","{""1,0"": 0.1053843754386283, ""2,0"": 0.1053843754386283, ""2,1"": 0.0}",0,1,2.0,1,True,True,True,
sensitivity,outlier,"{""accel_mag"": 0.3}",0.05,200.0,0.25,5.0,1024,43,SECOND,0.2107687508772566,0.30000007152557373,6,"[0.2107687508772566, 0.1053843754386283, 0.1053843754386283]","{""1,0"": 0.1053843754386283, ""2,0"": 0.1053843754386283, ""2,1"": 0.0}",0,1,2.0,1,True,True,True,
sensitivity,outlier,"{""accel_mag"": 0.3}",0.05,200.0,0.25,5.0,1024,44,SECOND,0.2107687394298666,0.30000004172325134,6,"[0.2107687394298666, 0.1053843697149333, 0.1053843697149333]","{""1,0"": 0.1053843697149333, ""2,0"": 0.1053843697149333, ""2,1"": 0.0}",0,1,2.0,1,True,True,True,
sensitivity,outlier,"{""accel_mag"": 0.3}",0.05,200.0,0.5,1.0,1024,42,SECOND,0.24928560218656404,0.30000007152557373,6,"[0.24928560218656404, 0.12464280109328202, 0.12464280109328202]","{""1,0"": 0.12464280109328202, ""2,0"": 0.12464280109328202, ""2,1"": 0.0}",0,1,2.0,1,True,True,True,
sensitivity,outlier,"{""accel_mag"": 0.3}",0.05,200.0,0.5,1.0,1024,43,SECOND,0.24928560218656404,0.30000007152557373,6,"[0.24928560218656404, 0.12464280109328202, 0.12464280109328202]","{""1,0"": 0.12464280109328202, ""2,0"": 0.12464280109328202, ""2,1"": 0.0}",0,1,2.0,1,True,True,True,
sensitivity,outlier,"{""accel_mag"": 0.3}",0.05,200.0,0.5,1.0,1024,44,SECOND,0.24928558685339353,0.30000004172325134,6,"[0.24928558685339353, 0.12464279342669676, 0.12464279342669676]","{""1,0"": 0.12464279342669676, ""2,0"": 0.12464279342669676, ""2,1"": 0.0}",0,1,2.0,1,True,True,True,
sensitivity,outlier,"{""accel_mag"": 0.3}",0.05,200.0,0.5,3.0,1024,42,SECOND,0.24928558685339353,0.30000004172325134,6,"[0.24928558685339353, 0.12464279342669676, 0.12464279342669676]","{""1,0"": 0.12464279342669676, ""2,0"": 0.12464279342669676, ""2,1"": 0.0}",0,1,2.0,1,True,True,True,
sensitivity,outlier,"{""accel_mag"": 0.3}",0.05,200.0,0.5,3.0,1024,43,SECOND,0.24928560218656404,0.30000007152557373,6,"[0.24928560218656404, 0.12464280109328202, 0.12464280109328202]","{""1,0"": 0.12464280109328202, ""2,0"": 0.12464280109328202, ""2,1"": 0.0}",0,1,2.0,1,True,True,True,
sensitivity,outlier,"{""accel_mag"": 0.3}",0.05,200.0,0.5,3.0,1024,44,SECOND,0.24928558685339353,0.30000004172325134,6,"[0.24928558685339353, 0.12464279342669676, 0.12464279342669676]","{""1,0"": 0.12464279342669676, ""2,0"": 0.12464279342669676, ""2,1"": 0.0}",0,1,2.0,1,True,True,True,
sensitivity,outlier,"{""accel_mag"": 0.3}",0.05,200.0,0.5,5.0,1024,42,SECOND,0.24928560218656404,0.30000007152557373,6,"[0.24928560218656404, 0.12464280109328202, 0.12464280109328202]","{""1,0"": 0.12464280109328202, ""2,0"": 0.12464280109328202, ""2,1"": 0.0}",0,1,2.0,1,True,True,True,
sensitivity,outlier,"{""accel_mag"": 0.3}",0.05,200.0,0.5,5.0,1024,43,SECOND,0.24928560218656404,0.30000007152557373,6,"[0.24928560218656404, 0.12464280109328202, 0.12464280109328202]","{""1,0"": 0.12464280109328202, ""2,0"": 0.12464280109328202, ""2,1"": 0.0}",0,1,2.0,1,True,True,True,
sensitivity,outlier,"{""accel_mag"": 0.3}",0.05,200.0,0.5,5.0,1024,44,SECOND,0.24928558685339353,0.30000004172325134,6,"[0.24928558685339353, 0.12464279342669676, 0.12464279342669676]","{""1,0"": 0.12464279342669676, ""2,0"": 0.12464279342669676, ""2,1"": 0.0}",0,1,2.0,1,True,True,True,
sensitivity,outlier,"{""accel_mag"": 0.3}",0.05,200.0,1.0,1.0,1024,42,SECOND,0.264183943026326,0.30000007152557373,6,"[0.264183943026326, 0.132091971513163, 0.132091971513163]","{""1,0"": 0.132091971513163, ""2,0"": 0.132091971513163, ""2,1"": 0.0}",0,1,2.0,1,True,True,True,
sensitivity,outlier,"{""accel_mag"": 0.3}",0.05,200.0,1.0,1.0,1024,43,SECOND,0.264183943026326,0.30000007152557373,6,"[0.264183943026326, 0.132091971513163, 0.132091971513163]","{""1,0"": 0.132091971513163, ""2,0"": 0.132091971513163, ""2,1"": 0.0}",0,1,2.0,1,True,True,True,
sensitivity,outlier,"{""accel_mag"": 0.3}",0.05,200.0,1.0,1.0,1024,44,SECOND,0.2641839258990544,0.30000004172325134,6,"[0.2641839258990544, 0.1320919629495272, 0.1320919629495272]","{""1,0"": 0.1320919629495272, ""2,0"": 0.1320919629495272, ""2,1"": 0.0}",0,1,2.0,1,True,True,True,
sensitivity,outlier,"{""accel_mag"": 0.3}",0.05,200.0,1.0,3.0,1024,42,SECOND,0.2641839258990544,0.30000004172325134,6,"[0.2641839258990544, 0.1320919629495272, 0.1320919629495272]","{""1,0"": 0.1320919629495272, ""2,0"": 0.1320919629495272, ""2,1"": 0.0}",0,1,2.0,1,True,True,True,
sensitivity,outlier,"{""accel_mag"": 0.3}",0.05,200.0,1.0,3.0,1024,43,SECOND,0.264183943026326,0.30000007152557373,6,"[0.264183943026326, 0.132091971513163, 0.132091971513163]","{""1,0"": 0.132091971513163, ""2,0"": 0.132091971513163, ""2,1"": 0.0}",0,1,2.0,1,True,True,True,
sensitivity,outlier,"{""accel_mag"": 0.3}",0.05,200.0,1.0,3.0,1024,44,SECOND,0.2641839258990544,0.30000004172325134,6,"[0.2641839258990544, 0.1320919629495272, 0.1320919629495272]","{""1,0"": 0.1320919629495272, ""2,0"": 0.1320919629495272, ""2,1"": 0.0}",0,1,2.0,1,True,True,True,
sensitivity,outlier,"{""accel_mag"": 0.3}",0.05,200.0,1.0,5.0,1024,42,SECOND,0.264183943026326,0.30000007152557373,6,"[0.264183943026326, 0.132091971513163, 0.132091971513163]","{""1,0"": 0.132091971513163, ""2,0"": 0.132091971513163, ""2,1"": 0.0}",0,1,2.0,1,True,True,True,
sensitivity,outlier,"{""accel_mag"": 0.3}",0.05,200.0,1.0,5.0,1024,43,SECOND,0.264183943026326,0.30000007152557373,6,"[0.264183943026326, 0.132091971513163, 0.132091971513163]","{""1,0"": 0.132091971513163, ""2,0"": 0.132091971513163, ""2,1"": 0.0}",0,1,2.0,1,True,True,True,
sensitivity,outlier,"{""accel_mag"": 0.3}",0.05,200.0,1.0,5.0,1024,44,SECOND,0.2641839258990544,0.30000004172325134,6,"[0.2641839258990544, 0.1320919629495272, 0.1320919629495272]","{""1,0"": 0.1320919629495272, ""2,0"": 0.1320919629495272, ""2,1"": 0.0}",0,1,2.0,1,True,True,True,
sensitivity,outlier,"{""accel_mag"": 0.3}",0.05,500.0,0.25,1.0,1024,42,SECOND,0.2107687508772566,0.30000007152557373,6,"[0.2107687508772566, 0.1053843754386283, 0.1053843754386283]","{""1,0"": 0.1053843754386283, ""2,0"": 0.1053843754386283, ""2,1"": 0.0}",0,1,2.0,1,True,True,True,
sensitivity,outlier,"{""accel_mag"": 0.3}",0.05,500.0,0.25,1.0,1024,43,SECOND,0.2107687508772566,0.30000007152557373,6,"[0.2107687508772566, 0.1053843754386283, 0.1053843754386283]","{""1,0"": 0.1053843754386283, ""2,0"": 0.1053843754386283, ""2,1"": 0.0}",0,1,2.0,1,True,True,True,
sensitivity,outlier,"{""accel_mag"": 0.3}",0.05,500.0,0.25,1.0,1024,44,SECOND,0.2107687394298666,0.30000004172325134,6,"[0.2107687394298666, 0.1053843697149333, 0.1053843697149333]","{""1,0"": 0.1053843697149333, ""2,0"": 0.1053843697149333, ""2,1"": 0.0}",0,1,2.0,1,True,True,True,
sensitivity,outlier,"{""accel_mag"": 0.3}",0.05,500.0,0.25,3.0,1024,42,SECOND,0.2107687394298666,0.30000004172325134,6,"[0.2107687394298666, 0.1053843697149333, 0.1053843697149333]","{""1,0"": 0.1053843697149333, ""2,0"": 0.1053843697149333, ""2,1"": 0.0}",0,1,2.0,1,True,True,True,
sensitivity,outlier,"{""accel_mag"": 0.3}",0.05,500.0,0.25,3.0,1024,43,SECOND,0.2107687508772566,0.30000007152557373,6,"[0.2107687508772566, 0.1053843754386283, 0.1053843754386283]","{""1,0"": 0.1053843754386283, ""2,0"": 0.1053843754386283, ""2,1"": 0.0}",0,1,2.0,1,True,True,True,
sensitivity,outlier,"{""accel_mag"": 0.3}",0.05,500.0,0.25,3.0,1024,44,SECOND,0.2107687394298666,0.30000004172325134,6,"[0.2107687394298666, 0.1053843697149333, 0.1053843697149333]","{""1,0"": 0.1053843697149333, ""2,0"": 0.1053843697149333, ""2,1"": 0.0}",0,1,2.0,1,True,True,True,
sensitivity,outlier,"{""accel_mag"": 0.3}",0.05,500.0,0.25,5.0,1024,42,SECOND,0.2107687508772566,0.30000007152557373,6,"[0.2107687508772566, 0.1053843754386283, 0.1053843754386283]","{""1,0"": 0.1053843754386283, ""2,0"": 0.1053843754386283, ""2,1"": 0.0}",0,1,2.0,1,True,True,True,
sensitivity,outlier,"{""accel_mag"": 0.3}",0.05,500.0,0.25,5.0,1024,43,SECOND,0.2107687508772566,0.30000007152557373,6,"[0.2107687508772566, 0.1053843754386283, 0.1053843754386283]","{""1,0"": 0.1053843754386283, ""2,0"": 0.1053843754386283, ""2,1"": 0.0}",0,1,2.0,1,True,True,True,
sensitivity,outlier,"{""accel_mag"": 0.3}",0.05,500.0,0.25,5.0,1024,44,SECOND,0.2107687394298666,0.30000004172325134,6,"[0.2107687394298666, 0.1053843697149333, 0.1053843697149333]","{""1,0"": 0.1053843697149333, ""2,0"": 0.1053843697149333, ""2,1"": 0.0}",0,1,2.0,1,True,True,True,
sensitivity,outlier,"{""accel_mag"": 0.3}",0.05,500.0,0.5,1.0,1024,42,SECOND,0.24928560218656404,0.30000007152557373,6,"[0.24928560218656404, 0.12464280109328202, 0.12464280109328202]","{""1,0"": 0.12464280109328202, ""2,0"": 0.12464280109328202, ""2,1"": 0.0}",0,1,2.0,1,True,True,True,
sensitivity,outlier,"{""accel_mag"": 0.3}",0.05,500.0,0.5,1.0,1024,43,SECOND,0.24928560218656404,0.30000007152557373,6,"[0.24928560218656404, 0.12464280109328202, 0.12464280109328202]","{""1,0"": 0.12464280109328202, ""2,0"": 0.12464280109328202, ""2,1"": 0.0}",0,1,2.0,1,True,True,True,
sensitivity,outlier,"{""accel_mag"": 0.3}",0.05,500.0,0.5,1.0,1024,44,SECOND,0.24928558685339353,0.30000004172325134,6,"[0.24928558685339353, 0.12464279342669676, 0.12464279342669676]","{""1,0"": 0.12464279342669676, ""2,0"": 0.12464279342669676, ""2,1"": 0.0}",0,1,2.0,1,True,True,True,
sensitivity,outlier,"{""accel_mag"": 0.3}",0.05,500.0,0.5,3.0,1024,42,SECOND,0.24928558685339353,0.30000004172325134,6,"[0.24928558685339353, 0.12464279342669676, 0.12464279342669676]","{""1,0"": 0.12464279342669676, ""2,0"": 0.12464279342669676, ""2,1"": 0.0}",0,1,2.0,1,True,True,True,
sensitivity,outlier,"{""accel_mag"": 0.3}",0.05,500.0,0.5,3.0,1024,43,SECOND,0.24928560218656404,0.30000007152557373,6,"[0.24928560218656404, 0.12464280109328202, 0.12464280109328202]","{""1,0"": 0.12464280109328202, ""2,0"": 0.12464280109328202, ""2,1"": 0.0}",0,1,2.0,1,True,True,True,
sensitivity,outlier,"{""accel_mag"": 0.3}",0.05,500.0,0.5,3.0,1024,44,SECOND,0.24928558685339353,0.30000004172325134,6,"[0.24928558685339353, 0.12464279342669676, 0.12464279342669676]","{""1,0"": 0.12464279342669676, ""2,0"": 0.12464279342669676, ""2,1"": 0.0}",0,1,2.0,1,True,True,True,
sensitivity,outlier,"{""accel_mag"": 0.3}",0.05,500.0,0.5,5.0,1024,42,SECOND,0.24928560218656404,0.30000007152557373,6,"[0.24928560218656404, 0.12464280109328202, 0.12464280109328202]","{""1,0"": 0.12464280109328202, ""2,0"": 0.12464280109328202, ""2,1"": 0.0}",0,1,2.0,1,True,True,True,
sensitivity,outlier,"{""accel_mag"": 0.3}",0.05,500.0,0.5,5.0,1024,43,SECOND,0.24928560218656404,0.30000007152557373,6,"[0.24928560218656404, 0.12464280109328202, 0.12464280109328202]","{""1,0"": 0.12464280109328202, ""2,0"": 0.12464280109328202, ""2,1"": 0.0}",0,1,2.0,1,True,True,True,
sensitivity,outlier,"{""accel_mag"": 0.3}",0.05,500.0,0.5,5.0,1024,44,SECOND,0.24928558685339353,0.30000004172325134,6,"[0.24928558685339353, 0.12464279342669676, 0.12464279342669676]","{""1,0"": 0.12464279342669676, ""2,0"": 0.12464279342669676, ""2,1"": 0.0}",0,1,2.0,1,True,True,True,
sensitivity,outlier,"{""accel_mag"": 0.3}",0.05,500.0,1.0,1.0,1024,42,SECOND,0.264183943026326,0.30000007152557373,6,"[0.264183943026326, 0.132091971513163, 0.132091971513163]","{""1,0"": 0.132091971513163, ""2,0"": 0.132091971513163, ""2,1"": 0.0}",0,1,2.0,1,True,True,True,
sensitivity,outlier,"{""accel_mag"": 0.3}",0.05,500.0,1.0,1.0,1024,43,SECOND,0.264183943026326,0.30000007152557373,6,"[0.264183943026326, 0.132091971513163, 0.132091971513163]","{""1,0"": 0.132091971513163, ""2,0"": 0.132091971513163, ""2,1"": 0.0}",0,1,2.0,1,True,True,True,
sensitivity,outlier,"{""accel_mag"": 0.3}",0.05,500.0,1.0,1.0,1024,44,SECOND,0.2641839258990544,0.30000004172325134,6,"[0.2641839258990544, 0.1320919629495272, 0.1320919629495272]","{""1,0"": 0.1320919629495272, ""2,0"": 0.1320919629495272, ""2,1"": 0.0}",0,1,2.0,1,True,True,True,
sensitivity,outlier,"{""accel_mag"": 0.3}",0.05,500.0,1.0,3.0,1024,42,SECOND,0.2641839258990544,0.30000004172325134,6,"[0.2641839258990544, 0.1320919629495272, 0.1320919629495272]","{""1,0"": 0.1320919629495272, ""2,0"": 0.1320919629495272, ""2,1"": 0.0}",0,1,2.0,1,True,True,True,
sensitivity,outlier,"{""accel_mag"": 0.3}",0.05,500.0,1.0,3.0,1024,43,SECOND,0.264183943026326,0.30000007152557373,6,"[0.264183943026326, 0.132091971513163, 0.132091971513163]","{""1,0"": 0.132091971513163, ""2,0"": 0.132091971513163, ""2,1"": 0.0}",0,1,2.0,1,True,True,True,
sensitivity,outlier,"{""accel_mag"": 0.3}",0.05,500.0,1.0,3.0,1024,44,SECOND,0.2641839258990544,0.30000004172325134,6,"[0.2641839258990544, 0.1320919629495272, 0.1320919629495272]","{""1,0"": 0.1320919629495272, ""2,0"": 0.1320919629495272, ""2,1"": 0.0}",0,1,2.0,1,True,True,True,
sensitivity,outlier,"{""accel_mag"": 0.3}",0.05,500.0,1.0,5.0,1024,42,SECOND,0.264183943026326,0.30000007152557373,6,"[0.264183943026326, 0.132091971513163, 0.132091971513163]","{""1,0"": 0.132091971513163, ""2,0"": 0.132091971513163, ""2,1"": 0.0}",0,1,2.0,1,True,True,True,
sensitivity,outlier,"{""accel_mag"": 0.3}",0.05,500.0,1.0,5.0,1024,43,SECOND,0.264183943026326,0.30000007152557373,6,"[0.264183943026326, 0.132091971513163, 0.132091971513163]","{""1,0"": 0.132091971513163, ""2,0"": 0.132091971513163, ""2,1"": 0.0}",0,1,2.0,1,True,True,True,
sensitivity,outlier,"{""accel_mag"": 0.3}",0.05,500.0,1.0,5.0,1024,44,SECOND,0.2641839258990544,0.30000004172325134,6,"[0.2641839258990544, 0.1320919629495272, 0.1320919629495272]","{""1,0"": 0.1320919629495272, ""2,0"": 0.1320919629495272, ""2,1"": 0.0}",0,1,2.0,1,True,True,True,
sensitivity,outlier,"{""accel_mag"": 0.3}",0.1,100.0,0.25,1.0,1024,42,SECOND,0.2102985379916312,0.30000007152557373,6,"[0.2102985379916312, 0.1051492689958156, 0.1051492689958156]","{""1,0"": 0.1051492689958156, ""2,0"": 0.1051492689958156, ""2,1"": 0.0}",0,1,2.0,1,True,True,True,
sensitivity,outlier,"{""accel_mag"": 0.3}",0.1,100.0,0.25,1.0,1024,43,SECOND,0.2102985379916312,0.30000007152557373,6,"[0.2102985379916312, 0.1051492689958156, 0.1051492689958156]","{""1,0"": 0.1051492689958156, ""2,0"": 0.1051492689958156, ""2,1"": 0.0}",0,1,2.0,1,True,True,True,
sensitivity,outlier,"{""accel_mag"": 0.3}",0.1,100.0,0.25,1.0,1024,44,SECOND,0.2102985265442412,0.30000004172325134,6,"[0.2102985265442412, 0.1051492632721206, 0.1051492632721206]","{""1,0"": 0.1051492632721206, ""2,0"": 0.1051492632721206, ""2,1"": 0.0}",0,1,2.0,1,True,True,True,
sensitivity,outlier,"{""accel_mag"": 0.3}",0.1,100.0,0.25,3.0,1024,42,SECOND,0.2102985265442412,0.30000004172325134,6,"[0.2102985265442412, 0.1051492632721206, 0.1051492632721206]","{""1,0"": 0.1051492632721206, ""2,0"": 0.1051492632721206, ""2,1"": 0.0}",0,1,2.0,1,True,True,True,
sensitivity,outlier,"{""accel_mag"": 0.3}",0.1,100.0,0.25,3.0,1024,43,SECOND,0.2102985379916312,0.30000007152557373,6,"[0.2102985379916312, 0.1051492689958156, 0.1051492689958156]","{""1,0"": 0.1051492689958156, ""2,0"": 0.1051492689958156, ""2,1"": 0.0}",0,1,2.0,1,True,True,True,
sensitivity,outlier,"{""accel_mag"": 0.3}",0.1,100.0,0.25,3.0,1024,44,SECOND,0.2102985265442412,0.30000004172325134,6,"[0.2102985265442412, 0.1051492632721206, 0.1051492632721206]","{""1,0"": 0.1051492632721206, ""2,0"": 0.1051492632721206, ""2,1"": 0.0}",0,1,2.0,1,True,True,True,
sensitivity,outlier,"{""accel_mag"": 0.3}",0.1,100.0,0.25,5.0,1024,42,SECOND,0.2102985379916312,0.30000007152557373,6,"[0.2102985379916312, 0.1051492689958156, 0.1051492689958156]","{""1,0"": 0.1051492689958156, ""2,0"": 0.1051492689958156, ""2,1"": 0.0}",0,1,2.0,1,True,True,True,
sensitivity,outlier,"{""accel_mag"": 0.3}",0.1,100.0,0.25,5.0,1024,43,SECOND,0.2102985379916312,0.30000007152557373,6,"[0.2102985379916312, 0.1051492689958156, 0.1051492689958156]","{""1,0"": 0.1051492689958156, ""2,0"": 0.1051492689958156, ""2,1"": 0.0}",0,1,2.0,1,True,True,True,
sensitivity,outlier,"{""accel_mag"": 0.3}",0.1,100.0,0.25,5.0,1024,44,SECOND,0.2102985265442412,0.30000004172325134,6,"[0.2102985265442412, 0.1051492632721206, 0.1051492632721206]","{""1,0"": 0.1051492632721206, ""2,0"": 0.1051492632721206, ""2,1"": 0.0}",0,1,2.0,1,True,True,True,
sensitivity,outlier,"{""accel_mag"": 0.3}",0.1,100.0,0.5,1.0,1024,42,SECOND,0.24872946043871175,0.30000007152557373,6,"[0.24872946043871175, 0.12436473021935587, 0.12436473021935587]","{""1,0"": 0.12436473021935587, ""2,0"": 0.12436473021935587, ""2,1"": 0.0}",0,1,2.0,1,True,True,True,
sensitivity,outlier,"{""accel_mag"": 0.3}",0.1,100.0,0.5,1.0,1024,43,SECOND,0.24872946043871175,0.30000007152557373,6,"[0.24872946043871175, 0.12436473021935587, 0.12436473021935587]","{""1,0"": 0.12436473021935587, ""2,0"": 0.12436473021935587, ""2,1"": 0.0}",0,1,2.0,1,True,True,True,
sensitivity,outlier,"{""accel_mag"": 0.3}",0.1,100.0,0.5,1.0,1024,44,SECOND,0.24872944510554124,0.30000004172325134,6,"[0.24872944510554124, 0.12436472255277062, 0.12436472255277062]","{""1,0"": 0.12436472255277062, ""2,0"": 0.12436472255277062, ""2,1"": 0.0}",0,1,2.0,1,True,True,True,
sensitivity,outlier,"{""accel_mag"": 0.3}",0.1,100.0,0.5,3.0,1024,42,SECOND,0.24872944510554124,0.30000004172325134,6,"[0.24872944510554124, 0.12436472255277062, 0.12436472255277062]","{""1,0"": 0.12436472255277062, ""2,0"": 0.12436472255277062, ""2,1"": 0.0}",0,1,2.0,1,True,True,True,
sensitivity,outlier,"{""accel_mag"": 0.3}",0.1,100.0,0.5,3.0,1024,43,SECOND,0.24872946043871175,0.30000007152557373,6,"[0.24872946043871175, 0.12436473021935587, 0.12436473021935587]","{""1,0"": 0.12436473021935587, ""2,0"": 0.12436473021935587, ""2,1"": 0.0}",0,1,2.0,1,True,True,True,
sensitivity,outlier,"{""accel_mag"": 0.3}",0.1,100.0,0.5,3.0,1024,44,SECOND,0.24872944510554124,0.30000004172325134,6,"[0.24872944510554124, 0.12436472255277062, 0.12436472255277062]","{""1,0"": 0.12436472255277062, ""2,0"": 0.12436472255277062, ""2,1"": 0.0}",0,1,2.0,1,True,True,True,
sensitivity,outlier,"{""accel_mag"": 0.3}",0.1,100.0,0.5,5.0,1024,42,SECOND,0.24872946043871175,0.30000007152557373,6,"[0.24872946043871175, 0.12436473021935587, 0.12436473021935587]","{""1,0"": 0.12436473021935587, ""2,0"": 0.12436473021935587, ""2,1"": 0.0}",0,1,2.0,1,True,True,True,
sensitivity,outlier,"{""accel_mag"": 0.3}",0.1,100.0,0.5,5.0,1024,43,SECOND,0.24872946043871175,0.30000007152557373,6,"[0.24872946043871175, 0.12436473021935587, 0.12436473021935587]","{""1,0"": 0.12436473021935587, ""2,0"": 0.12436473021935587, ""2,1"": 0.0}",0,1,2.0,1,True,True,True,
sensitivity,outlier,"{""accel_mag"": 0.3}",0.1,100.0,0.5,5.0,1024,44,SECOND,0.24872944510554124,0.30000004172325134,6,"[0.24872944510554124, 0.12436472255277062, 0.12436472255277062]","{""1,0"": 0.12436472255277062, ""2,0"": 0.12436472255277062, ""2,1"": 0.0}",0,1,2.0,1,True,True,True,
sensitivity,outlier,"{""accel_mag"": 0.3}",0.1,100.0,1.0,1.0,1024,42,SECOND,0.26359456394445235,0.30000007152557373,6,"[0.26359456394445235, 0.13179728197222618, 0.13179728197222618]","{""1,0"": 0.13179728197222618, ""2,0"": 0.13179728197222618, ""2,1"": 0.0}",0,1,2.0,1,True,True,True,
sensitivity,outlier,"{""accel_mag"": 0.3}",0.1,100.0,1.0,1.0,1024,43,SECOND,0.26359456394445235,0.30000007152557373,6,"[0.26359456394445235, 0.13179728197222618, 0.13179728197222618]","{""1,0"": 0.13179728197222618, ""2,0"": 0.13179728197222618, ""2,1"": 0.0}",0,1,2.0,1,True,True,True,
sensitivity,outlier,"{""accel_mag"": 0.3}",0.1,100.0,1.0,1.0,1024,44,SECOND,0.26359454681718075,0.30000004172325134,6,"[0.26359454681718075, 0.13179727340859038, 0.13179727340859038]","{""1,0"": 0.13179727340859038, ""2,0"": 0.13179727340859038, ""2,1"": 0.0}",0,1,2.0,1,True,True,True,
sensitivity,outlier,"{""accel_mag"": 0.3}",0.1,100.0,1.0,3.0,1024,42,SECOND,0.26359454681718075,0.30000004172325134,6,"[0.26359454681718075, 0.13179727340859038, 0.13179727340859038]","{""1,0"": 0.13179727340859038, ""2,0"": 0.13179727340859038, ""2,1"": 0.0}",0,1,2.0,1,True,True,True,
sensitivity,outlier,"{""accel_mag"": 0.3}",0.1,100.0,1.0,3.0,1024,43,SECOND,0.26359456394445235,0.30000007152557373,6,"[0.26359456394445235, 0.13179728197222618, 0.13179728197222618]","{""1,0"": 0.13179728197222618, ""2,0"": 0.13179728197222618, ""2,1"": 0.0}",0,1,2.0,1,True,True,True,
sensitivity,outlier,"{""accel_mag"": 0.3}",0.1,100.0,1.0,3.0,1024,44,SECOND,0.26359454681718075,0.30000004172325134,6,"[0.26359454681718075, 0.13179727340859038, 0.13179727340859038]","{""1,0"": 0.13179727340859038, ""2,0"": 0.13179727340859038, ""2,1"": 0.0}",0,1,2.0,1,True,True,True,
sensitivity,outlier,"{""accel_mag"": 0.3}",0.1,100.0,1.0,5.0,1024,42,SECOND,0.26359456394445235,0.30000007152557373,6,"[0.26359456394445235, 0.13179728197222618, 0.13179728197222618]","{""1,0"": 0.13179728197222618, ""2,0"": 0.13179728197222618, ""2,1"": 0.0}",0,1,2.0,1,True,True,True,
sensitivity,outlier,"{""accel_mag"": 0.3}",0.1,100.0,1.0,5.0,1024,43,SECOND,0.26359456394445235,0.30000007152557373,6,"[0.26359456394445235, 0.13179728197222618, 0.13179728197222618]","{""1,0"": 0.13179728197222618, ""2,0"": 0.13179728197222618, ""2,1"": 0.0}",0,1,2.0,1,True,True,True,
sensitivity,outlier,"{""accel_mag"": 0.3}",0.1,100.0,1.0,5.0,1024,44,SECOND,0.26359454681718075,0.30000004172325134,6,"[0.26359454681718075, 0.13179727340859038, 0.13179727340859038]","{""1,0"": 0.13179727340859038, ""2,0"": 0.13179727340859038, ""2,1"": 0.0}",0,1,2.0,1,True,True,True,
sensitivity,outlier,"{""accel_mag"": 0.3}",0.1,200.0,0.25,1.0,1024,42,SECOND,0.21076555992711235,0.30000007152557373,6,"[0.21076555992711235, 0.10538277996355618, 0.10538277996355618]","{""1,0"": 0.10538277996355618, ""2,0"": 0.10538277996355618, ""2,1"": 0.0}",0,1,2.0,1,True,True,True,
sensitivity,outlier,"{""accel_mag"": 0.3}",0.1,200.0,0.25,1.0,1024,43,SECOND,0.21076555992711235,0.30000007152557373,6,"[0.21076555992711235, 0.10538277996355618, 0.10538277996355618]","{""1,0"": 0.10538277996355618, ""2,0"": 0.10538277996355618, ""2,1"": 0.0}",0,1,2.0,1,True,True,True,
sensitivity,outlier,"{""accel_mag"": 0.3}",0.1,200.0,0.25,1.0,1024,44,SECOND,0.21076554847972234,0.30000004172325134,6,"[0.21076554847972234, 0.10538277423986117, 0.10538277423986117]","{""1,0"": 0.10538277423986117, ""2,0"": 0.10538277423986117, ""2,1"": 0.0}",0,1,2.0,1,True,True,True,
sensitivity,outlier,"{""accel_mag"": 0.3}",0.1,200.0,0.25,3.0,1024,42,SECOND,0.21076554847972234,0.30000004172325134,6,"[0.21076554847972234, 0.10538277423986117, 0.10538277423986117]","{""1,0"": 0.10538277423986117, ""2,0"": 0.10538277423986117, ""2,1"": 0.0}",0,1,2.0,1,True,True,True,
sensitivity,outlier,"{""accel_mag"": 0.3}",0.1,200.0,0.25,3.0,1024,43,SECOND,0.21076555992711235,0.30000007152557373,6,"[0.21076555992711235, 0.10538277996355618, 0.10538277996355618]","{""1,0"": 0.10538277996355618, ""2,0"": 0.10538277996355618, ""2,1"": 0.0}",0,1,2.0,1,True,True,True,
sensitivity,outlier,"{""accel_mag"": 0.3}",0.1,200.0,0.25,3.0,1024,44,SECOND,0.21076554847972234,0.30000004172325134,6,"[0.21076554847972234, 0.10538277423986117, 0.10538277423986117]","{""1,0"": 0.10538277423986117, ""2,0"": 0.10538277423986117, ""2,1"": 0.0}",0,1,2.0,1,True,True,True,
sensitivity,outlier,"{""accel_mag"": 0.3}",0.1,200.0,0.25,5.0,1024,42,SECOND,0.21076555992711235,0.30000007152557373,6,"[0.21076555992711235, 0.10538277996355618, 0.10538277996355618]","{""1,0"": 0.10538277996355618, ""2,0"": 0.10538277996355618, ""2,1"": 0.0}",0,1,2.0,1,True,True,True,
sensitivity,outlier,"{""accel_mag"": 0.3}",0.1,200.0,0.25,5.0,1024,43,SECOND,0.21076555992711235,0.30000007152557373,6,"[0.21076555992711235, 0.10538277996355618, 0.10538277996355618]","{""1,0"": 0.10538277996355618, ""2,0"": 0.10538277996355618, ""2,1"": 0.0}",0,1,2.0,1,True,True,True,
sensitivity,outlier,"{""accel_mag"": 0.3}",0.1,200.0,0.25,5.0,1024,44,SECOND,0.21076554847972234,0.30000004172325134,6,"[0.21076554847972234, 0.10538277423986117, 0.10538277423986117]","{""1,0"": 0.10538277423986117, ""2,0"": 0.10538277423986117, ""2,1"": 0.0}",0,1,2.0,1,True,True,True,
sensitivity,outlier,"{""accel_mag"": 0.3}",0.1,200.0,0.5,1.0,1024,42,SECOND,0.24928182810753563,0.30000007152557373,6,"[0.24928182810753563, 0.12464091405376782, 0.12464091405376782]","{""1,0"": 0.12464091405376782, ""2,0"": 0.12464091405376782, ""2,1"": 0.0}",0,1,2.0,1,True,True,True,
sensitivity,outlier,"{""accel_mag"": 0.3}",0.1,200.0,0.5,1.0,1024,43,SECOND,0.24928182810753563,0.30000007152557373,6,"[0.24928182810753563, 0.12464091405376782, 0.12464091405376782]","{""1,0"": 0.12464091405376782, ""2,0"": 0.12464091405376782, ""2,1"": 0.0}",0,1,2.0,1,True,True,True,
sensitivity,outlier,"{""accel_mag"": 0.3}",0.1,200.0,0.5,1.0,1024,44,SECOND,0.24928181277436512,0.30000004172325134,6,"[0.24928181277436512, 0.12464090638718256, 0.12464090638718256]","{""1,0"": 0.12464090638718256, ""2,0"": 0.12464090638718256, ""2,1"": 0.0}",0,1,2.0,1,True,True,True,
sensitivity,outlier,"{""accel_mag"": 0.3}",0.1,200.0,0.5,3.0,1024,42,SECOND,0.24928181277436512,0.30000004172325134,6,"[0.24928181277436512, 0.12464090638718256, 0.12464090638718256]","{""1,0"": 0.12464090638718256, ""2,0"": 0.12464090638718256, ""2,1"": 0.0}",0,1,2.0,1,True,True,True,
sensitivity,outlier,"{""accel_mag"": 0.3}",0.1,200.0,0.5,3.0,1024,43,SECOND,0.24928182810753563,0.30000007152557373,6,"[0.24928182810753563, 0.12464091405376782, 0.12464091405376782]","{""1,0"": 0.12464091405376782, ""2,0"": 0.12464091405376782, ""2,1"": 0.0}",0,1,2.0,1,True,True,True,
sensitivity,outlier,"{""accel_mag"": 0.3}",0.1,200.0,0.5,3.0,1024,44,SECOND,0.24928181277436512,0.30000004172325134,6,"[0.24928181277436512, 0.12464090638718256, 0.12464090638718256]","{""1,0"": 0.12464090638718256, ""2,0"": 0.12464090638718256, ""2,1"": 0.0}",0,1,2.0,1,True,True,True,
sensitivity,outlier,"{""accel_mag"": 0.3}",0.1,200.0,0.5,5.0,1024,42,SECOND,0.24928182810753563,0.30000007152557373,6,"[0.24928182810753563, 0.12464091405376782, 0.12464091405376782]","{""1,0"": 0.12464091405376782, ""2,0"": 0.12464091405376782, ""2,1"": 0.0}",0,1,2.0,1,True,True,True,
sensitivity,outlier,"{""accel_mag"": 0.3}",0.1,200.0,0.5,5.0,1024,43,SECOND,0.24928182810753563,0.30000007152557373,6,"[0.24928182810753563, 0.12464091405376782, 0.12464091405376782]","{""1,0"": 0.12464091405376782, ""2,0"": 0.12464091405376782, ""2,1"": 0.0}",0,1,2.0,1,True,True,True,
sensitivity,outlier,"{""accel_mag"": 0.3}",0.1,200.0,0.5,5.0,1024,44,SECOND,0.24928181277436512,0.30000004172325134,6,"[0.24928181277436512, 0.12464090638718256, 0.12464090638718256]","{""1,0"": 0.12464090638718256, ""2,0"": 0.12464090638718256, ""2,1"": 0.0}",0,1,2.0,1,True,True,True,
sensitivity,outlier,"{""accel_mag"": 0.3}",0.1,200.0,1.0,1.0,1024,42,SECOND,0.2641799433927051,0.30000007152557373,6,"[0.2641799433927051, 0.13208997169635256, 0.13208997169635256]","{""1,0"": 0.13208997169635256, ""2,0"": 0.13208997169635256, ""2,1"": 0.0}",0,1,2.0,1,True,True,True,
sensitivity,outlier,"{""accel_mag"": 0.3}",0.1,200.0,1.0,1.0,1024,43,SECOND,0.2641799433927051,0.30000007152557373,6,"[0.2641799433927051, 0.13208997169635256, 0.13208997169635256]","{""1,0"": 0.13208997169635256, ""2,0"": 0.13208997169635256, ""2,1"": 0.0}",0,1,2.0,1,True,True,True,
sensitivity,outlier,"{""accel_mag"": 0.3}",0.1,200.0,1.0,1.0,1024,44,SECOND,0.2641799262654335,0.30000004172325134,6,"[0.2641799262654335, 0.13208996313271676, 0.13208996313271676]","{""1,0"": 0.13208996313271676, ""2,0"": 0.13208996313271676, ""2,1"": 0.0}",0,1,2.0,1,True,True,True,
sensitivity,outlier,"{""accel_mag"": 0.3}",0.1,200.0,1.0,3.0,1024,42,SECOND,0.2641799262654335,0.30000004172325134,6,"[0.2641799262654335, 0.13208996313271676, 0.13208996313271676]","{""1,0"": 0.13208996313271676, ""2,0"": 0.13208996313271676, ""2,1"": 0.0}",0,1,2.0,1,True,True,True,
sensitivity,outlier,"{""accel_mag"": 0.3}",0.1,200.0,1.0,3.0,1024,43,SECOND,0.2641799433927051,0.30000007152557373,6,"[0.2641799433927051, 0.13208997169635256, 0.13208997169635256]","{""1,0"": 0.13208997169635256, ""2,0"": 0.13208997169635256, ""2,1"": 0.0}",0,1,2.0,1,True,True,True,
sensitivity,outlier,"{""accel_mag"": 0.3}",0.1,200.0,1.0,3.0,1024,44,SECOND,0.2641799262654335,0.30000004172325134,6,"[0.2641799262654335, 0.13208996313271676, 0.13208996313271676]","{""1,0"": 0.13208996313271676, ""2,0"": 0.13208996313271676, ""2,1"": 0.0}",0,1,2.0,1,True,True,True,
sensitivity,outlier,"{""accel_mag"": 0.3}",0.1,200.0,1.0,5.0,1024,42,SECOND,0.2641799433927051,0.30000007152557373,6,"[0.2641799433927051, 0.13208997169635256, 0.13208997169635256]","{""1,0"": 0.13208997169635256, ""2,0"": 0.13208997169635256, ""2,1"": 0.0}",0,1,2.0,1,True,True,True,
sensitivity,outlier,"{""accel_mag"": 0.3}",0.1,200.0,1.0,5.0,1024,43,SECOND,0.2641799433927051,0.30000007152557373,6,"[0.2641799433927051, 0.13208997169635256, 0.13208997169635256]","{""1,0"": 0.13208997169635256, ""2,0"": 0.13208997169635256, ""2,1"": 0.0}",0,1,2.0,1,True,True,True,
sensitivity,outlier,"{""accel_mag"": 0.3}",0.1,200.0,1.0,5.0,1024,44,SECOND,0.2641799262654335,0.30000004172325134,6,"[0.2641799262654335, 0.13208996313271676, 0.13208996313271676]","{""1,0"": 0.13208996313271676, ""2,0"": 0.13208996313271676, ""2,1"": 0.0}",0,1,2.0,1,True,True,True,
sensitivity,outlier,"{""accel_mag"": 0.3}",0.1,500.0,0.25,1.0,1024,42,SECOND,0.2107687508772566,0.30000007152557373,6,"[0.2107687508772566, 0.1053843754386283, 0.1053843754386283]","{""1,0"": 0.1053843754386283, ""2,0"": 0.1053843754386283, ""2,1"": 0.0}",0,1,2.0,1,True,True,True,
sensitivity,outlier,"{""accel_mag"": 0.3}",0.1,500.0,0.25,1.0,1024,43,SECOND,0.2107687508772566,0.30000007152557373,6,"[0.2107687508772566, 0.1053843754386283, 0.1053843754386283]","{""1,0"": 0.1053843754386283, ""2,0"": 0.1053843754386283, ""2,1"": 0.0}",0,1,2.0,1,True,True,True,
sensitivity,outlier,"{""accel_mag"": 0.3}",0.1,500.0,0.25,1.0,1024,44,SECOND,0.2107687394298666,0.30000004172325134,6,"[0.2107687394298666, 0.1053843697149333, 0.1053843697149333]","{""1,0"": 0.1053843697149333, ""2,0"": 0.1053843697149333, ""2,1"": 0.0}",0,1,2.0,1,True,True,True,
sensitivity,outlier,"{""accel_mag"": 0.3}",0.1,500.0,0.25,3.0,1024,42,SECOND,0.2107687394298666,0.30000004172325134,6,"[0.2107687394298666, 0.1053843697149333, 0.1053843697149333]","{""1,0"": 0.1053843697149333, ""2,0"": 0.1053843697149333, ""2,1"": 0.0}",0,1,2.0,1,True,True,True,
sensitivity,outlier,"{""accel_mag"": 0.3}",0.1,500.0,0.25,3.0,1024,43,SECOND,0.2107687508772566,0.30000007152557373,6,"[0.2107687508772566, 0.1053843754386283, 0.1053843754386283]","{""1,0"": 0.1053843754386283, ""2,0"": 0.1053843754386283, ""2,1"": 0.0}",0,1,2.0,1,True,True,True,
sensitivity,outlier,"{""accel_mag"": 0.3}",0.1,500.0,0.25,3.0,1024,44,SECOND,0.2107687394298666,0.30000004172325134,6,"[0.2107687394298666, 0.1053843697149333, 0.1053843697149333]","{""1,0"": 0.1053843697149333, ""2,0"": 0.1053843697149333, ""2,1"": 0.0}",0,1,2.0,1,True,True,True,
sensitivity,outlier,"{""accel_mag"": 0.3}",0.1,500.0,0.25,5.0,1024,42,SECOND,0.2107687508772566,0.30000007152557373,6,"[0.2107687508772566, 0.1053843754386283, 0.1053843754386283]","{""1,0"": 0.1053843754386283, ""2,0"": 0.1053843754386283, ""2,1"": 0.0}",0,1,2.0,1,True,True,True,
sensitivity,outlier,"{""accel_mag"": 0.3}",0.1,500.0,0.25,5.0,1024,43,SECOND,0.2107687508772566,0.30000007152557373,6,"[0.2107687508772566, 0.1053843754386283, 0.1053843754386283]","{""1,0"": 0.1053843754386283, ""2,0"": 0.1053843754386283, ""2,1"": 0.0}",0,1,2.0,1,True,True,True,
sensitivity,outlier,"{""accel_mag"": 0.3}",0.1,500.0,0.25,5.0,1024,44,SECOND,0.2107687394298666,0.30000004172325134,6,"[0.2107687394298666, 0.1053843697149333, 0.1053843697149333]","{""1,0"": 0.1053843697149333, ""2,0"": 0.1053843697149333, ""2,1"": 0.0}",0,1,2.0,1,True,True,True,
sensitivity,outlier,"{""accel_mag"": 0.3}",0.1,500.0,0.5,1.0,1024,42,SECOND,0.24928560218656404,0.30000007152557373,6,"[0.24928560218656404, 0.12464280109328202, 0.12464280109328202]","{""1,0"": 0.12464280109328202, ""2,0"": 0.12464280109328202, ""2,1"": 0.0}",0,1,2.0,1,True,True,True,
sensitivity,outlier,"{""accel_mag"": 0.3}",0.1,500.0,0.5,1.0,1024,43,SECOND,0.24928560218656404,0.30000007152557373,6,"[0.24928560218656404, 0.12464280109328202, 0.12464280109328202]","{""1,0"": 0.12464280109328202, ""2,0"": 0.12464280109328202, ""2,1"": 0.0}",0,1,2.0,1,True,True,True,
sensitivity,outlier,"{""accel_mag"": 0.3}",0.1,500.0,0.5,1.0,1024,44,SECOND,0.24928558685339353,0.30000004172325134,6,"[0.24928558685339353, 0.12464279342669676, 0.12464279342669676]","{""1,0"": 0.12464279342669676, ""2,0"": 0.12464279342669676, ""2,1"": 0.0}",0,1,2.0,1,True,True,True,
sensitivity,outlier,"{""accel_mag"": 0.3}",0.1,500.0,0.5,3.0,1024,42,SECOND,0.24928558685339353,0.30000004172325134,6,"[0.24928558685339353, 0.12464279342669676, 0.12464279342669676]","{""1,0"": 0.12464279342669676, ""2,0"": 0.12464279342669676, ""2,1"": 0.0}",0,1,2.0,1,True,True,True,
sensitivity,outlier,"{""accel_mag"": 0.3}",0.1,500.0,0.5,3.0,1024,43,SECOND,0.24928560218656404,0.30000007152557373,6,"[0.24928560218656404, 0.12464280109328202, 0.12464280109328202]","{""1,0"": 0.12464280109328202, ""2,0"": 0.12464280109328202, ""2,1"": 0.0}",0,1,2.0,1,True,True,True,
sensitivity,outlier,"{""accel_mag"": 0.3}",0.1,500.0,0.5,3.0,1024,44,SECOND,0.24928558685339353,0.30000004172325134,6,"[0.24928558685339353, 0.12464279342669676, 0.12464279342669676]","{""1,0"": 0.12464279342669676, ""2,0"": 0.12464279342669676, ""2,1"": 0.0}",0,1,2.0,1,True,True,True,
sensitivity,outlier,"{""accel_mag"": 0.3}",0.1,500.0,0.5,5.0,1024,42,SECOND,0.24928560218656404,0.30000007152557373,6,"[0.24928560218656404, 0.12464280109328202, 0.12464280109328202]","{""1,0"": 0.12464280109328202, ""2,0"": 0.12464280109328202, ""2,1"": 0.0}",0,1,2.0,1,True,True,True,
sensitivity,outlier,"{""accel_mag"": 0.3}",0.1,500.0,0.5,5.0,1024,43,SECOND,0.24928560218656404,0.30000007152557373,6,"[0.24928560218656404, 0.12464280109328202, 0.12464280109328202]","{""1,0"": 0.12464280109328202, ""2,0"": 0.12464280109328202, ""2,1"": 0.0}",0,1,2.0,1,True,True,True,
sensitivity,outlier,"{""accel_mag"": 0.3}",0.1,500.0,0.5,5.0,1024,44,SECOND,0.24928558685339353,0.30000004172325134,6,"[0.24928558685339353, 0.12464279342669676, 0.12464279342669676]","{""1,0"": 0.12464279342669676, ""2,0"": 0.12464279342669676, ""2,1"": 0.0}",0,1,2.0,1,True,True,True,
sensitivity,outlier,"{""accel_mag"": 0.3}",0.1,500.0,1.0,1.0,1024,42,SECOND,0.264183943026326,0.30000007152557373,6,"[0.264183943026326, 0.132091971513163, 0.132091971513163]","{""1,0"": 0.132091971513163, ""2,0"": 0.132091971513163, ""2,1"": 0.0}",0,1,2.0,1,True,True,True,
sensitivity,outlier,"{""accel_mag"": 0.3}",0.1,500.0,1.0,1.0,1024,43,SECOND,0.264183943026326,0.30000007152557373,6,"[0.264183943026326, 0.132091971513163, 0.132091971513163]","{""1,0"": 0.132091971513163, ""2,0"": 0.132091971513163, ""2,1"": 0.0}",0,1,2.0,1,True,True,True,
sensitivity,outlier,"{""accel_mag"": 0.3}",0.1,500.0,1.0,1.0,1024,44,SECOND,0.2641839258990544,0.30000004172325134,6,"[0.2641839258990544, 0.1320919629495272, 0.1320919629495272]","{""1,0"": 0.1320919629495272, ""2,0"": 0.1320919629495272, ""2,1"": 0.0}",0,1,2.0,1,True,True,True,
sensitivity,outlier,"{""accel_mag"": 0.3}",0.1,500.0,1.0,3.0,1024,42,SECOND,0.2641839258990544,0.30000004172325134,6,"[0.2641839258990544, 0.1320919629495272, 0.1320919629495272]","{""1,0"": 0.1320919629495272, ""2,0"": 0.1320919629495272, ""2,1"": 0.0}",0,1,2.0,1,True,True,True,
sensitivity,outlier,"{""accel_mag"": 0.3}",0.1,500.0,1.0,3.0,1024,43,SECOND,0.264183943026326,0.30000007152557373,6,"[0.264183943026326, 0.132091971513163, 0.132091971513163]","{""1,0"": 0.132091971513163, ""2,0"": 0.132091971513163, ""2,1"": 0.0}",0,1,2.0,1,True,True,True,
sensitivity,outlier,"{""accel_mag"": 0.3}",0.1,500.0,1.0,3.0,1024,44,SECOND,0.2641839258990544,0.30000004172325134,6,"[0.2641839258990544, 0.1320919629495272, 0.1320919629495272]","{""1,0"": 0.1320919629495272, ""2,0"": 0.1320919629495272, ""2,1"": 0.0}",0,1,2.0,1,True,True,True,
sensitivity,outlier,"{""accel_mag"": 0.3}",0.1,500.0,1.0,5.0,1024,42,SECOND,0.264183943026326,0.30000007152557373,6,"[0.264183943026326, 0.132091971513163, 0.132091971513163]","{""1,0"": 0.132091971513163, ""2,0"": 0.132091971513163, ""2,1"": 0.0}",0,1,2.0,1,True,True,True,
sensitivity,outlier,"{""accel_mag"": 0.3}",0.1,500.0,1.0,5.0,1024,43,SECOND,0.264183943026326,0.30000007152557373,6,"[0.264183943026326, 0.132091971513163, 0.132091971513163]","{""1,0"": 0.132091971513163, ""2,0"": 0.132091971513163, ""2,1"": 0.0}",0,1,2.0,1,True,True,True,
sensitivity,outlier,"{""accel_mag"": 0.3}",0.1,500.0,1.0,5.0,1024,44,SECOND,0.2641839258990544,0.30000004172325134,6,"[0.2641839258990544, 0.1320919629495272, 0.1320919629495272]","{""1,0"": 0.1320919629495272, ""2,0"": 0.1320919629495272, ""2,1"": 0.0}",0,1,2.0,1,True,True,True,
sensitivity,outlier,"{""accel_mag"": 0.3}",0.2,100.0,0.25,1.0,1024,42,SECOND,0.14098271915104996,0.30000007152557373,4,"[0.14098271915104996, 0.07049135957552498, 0.07049135957552498]","{""1,0"": 0.07049135957552498, ""2,0"": 0.07049135957552498, ""2,1"": 0.0}",0,1,2.0,1,True,True,True,
sensitivity,outlier,"{""accel_mag"": 0.3}",0.2,100.0,0.25,1.0,1024,43,SECOND,0.14098271915104996,0.30000007152557373,4,"[0.14098271915104996, 0.07049135957552498, 0.07049135957552498]","{""1,0"": 0.07049135957552498, ""2,0"": 0.07049135957552498, ""2,1"": 0.0}",0,1,2.0,1,True,True,True,
sensitivity,outlier,"{""accel_mag"": 0.3}",0.2,100.0,0.25,1.0,1024,44,SECOND,0.14098270770365995,0.30000004172325134,4,"[0.14098270770365995, 0.07049135385182997, 0.07049135385182997]","{""1,0"": 0.07049135385182997, ""2,0"": 0.07049135385182997, ""2,1"": 0.0}",0,1,2.0,1,True,True,True,
sensitivity,outlier,"{""accel_mag"": 0.3}",0.2,100.0,0.25,3.0,1024,42,SECOND,0.14098270770365995,0.30000004172325134,4,"[0.14098270770365995, 0.07049135385182997, 0.07049135385182997]","{""1,0"": 0.07049135385182997, ""2,0"": 0.07049135385182997, ""2,1"": 0.0}",0,1,2.0,1,True,True,True,
sensitivity,outlier,"{""accel_mag"": 0.3}",0.2,100.0,0.25,3.0,1024,43,SECOND,0.14098271915104996,0.30000007152557373,4,"[0.14098271915104996, 0.07049135957552498, 0.07049135957552498]","{""1,0"": 0.07049135957552498, ""2,0"": 0.07049135957552498, ""2,1"": 0.0}",0,1,2.0,1,True,True,True,
sensitivity,outlier,"{""accel_mag"": 0.3}",0.2,100.0,0.25,3.0,1024,44,SECOND,0.14098270770365995,0.30000004172325134,4,"[0.14098270770365995, 0.07049135385182997, 0.07049135385182997]","{""1,0"": 0.07049135385182997, ""2,0"": 0.07049135385182997, ""2,1"": 0.0}",0,1,2.0,1,True,True,True,
sensitivity,outlier,"{""accel_mag"": 0.3}",0.2,100.0,0.25,5.0,1024,42,SECOND,0.14098271915104996,0.30000007152557373,4,"[0.14098271915104996, 0.07049135957552498, 0.07049135957552498]","{""1,0"": 0.07049135957552498, ""2,0"": 0.07049135957552498, ""2,1"": 0.0}",0,1,2.0,1,True,True,True,
sensitivity,outlier,"{""accel_mag"": 0.3}",0.2,100.0,0.25,5.0,1024,43,SECOND,0.14098271915104996,0.30000007152557373,4,"[0.14098271915104996, 0.07049135957552498, 0.07049135957552498]","{""1,0"": 0.07049135957552498, ""2,0"": 0.07049135957552498, ""2,1"": 0.0}",0,1,2.0,1,True,True,True,
sensitivity,outlier,"{""accel_mag"": 0.3}",0.2,100.0,0.25,5.0,1024,44,SECOND,0.14098270770365995,0.30000004172325134,4,"[0.14098270770365995, 0.07049135385182997, 0.07049135385182997]","{""1,0"": 0.07049135385182997, ""2,0"": 0.07049135385182997, ""2,1"": 0.0}",0,1,2.0,1,True,True,True,
sensitivity,outlier,"{""accel_mag"": 0.3}",0.2,100.0,0.5,1.0,1024,42,SECOND,0.1667465505221892,0.30000007152557373,4,"[0.1667465505221892, 0.0833732752610946, 0.0833732752610946]","{""1,0"": 0.0833732752610946, ""2,0"": 0.0833732752610946, ""2,1"": 0.0}",0,1,2.0,1,True,True,True,
sensitivity,outlier,"{""accel_mag"": 0.3}",0.2,100.0,0.5,1.0,1024,43,SECOND,0.1667465505221892,0.30000007152557373,4,"[0.1667465505221892, 0.0833732752610946, 0.0833732752610946]","{""1,0"": 0.0833732752610946, ""2,0"": 0.0833732752610946, ""2,1"": 0.0}",0,1,2.0,1,True,True,True,
sensitivity,outlier,"{""accel_mag"": 0.3}",0.2,100.0,0.5,1.0,1024,44,SECOND,0.1667465351890187,0.30000004172325134,4,"[0.1667465351890187, 0.08337326759450935, 0.08337326759450935]","{""1,0"": 0.08337326759450935, ""2,0"": 0.08337326759450935, ""2,1"": 0.0}",0,1,2.0,1,True,True,True,
sensitivity,outlier,"{""accel_mag"": 0.3}",0.2,100.0,0.5,3.0,1024,42,SECOND,0.1667465351890187,0.30000004172325134,4,"[0.1667465351890187, 0.08337326759450935, 0.08337326759450935]","{""1,0"": 0.08337326759450935, ""2,0"": 0.08337326759450935, ""2,1"": 0.0}",0,1,2.0,1,True,True,True,
sensitivity,outlier,"{""accel_mag"": 0.3}",0.2,100.0,0.5,3.0,1024,43,SECOND,0.1667465505221892,0.30000007152557373,4,"[0.1667465505221892, 0.0833732752610946, 0.0833732752610946]","{""1,0"": 0.0833732752610946, ""2,0"": 0.0833732752610946, ""2,1"": 0.0}",0,1,2.0,1,True,True,True,
sensitivity,outlier,"{""accel_mag"": 0.3}",0.2,100.0,0.5,3.0,1024,44,SECOND,0.1667465351890187,0.30000004172325134,4,"[0.1667465351890187, 0.08337326759450935, 0.08337326759450935]","{""1,0"": 0.08337326759450935, ""2,0"": 0.08337326759450935, ""2,1"": 0.0}",0,1,2.0,1,True,True,True,
sensitivity,outlier,"{""accel_mag"": 0.3}",0.2,100.0,0.5,5.0,1024,42,SECOND,0.1667465505221892,0.30000007152557373,4,"[0.1667465505221892, 0.0833732752610946, 0.0833732752610946]","{""1,0"": 0.0833732752610946, ""2,0"": 0.0833732752610946, ""2,1"": 0.0}",0,1,2.0,1,True,True,True,
sensitivity,outlier,"{""accel_mag"": 0.3}",0.2,100.0,0.5,5.0,1024,43,SECOND,0.1667465505221892,0.30000007152557373,4,"[0.1667465505221892, 0.0833732752610946, 0.0833732752610946]","{""1,0"": 0.0833732752610946, ""2,0"": 0.0833732752610946, ""2,1"": 0.0}",0,1,2.0,1,True,True,True,
sensitivity,outlier,"{""accel_mag"": 0.3}",0.2,100.0,0.5,5.0,1024,44,SECOND,0.1667465351890187,0.30000004172325134,4,"[0.1667465351890187, 0.08337326759450935, 0.08337326759450935]","{""1,0"": 0.08337326759450935, ""2,0"": 0.08337326759450935, ""2,1"": 0.0}",0,1,2.0,1,True,True,True,
sensitivity,outlier,"{""accel_mag"": 0.3}",0.2,100.0,1.0,1.0,1024,42,SECOND,0.1767120158125664,0.30000007152557373,4,"[0.1767120158125664, 0.0883560079062832, 0.0883560079062832]","{""1,0"": 0.0883560079062832, ""2,0"": 0.0883560079062832, ""2,1"": 0.0}",0,1,2.0,1,True,True,True,
sensitivity,outlier,"{""accel_mag"": 0.3}",0.2,100.0,1.0,1.0,1024,43,SECOND,0.1767120158125664,0.30000007152557373,4,"[0.1767120158125664, 0.0883560079062832, 0.0883560079062832]","{""1,0"": 0.0883560079062832, ""2,0"": 0.0883560079062832, ""2,1"": 0.0}",0,1,2.0,1,True,True,True,
sensitivity,outlier,"{""accel_mag"": 0.3}",0.2,100.0,1.0,1.0,1024,44,SECOND,0.1767119986852948,0.30000004172325134,4,"[0.1767119986852948, 0.0883559993426474, 0.0883559993426474]","{""1,0"": 0.0883559993426474, ""2,0"": 0.0883559993426474, ""2,1"": 0.0}",0,1,2.0,1,True,True,True,
sensitivity,outlier,"{""accel_mag"": 0.3}",0.2,100.0,1.0,3.0,1024,42,SECOND,0.1767119986852948,0.30000004172325134,4,"[0.1767119986852948, 0.0883559993426474, 0.0883559993426474]","{""1,0"": 0.0883559993426474, ""2,0"": 0.0883559993426474, ""2,1"": 0.0}",0,1,2.0,1,True,True,True,
sensitivity,outlier,"{""accel_mag"": 0.3}",0.2,100.0,1.0,3.0,1024,43,SECOND,0.1767120158125664,0.30000007152557373,4,"[0.1767120158125664, 0.0883560079062832, 0.0883560079062832]","{""1,0"": 0.0883560079062832, ""2,0"": 0.0883560079062832, ""2,1"": 0.0}",0,1,2.0,1,True,True,True,
sensitivity,outlier,"{""accel_mag"": 0.3}",0.2,100.0,1.0,3.0,1024,44,SECOND,0.1767119986852948,0.30000004172325134,4,"[0.1767119986852948, 0.0883559993426474, 0.0883559993426474]","{""1,0"": 0.0883559993426474, ""2,0"": 0.0883559993426474, ""2,1"": 0.0}",0,1,2.0,1,True,True,True,
sensitivity,outlier,"{""accel_mag"": 0.3}",0.2,100.0,1.0,5.0,1024,42,SECOND,0.1767120158125664,0.30000007152557373,4,"[0.1767120158125664, 0.0883560079062832, 0.0883560079062832]","{""1,0"": 0.0883560079062832, ""2,0"": 0.0883560079062832, ""2,1"": 0.0}",0,1,2.0,1,True,True,True,
sensitivity,outlier,"{""accel_mag"": 0.3}",0.2,100.0,1.0,5.0,1024,43,SECOND,0.1767120158125664,0.30000007152557373,4,"[0.1767120158125664, 0.0883560079062832, 0.0883560079062832]","{""1,0"": 0.0883560079062832, ""2,0"": 0.0883560079062832, ""2,1"": 0.0}",0,1,2.0,1,True,True,True,
sensitivity,outlier,"{""accel_mag"": 0.3}",0.2,100.0,1.0,5.0,1024,44,SECOND,0.1767119986852948,0.30000004172325134,4,"[0.1767119986852948, 0.0883559993426474, 0.0883559993426474]","{""1,0"": 0.0883559993426474, ""2,0"": 0.0883559993426474, ""2,1"": 0.0}",0,1,2.0,1,True,True,True,
sensitivity,outlier,"{""accel_mag"": 0.3}",0.2,200.0,0.25,1.0,1024,42,SECOND,0.14051569388752183,0.30000007152557373,4,"[0.14051569388752183, 0.07025784694376092, 0.07025784694376092]","{""1,0"": 0.07025784694376092, ""2,0"": 0.07025784694376092, ""2,1"": 0.0}",0,1,2.0,1,True,True,True,
sensitivity,outlier,"{""accel_mag"": 0.3}",0.2,200.0,0.25,1.0,1024,43,SECOND,0.14051569388752183,0.30000007152557373,4,"[0.14051569388752183, 0.07025784694376092, 0.07025784694376092]","{""1,0"": 0.07025784694376092, ""2,0"": 0.07025784694376092, ""2,1"": 0.0}",0,1,2.0,1,True,True,True,
sensitivity,outlier,"{""accel_mag"": 0.3}",0.2,200.0,0.25,1.0,1024,44,SECOND,0.14051568244013185,0.30000004172325134,4,"[0.14051568244013185, 0.07025784122006593, 0.07025784122006593]","{""1,0"": 0.07025784122006593, ""2,0"": 0.07025784122006593, ""2,1"": 0.0}",0,1,2.0,1,True,True,True,
sensitivity,outlier,"{""accel_mag"": 0.3}",0.2,200.0,0.25,3.0,1024,42,SECOND,0.14051568244013185,0.30000004172325134,4,"[0.14051568244013185, 0.07025784122006593, 0.07025784122006593]","{""1,0"": 0.07025784122006593, ""2,0"": 0.07025784122006593, ""2,1"": 0.0}",0,1,2.0,1,True,True,True,
sensitivity,outlier,"{""accel_mag"": 0.3}",0.2,200.0,0.25,3.0,1024,43,SECOND,0.14051569388752183,0.30000007152557373,4,"[0.14051569388752183, 0.07025784694376092, 0.07025784694376092]","{""1,0"": 0.07025784694376092, ""2,0"": 0.07025784694376092, ""2,1"": 0.0}",0,1,2.0,1,True,True,True,
sensitivity,outlier,"{""accel_mag"": 0.3}",0.2,200.0,0.25,3.0,1024,44,SECOND,0.14051568244013185,0.30000004172325134,4,"[0.14051568244013185, 0.07025784122006593, 0.07025784122006593]","{""1,0"": 0.07025784122006593, ""2,0"": 0.07025784122006593, ""2,1"": 0.0}",0,1,2.0,1,True,True,True,
sensitivity,outlier,"{""accel_mag"": 0.3}",0.2,200.0,0.25,5.0,1024,42,SECOND,0.14051569388752183,0.30000007152557373,4,"[0.14051569388752183, 0.07025784694376092, 0.07025784694376092]","{""1,0"": 0.07025784694376092, ""2,0"": 0.07025784694376092, ""2,1"": 0.0}",0,1,2.0,1,True,True,True,
sensitivity,outlier,"{""accel_mag"": 0.3}",0.2,200.0,0.25,5.0,1024,43,SECOND,0.14051569388752183,0.30000007152557373,4,"[0.14051569388752183, 0.07025784694376092, 0.07025784694376092]","{""1,0"": 0.07025784694376092, ""2,0"": 0.07025784694376092, ""2,1"": 0.0}",0,1,2.0,1,True,True,True,
sensitivity,outlier,"{""accel_mag"": 0.3}",0.2,200.0,0.25,5.0,1024,44,SECOND,0.14051568244013185,0.30000004172325134,4,"[0.14051568244013185, 0.07025784122006593, 0.07025784122006593]","{""1,0"": 0.07025784122006593, ""2,0"": 0.07025784122006593, ""2,1"": 0.0}",0,1,2.0,1,True,True,True,
sensitivity,outlier,"{""accel_mag"": 0.3}",0.2,200.0,0.5,1.0,1024,42,SECOND,0.16619417891713575,0.30000007152557373,4,"[0.16619417891713575, 0.08309708945856788, 0.08309708945856788]","{""1,0"": 0.08309708945856788, ""2,0"": 0.08309708945856788, ""2,1"": 0.0}",0,1,2.0,1,True,True,True,
sensitivity,outlier,"{""accel_mag"": 0.3}",0.2,200.0,0.5,1.0,1024,43,SECOND,0.16619417891713575,0.30000007152557373,4,"[0.16619417891713575, 0.08309708945856788, 0.08309708945856788]","{""1,0"": 0.08309708945856788, ""2,0"": 0.08309708945856788, ""2,1"": 0.0}",0,1,2.0,1,True,True,True,
sensitivity,outlier,"{""accel_mag"": 0.3}",0.2,200.0,0.5,1.0,1024,44,SECOND,0.16619416358396524,0.30000004172325134,4,"[0.16619416358396524, 0.08309708179198262, 0.08309708179198262]","{""1,0"": 0.08309708179198262, ""2,0"": 0.08309708179198262, ""2,1"": 0.0}",0,1,2.0,1,True,True,True,
sensitivity,outlier,"{""accel_mag"": 0.3}",0.2,200.0,0.5,3.0,1024,42,SECOND,0.16619416358396524,0.30000004172325134,4,"[0.16619416358396524, 0.08309708179198262, 0.08309708179198262]","{""1,0"": 0.08309708179198262, ""2,0"": 0.08309708179198262, ""2,1"": 0.0}",0,1,2.0,1,True,True,True,
sensitivity,outlier,"{""accel_mag"": 0.3}",0.2,200.0,0.5,3.0,1024,43,SECOND,0.16619417891713575,0.30000007152557373,4,"[0.16619417891713575, 0.08309708945856788, 0.08309708945856788]","{""1,0"": 0.08309708945856788, ""2,0"": 0.08309708945856788, ""2,1"": 0.0}",0,1,2.0,1,True,True,True,
sensitivity,outlier,"{""accel_mag"": 0.3}",0.2,200.0,0.5,3.0,1024,44,SECOND,0.16619416358396524,0.30000004172325134,4,"[0.16619416358396524, 0.08309708179198262, 0.08309708179198262]","{""1,0"": 0.08309708179198262, ""2,0"": 0.08309708179198262, ""2,1"": 0.0}",0,1,2.0,1,True,True,True,
sensitivity,outlier,"{""accel_mag"": 0.3}",0.2,200.0,0.5,5.0,1024,42,SECOND,0.16619417891713575,0.30000007152557373,4,"[0.16619417891713575, 0.08309708945856788, 0.08309708945856788]","{""1,0"": 0.08309708945856788, ""2,0"": 0.08309708945856788, ""2,1"": 0.0}",0,1,2.0,1,True,True,True,
sensitivity,outlier,"{""accel_mag"": 0.3}",0.2,200.0,0.5,5.0,1024,43,SECOND,0.16619417891713575,0.30000007152557373,4,"[0.16619417891713575, 0.08309708945856788, 0.08309708945856788]","{""1,0"": 0.08309708945856788, ""2,0"": 0.08309708945856788, ""2,1"": 0.0}",0,1,2.0,1,True,True,True,
sensitivity,outlier,"{""accel_mag"": 0.3}",0.2,200.0,0.5,5.0,1024,44,SECOND,0.16619416358396524,0.30000004172325134,4,"[0.16619416358396524, 0.08309708179198262, 0.08309708179198262]","{""1,0"": 0.08309708179198262, ""2,0"": 0.08309708179198262, ""2,1"": 0.0}",0,1,2.0,1,True,True,True,
sensitivity,outlier,"{""accel_mag"": 0.3}",0.2,200.0,1.0,1.0,1024,42,SECOND,0.1761266321928387,0.30000007152557373,4,"[0.1761266321928387, 0.08806331609641935, 0.08806331609641935]","{""1,0"": 0.08806331609641935, ""2,0"": 0.08806331609641935, ""2,1"": 0.0}",0,1,2.0,1,True,True,True,
sensitivity,outlier,"{""accel_mag"": 0.3}",0.2,200.0,1.0,1.0,1024,43,SECOND,0.1761266321928387,0.30000007152557373,4,"[0.1761266321928387, 0.08806331609641935, 0.08806331609641935]","{""1,0"": 0.08806331609641935, ""2,0"": 0.08806331609641935, ""2,1"": 0.0}",0,1,2.0,1,True,True,True,
sensitivity,outlier,"{""accel_mag"": 0.3}",0.2,200.0,1.0,1.0,1024,44,SECOND,0.1761266150655671,0.30000004172325134,4,"[0.1761266150655671, 0.08806330753278355, 0.08806330753278355]","{""1,0"": 0.08806330753278355, ""2,0"": 0.08806330753278355, ""2,1"": 0.0}",0,1,2.0,1,True,True,True,
sensitivity,outlier,"{""accel_mag"": 0.3}",0.2,200.0,1.0,3.0,1024,42,SECOND,0.1761266150655671,0.30000004172325134,4,"[0.1761266150655671, 0.08806330753278355, 0.08806330753278355]","{""1,0"": 0.08806330753278355, ""2,0"": 0.08806330753278355, ""2,1"": 0.0}",0,1,2.0,1,True,True,True,
sensitivity,outlier,"{""accel_mag"": 0.3}",0.2,200.0,1.0,3.0,1024,43,SECOND,0.1761266321928387,0.30000007152557373,4,"[0.1761266321928387, 0.08806331609641935, 0.08806331609641935]","{""1,0"": 0.08806331609641935, ""2,0"": 0.08806331609641935, ""2,1"": 0.0}",0,1,2.0,1,True,True,True,
sensitivity,outlier,"{""accel_mag"": 0.3}",0.2,200.0,1.0,3.0,1024,44,SECOND,0.1761266150655671,0.30000004172325134,4,"[0.1761266150655671, 0.08806330753278355, 0.08806330753278355]","{""1,0"": 0.08806330753278355, ""2,0"": 0.08806330753278355, ""2,1"": 0.0}",0,1,2.0,1,True,True,True,
sensitivity,outlier,"{""accel_mag"": 0.3}",0.2,200.0,1.0,5.0,1024,42,SECOND,0.1761266321928387,0.30000007152557373,4,"[0.1761266321928387, 0.08806331609641935, 0.08806331609641935]","{""1,0"": 0.08806331609641935, ""2,0"": 0.08806331609641935, ""2,1"": 0.0}",0,1,2.0,1,True,True,True,
sensitivity,outlier,"{""accel_mag"": 0.3}",0.2,200.0,1.0,5.0,1024,43,SECOND,0.1761266321928387,0.30000007152557373,4,"[0.1761266321928387, 0.08806331609641935, 0.08806331609641935]","{""1,0"": 0.08806331609641935, ""2,0"": 0.08806331609641935, ""2,1"": 0.0}",0,1,2.0,1,True,True,True,
sensitivity,outlier,"{""accel_mag"": 0.3}",0.2,200.0,1.0,5.0,1024,44,SECOND,0.1761266150655671,0.30000004172325134,4,"[0.1761266150655671, 0.08806330753278355, 0.08806330753278355]","{""1,0"": 0.08806330753278355, ""2,0"": 0.08806330753278355, ""2,1"": 0.0}",0,1,2.0,1,True,True,True,
sensitivity,outlier,"{""accel_mag"": 0.3}",0.2,500.0,0.25,1.0,1024,42,SECOND,0.14051250440161028,0.30000007152557373,4,"[0.14051250440161028, 0.07025625220080514, 0.07025625220080514]","{""1,0"": 0.07025625220080514, ""2,0"": 0.07025625220080514, ""2,1"": 0.0}",0,1,2.0,1,True,True,True,
sensitivity,outlier,"{""accel_mag"": 0.3}",0.2,500.0,0.25,1.0,1024,43,SECOND,0.14051250440161028,0.30000007152557373,4,"[0.14051250440161028, 0.07025625220080514, 0.07025625220080514]","{""1,0"": 0.07025625220080514, ""2,0"": 0.07025625220080514, ""2,1"": 0.0}",0,1,2.0,1,True,True,True,
sensitivity,outlier,"{""accel_mag"": 0.3}",0.2,500.0,0.25,1.0,1024,44,SECOND,0.14051249295422027,0.30000004172325134,4,"[0.14051249295422027, 0.07025624647711014, 0.07025624647711014]","{""1,0"": 0.07025624647711014, ""2,0"": 0.07025624647711014, ""2,1"": 0.0}",0,1,2.0,1,True,True,True,
sensitivity,outlier,"{""accel_mag"": 0.3}",0.2,500.0,0.25,3.0,1024,42,SECOND,0.14051249295422027,0.30000004172325134,4,"[0.14051249295422027, 0.07025624647711014, 0.07025624647711014]","{""1,0"": 0.07025624647711014, ""2,0"": 0.07025624647711014, ""2,1"": 0.0}",0,1,2.0,1,True,True,True,
sensitivity,outlier,"{""accel_mag"": 0.3}",0.2,500.0,0.25,3.0,1024,43,SECOND,0.14051250440161028,0.30000007152557373,4,"[0.14051250440161028, 0.07025625220080514, 0.07025625220080514]","{""1,0"": 0.07025625220080514, ""2,0"": 0.07025625220080514, ""2,1"": 0.0}",0,1,2.0,1,True,True,True,
sensitivity,outlier,"{""accel_mag"": 0.3}",0.2,500.0,0.25,3.0,1024,44,SECOND,0.14051249295422027,0.30000004172325134,4,"[0.14051249295422027, 0.07025624647711014, 0.07025624647711014]","{""1,0"": 0.07025624647711014, ""2,0"": 0.07025624647711014, ""2,1"": 0.0}",0,1,2.0,1,True,True,True,
sensitivity,outlier,"{""accel_mag"": 0.3}",0.2,500.0,0.25,5.0,1024,42,SECOND,0.14051250440161028,0.30000007152557373,4,"[0.14051250440161028, 0.07025625220080514, 0.07025625220080514]","{""1,0"": 0.07025625220080514, ""2,0"": 0.07025625220080514, ""2,1"": 0.0}",0,1,2.0,1,True,True,True,
sensitivity,outlier,"{""accel_mag"": 0.3}",0.2,500.0,0.25,5.0,1024,43,SECOND,0.14051250440161028,0.30000007152557373,4,"[0.14051250440161028, 0.07025625220080514, 0.07025625220080514]","{""1,0"": 0.07025625220080514, ""2,0"": 0.07025625220080514, ""2,1"": 0.0}",0,1,2.0,1,True,True,True,
sensitivity,outlier,"{""accel_mag"": 0.3}",0.2,500.0,0.25,5.0,1024,44,SECOND,0.14051249295422027,0.30000004172325134,4,"[0.14051249295422027, 0.07025624647711014, 0.07025624647711014]","{""1,0"": 0.07025624647711014, ""2,0"": 0.07025624647711014, ""2,1"": 0.0}",0,1,2.0,1,True,True,True,
sensitivity,outlier,"{""accel_mag"": 0.3}",0.2,500.0,0.5,1.0,1024,42,SECOND,0.16619040656992062,0.30000007152557373,4,"[0.16619040656992062, 0.08309520328496031, 0.08309520328496031]","{""1,0"": 0.08309520328496031, ""2,0"": 0.08309520328496031, ""2,1"": 0.0}",0,1,2.0,1,True,True,True,
sensitivity,outlier,"{""accel_mag"": 0.3}",0.2,500.0,0.5,1.0,1024,43,SECOND,0.16619040656992062,0.30000007152557373,4,"[0.16619040656992062, 0.08309520328496031, 0.08309520328496031]","{""1,0"": 0.08309520328496031, ""2,0"": 0.08309520328496031, ""2,1"": 0.0}",0,1,2.0,1,True,True,True,
sensitivity,outlier,"{""accel_mag"": 0.3}",0.2,500.0,0.5,1.0,1024,44,SECOND,0.1661903912367501,0.30000004172325134,4,"[0.1661903912367501, 0.08309519561837506, 0.08309519561837506]","{""1,0"": 0.08309519561837506, ""2,0"": 0.08309519561837506, ""2,1"": 0.0}",0,1,2.0,1,True,True,True,
sensitivity,outlier,"{""accel_mag"": 0.3}",0.2,500.0,0.5,3.0,1024,42,SECOND,0.1661903912367501,0.30000004172325134,4,"[0.1661903912367501, 0.08309519561837506, 0.08309519561837506]","{""1,0"": 0.08309519561837506, ""2,0"": 0.08309519561837506, ""2,1"": 0.0}",0,1,2.0,1,True,True,True,
sensitivity,outlier,"{""accel_mag"": 0.3}",0.2,500.0,0.5,3.0,1024,43,SECOND,0.16619040656992062,0.30000007152557373,4,"[0.16619040656992062, 0.08309520328496031, 0.08309520328496031]","{""1,0"": 0.08309520328496031, ""2,0"": 0.08309520328496031, ""2,1"": 0.0}",0,1,2.0,1,True,True,True,
sensitivity,outlier,"{""accel_mag"": 0.3}",0.2,500.0,0.5,3.0,1024,44,SECOND,0.1661903912367501,0.30000004172325134,4,"[0.1661903912367501, 0.08309519561837506, 0.08309519561837506]","{""1,0"": 0.08309519561837506, ""2,0"": 0.08309519561837506, ""2,1"": 0.0}",0,1,2.0,1,True,True,True,
sensitivity,outlier,"{""accel_mag"": 0.3}",0.2,500.0,0.5,5.0,1024,42,SECOND,0.16619040656992062,0.30000007152557373,4,"[0.16619040656992062, 0.08309520328496031, 0.08309520328496031]","{""1,0"": 0.08309520328496031, ""2,0"": 0.08309520328496031, ""2,1"": 0.0}",0,1,2.0,1,True,True,True,
sensitivity,outlier,"{""accel_mag"": 0.3}",0.2,500.0,0.5,5.0,1024,43,SECOND,0.16619040656992062,0.30000007152557373,4,"[0.16619040656992062, 0.08309520328496031, 0.08309520328496031]","{""1,0"": 0.08309520328496031, ""2,0"": 0.08309520328496031, ""2,1"": 0.0}",0,1,2.0,1,True,True,True,
sensitivity,outlier,"{""accel_mag"": 0.3}",0.2,500.0,0.5,5.0,1024,44,SECOND,0.1661903912367501,0.30000004172325134,4,"[0.1661903912367501, 0.08309519561837506, 0.08309519561837506]","{""1,0"": 0.08309519561837506, ""2,0"": 0.08309519561837506, ""2,1"": 0.0}",0,1,2.0,1,True,True,True,
sensitivity,outlier,"{""accel_mag"": 0.3}",0.2,500.0,1.0,1.0,1024,42,SECOND,0.17612263439453144,0.30000007152557373,4,"[0.17612263439453144, 0.08806131719726572, 0.08806131719726572]","{""1,0"": 0.08806131719726572, ""2,0"": 0.08806131719726572, ""2,1"": 0.0}",0,1,2.0,1,True,True,True,
sensitivity,outlier,"{""accel_mag"": 0.3}",0.2,500.0,1.0,1.0,1024,43,SECOND,0.17612263439453144,0.30000007152557373,4,"[0.17612263439453144, 0.08806131719726572, 0.08806131719726572]","{""1,0"": 0.08806131719726572, ""2,0"": 0.08806131719726572, ""2,1"": 0.0}",0,1,2.0,1,True,True,True,
sensitivity,outlier,"{""accel_mag"": 0.3}",0.2,500.0,1.0,1.0,1024,44,SECOND,0.17612261726725983,0.30000004172325134,4,"[0.17612261726725983, 0.08806130863362992, 0.08806130863362992]","{""1,0"": 0.08806130863362992, ""2,0"": 0.08806130863362992, ""2,1"": 0.0}",0,1,2.0,1,True,True,True,
sensitivity,outlier,"{""accel_mag"": 0.3}",0.2,500.0,1.0,3.0,1024,42,SECOND,0.17612261726725983,0.30000004172325134,4,"[0.17612261726725983, 0.08806130863362992, 0.08806130863362992]","{""1,0"": 0.08806130863362992, ""2,0"": 0.08806130863362992, ""2,1"": 0.0}",0,1,2.0,1,True,True,True,
sensitivity,outlier,"{""accel_mag"": 0.3}",0.2,500.0,1.0,3.0,1024,43,SECOND,0.17612263439453144,0.30000007152557373,4,"[0.17612263439453144, 0.08806131719726572, 0.08806131719726572]","{""1,0"": 0.08806131719726572, ""2,0"": 0.08806131719726572, ""2,1"": 0.0}",0,1,2.0,1,True,True,True,
sensitivity,outlier,"{""accel_mag"": 0.3}",0.2,500.0,1.0,3.0,1024,44,SECOND,0.17612261726725983,0.30000004172325134,4,"[0.17612261726725983, 0.08806130863362992, 0.08806130863362992]","{""1,0"": 0.08806130863362992, ""2,0"": 0.08806130863362992, ""2,1"": 0.0}",0,1,2.0,1,True,True,True,
sensitivity,outlier,"{""accel_mag"": 0.3}",0.2,500.0,1.0,5.0,1024,42,SECOND,0.17612263439453144,0.30000007152557373,4,"[0.17612263439453144, 0.08806131719726572, 0.08806131719726572]","{""1,0"": 0.08806131719726572, ""2,0"": 0.08806131719726572, ""2,1"": 0.0}",0,1,2.0,1,True,True,True,
sensitivity,outlier,"{""accel_mag"": 0.3}",0.2,500.0,1.0,5.0,1024,43,SECOND,0.17612263439453144,0.30000007152557373,4,"[0.17612263439453144, 0.08806131719726572, 0.08806131719726572]","{""1,0"": 0.08806131719726572, ""2,0"": 0.08806131719726572, ""2,1"": 0.0}",0,1,2.0,1,True,True,True,
sensitivity,outlier,"{""accel_mag"": 0.3}",0.2,500.0,1.0,5.0,1024,44,SECOND,0.17612261726725983,0.30000004172325134,4,"[0.17612261726725983, 0.08806130863362992, 0.08806130863362992]","{""1,0"": 0.08806130863362992, ""2,0"": 0.08806130863362992, ""2,1"": 0.0}",0,1,2.0,1,True,True,True,
sensitivity,eos_truncation,"{""accel_mag"": 0.3, ""k_eos"": 2, ""outer_family"": ""outlier""}",0.05,100.0,0.25,1.0,1024,42,SECOND,0.0702530555264778,0.30000007152557373,2,"[0.0702530555264778, 0.0351265277632389, 0.0351265277632389]","{""1,0"": 0.0351265277632389, ""2,0"": 0.0351265277632389, ""2,1"": 0.0}",0,1,2.0,1,True,True,True,
sensitivity,eos_truncation,"{""accel_mag"": 0.3, ""k_eos"": 2, ""outer_family"": ""outlier""}",0.05,100.0,0.25,1.0,1024,43,SECOND,0.0702530555264778,0.30000007152557373,2,"[0.0702530555264778, 0.0351265277632389, 0.0351265277632389]","{""1,0"": 0.0351265277632389, ""2,0"": 0.0351265277632389, ""2,1"": 0.0}",0,1,2.0,1,True,True,True,
sensitivity,eos_truncation,"{""accel_mag"": 0.3, ""k_eos"": 2, ""outer_family"": ""outlier""}",0.05,100.0,0.25,1.0,1024,44,SECOND,0.0702530555264778,0.30000004172325134,2,"[0.0702530555264778, 0.0351265277632389, 0.0351265277632389]","{""1,0"": 0.0351265277632389, ""2,0"": 0.0351265277632389, ""2,1"": 0.0}",0,1,2.0,1,True,True,True,
sensitivity,eos_truncation,"{""accel_mag"": 0.3, ""k_eos"": 2, ""outer_family"": ""outlier""}",0.05,100.0,0.25,3.0,1024,42,SECOND,0.0702530555264778,0.30000004172325134,2,"[0.0702530555264778, 0.0351265277632389, 0.0351265277632389]","{""1,0"": 0.0351265277632389, ""2,0"": 0.0351265277632389, ""2,1"": 0.0}",0,1,2.0,1,True,True,True,
sensitivity,eos_truncation,"{""accel_mag"": 0.3, ""k_eos"": 2, ""outer_family"": ""outlier""}",0.05,100.0,0.25,3.0,1024,43,SECOND,0.0702530555264778,0.30000007152557373,2,"[0.0702530555264778, 0.0351265277632389, 0.0351265277632389]","{""1,0"": 0.0351265277632389, ""2,0"": 0.0351265277632389, ""2,1"": 0.0}",0,1,2.0,1,True,True,True,
sensitivity,eos_truncation,"{""accel_mag"": 0.3, ""k_eos"": 2, ""outer_family"": ""outlier""}",0.05,100.0,0.25,3.0,1024,44,SECOND,0.0702530555264778,0.30000004172325134,2,"[0.0702530555264778, 0.0351265277632389, 0.0351265277632389]","{""1,0"": 0.0351265277632389, ""2,0"": 0.0351265277632389, ""2,1"": 0.0}",0,1,2.0,1,True,True,True,
sensitivity,eos_truncation,"{""accel_mag"": 0.3, ""k_eos"": 2, ""outer_family"": ""outlier""}",0.05,100.0,0.25,5.0,1024,42,SECOND,0.0702530555264778,0.30000007152557373,2,"[0.0702530555264778, 0.0351265277632389, 0.0351265277632389]","{""1,0"": 0.0351265277632389, ""2,0"": 0.0351265277632389, ""2,1"": 0.0}",0,1,2.0,1,True,True,True,
sensitivity,eos_truncation,"{""accel_mag"": 0.3, ""k_eos"": 2, ""outer_family"": ""outlier""}",0.05,100.0,0.25,5.0,1024,43,SECOND,0.0702530555264778,0.30000007152557373,2,"[0.0702530555264778, 0.0351265277632389, 0.0351265277632389]","{""1,0"": 0.0351265277632389, ""2,0"": 0.0351265277632389, ""2,1"": 0.0}",0,1,2.0,1,True,True,True,
sensitivity,eos_truncation,"{""accel_mag"": 0.3, ""k_eos"": 2, ""outer_family"": ""outlier""}",0.05,100.0,0.25,5.0,1024,44,SECOND,0.0702530555264778,0.30000004172325134,2,"[0.0702530555264778, 0.0351265277632389, 0.0351265277632389]","{""1,0"": 0.0351265277632389, ""2,0"": 0.0351265277632389, ""2,1"": 0.0}",0,1,2.0,1,True,True,True,
sensitivity,eos_truncation,"{""accel_mag"": 0.3, ""k_eos"": 2, ""outer_family"": ""outlier""}",0.05,100.0,0.5,1.0,1024,42,SECOND,0.08309142153876903,0.30000007152557373,2,"[0.08309142153876903, 0.041545710769384514, 0.041545710769384514]","{""1,0"": 0.041545710769384514, ""2,0"": 0.041545710769384514, ""2,1"": 0.0}",0,1,2.0,1,True,True,True,
sensitivity,eos_truncation,"{""accel_mag"": 0.3, ""k_eos"": 2, ""outer_family"": ""outlier""}",0.05,100.0,0.5,1.0,1024,43,SECOND,0.08309142153876903,0.30000007152557373,2,"[0.08309142153876903, 0.041545710769384514, 0.041545710769384514]","{""1,0"": 0.041545710769384514, ""2,0"": 0.041545710769384514, ""2,1"": 0.0}",0,1,2.0,1,True,True,True,
sensitivity,eos_truncation,"{""accel_mag"": 0.3, ""k_eos"": 2, ""outer_family"": ""outlier""}",0.05,100.0,0.5,1.0,1024,44,SECOND,0.08309142153876903,0.30000004172325134,2,"[0.08309142153876903, 0.041545710769384514, 0.041545710769384514]","{""1,0"": 0.041545710769384514, ""2,0"": 0.041545710769384514, ""2,1"": 0.0}",0,1,2.0,1,True,True,True,
sensitivity,eos_truncation,"{""accel_mag"": 0.3, ""k_eos"": 2, ""outer_family"": ""outlier""}",0.05,100.0,0.5,3.0,1024,42,SECOND,0.08309142153876903,0.30000004172325134,2,"[0.08309142153876903, 0.041545710769384514, 0.041545710769384514]","{""1,0"": 0.041545710769384514, ""2,0"": 0.041545710769384514, ""2,1"": 0.0}",0,1,2.0,1,True,True,True,
sensitivity,eos_truncation,"{""accel_mag"": 0.3, ""k_eos"": 2, ""outer_family"": ""outlier""}",0.05,100.0,0.5,3.0,1024,43,SECOND,0.08309142153876903,0.30000007152557373,2,"[0.08309142153876903, 0.041545710769384514, 0.041545710769384514]","{""1,0"": 0.041545710769384514, ""2,0"": 0.041545710769384514, ""2,1"": 0.0}",0,1,2.0,1,True,True,True,
sensitivity,eos_truncation,"{""accel_mag"": 0.3, ""k_eos"": 2, ""outer_family"": ""outlier""}",0.05,100.0,0.5,3.0,1024,44,SECOND,0.08309142153876903,0.30000004172325134,2,"[0.08309142153876903, 0.041545710769384514, 0.041545710769384514]","{""1,0"": 0.041545710769384514, ""2,0"": 0.041545710769384514, ""2,1"": 0.0}",0,1,2.0,1,True,True,True,
sensitivity,eos_truncation,"{""accel_mag"": 0.3, ""k_eos"": 2, ""outer_family"": ""outlier""}",0.05,100.0,0.5,5.0,1024,42,SECOND,0.08309142153876903,0.30000007152557373,2,"[0.08309142153876903, 0.041545710769384514, 0.041545710769384514]","{""1,0"": 0.041545710769384514, ""2,0"": 0.041545710769384514, ""2,1"": 0.0}",0,1,2.0,1,True,True,True,
sensitivity,eos_truncation,"{""accel_mag"": 0.3, ""k_eos"": 2, ""outer_family"": ""outlier""}",0.05,100.0,0.5,5.0,1024,43,SECOND,0.08309142153876903,0.30000007152557373,2,"[0.08309142153876903, 0.041545710769384514, 0.041545710769384514]","{""1,0"": 0.041545710769384514, ""2,0"": 0.041545710769384514, ""2,1"": 0.0}",0,1,2.0,1,True,True,True,
sensitivity,eos_truncation,"{""accel_mag"": 0.3, ""k_eos"": 2, ""outer_family"": ""outlier""}",0.05,100.0,0.5,5.0,1024,44,SECOND,0.08309142153876903,0.30000004172325134,2,"[0.08309142153876903, 0.041545710769384514, 0.041545710769384514]","{""1,0"": 0.041545710769384514, ""2,0"": 0.041545710769384514, ""2,1"": 0.0}",0,1,2.0,1,True,True,True,
sensitivity,eos_truncation,"{""accel_mag"": 0.3, ""k_eos"": 2, ""outer_family"": ""outlier""}",0.05,100.0,1.0,1.0,1024,42,SECOND,0.08805730899939665,0.30000007152557373,2,"[0.08805730899939665, 0.044028654499698325, 0.044028654499698325]","{""1,0"": 0.044028654499698325, ""2,0"": 0.044028654499698325, ""2,1"": 0.0}",0,1,2.0,1,True,True,True,
sensitivity,eos_truncation,"{""accel_mag"": 0.3, ""k_eos"": 2, ""outer_family"": ""outlier""}",0.05,100.0,1.0,1.0,1024,43,SECOND,0.08805730899939665,0.30000007152557373,2,"[0.08805730899939665, 0.044028654499698325, 0.044028654499698325]","{""1,0"": 0.044028654499698325, ""2,0"": 0.044028654499698325, ""2,1"": 0.0}",0,1,2.0,1,True,True,True,
sensitivity,eos_truncation,"{""accel_mag"": 0.3, ""k_eos"": 2, ""outer_family"": ""outlier""}",0.05,100.0,1.0,1.0,1024,44,SECOND,0.08805730899939665,0.30000004172325134,2,"[0.08805730899939665, 0.044028654499698325, 0.044028654499698325]","{""1,0"": 0.044028654499698325, ""2,0"": 0.044028654499698325, ""2,1"": 0.0}",0,1,2.0,1,True,True,True,
sensitivity,eos_truncation,"{""accel_mag"": 0.3, ""k_eos"": 2, ""outer_family"": ""outlier""}",0.05,100.0,1.0,3.0,1024,42,SECOND,0.08805730899939665,0.30000004172325134,2,"[0.08805730899939665, 0.044028654499698325, 0.044028654499698325]","{""1,0"": 0.044028654499698325, ""2,0"": 0.044028654499698325, ""2,1"": 0.0}",0,1,2.0,1,True,True,True,
sensitivity,eos_truncation,"{""accel_mag"": 0.3, ""k_eos"": 2, ""outer_family"": ""outlier""}",0.05,100.0,1.0,3.0,1024,43,SECOND,0.08805730899939665,0.30000007152557373,2,"[0.08805730899939665, 0.044028654499698325, 0.044028654499698325]","{""1,0"": 0.044028654499698325, ""2,0"": 0.044028654499698325, ""2,1"": 0.0}",0,1,2.0,1,True,True,True,
sensitivity,eos_truncation,"{""accel_mag"": 0.3, ""k_eos"": 2, ""outer_family"": ""outlier""}",0.05,100.0,1.0,3.0,1024,44,SECOND,0.08805730899939665,0.30000004172325134,2,"[0.08805730899939665, 0.044028654499698325, 0.044028654499698325]","{""1,0"": 0.044028654499698325, ""2,0"": 0.044028654499698325, ""2,1"": 0.0}",0,1,2.0,1,True,True,True,
sensitivity,eos_truncation,"{""accel_mag"": 0.3, ""k_eos"": 2, ""outer_family"": ""outlier""}",0.05,100.0,1.0,5.0,1024,42,SECOND,0.08805730899939665,0.30000007152557373,2,"[0.08805730899939665, 0.044028654499698325, 0.044028654499698325]","{""1,0"": 0.044028654499698325, ""2,0"": 0.044028654499698325, ""2,1"": 0.0}",0,1,2.0,1,True,True,True,
sensitivity,eos_truncation,"{""accel_mag"": 0.3, ""k_eos"": 2, ""outer_family"": ""outlier""}",0.05,100.0,1.0,5.0,1024,43,SECOND,0.08805730899939665,0.30000007152557373,2,"[0.08805730899939665, 0.044028654499698325, 0.044028654499698325]","{""1,0"": 0.044028654499698325, ""2,0"": 0.044028654499698325, ""2,1"": 0.0}",0,1,2.0,1,True,True,True,
sensitivity,eos_truncation,"{""accel_mag"": 0.3, ""k_eos"": 2, ""outer_family"": ""outlier""}",0.05,100.0,1.0,5.0,1024,44,SECOND,0.08805730899939665,0.30000004172325134,2,"[0.08805730899939665, 0.044028654499698325, 0.044028654499698325]","{""1,0"": 0.044028654499698325, ""2,0"": 0.044028654499698325, ""2,1"": 0.0}",0,1,2.0,1,True,True,True,
sensitivity,eos_truncation,"{""accel_mag"": 0.3, ""k_eos"": 2, ""outer_family"": ""outlier""}",0.05,200.0,0.25,1.0,1024,42,SECOND,0.07025624647662204,0.30000007152557373,2,"[0.07025624647662204, 0.03512812323831102, 0.03512812323831102]","{""1,0"": 0.03512812323831102, ""2,0"": 0.03512812323831102, ""2,1"": 0.0}",0,1,2.0,1,True,True,True,
sensitivity,eos_truncation,"{""accel_mag"": 0.3, ""k_eos"": 2, ""outer_family"": ""outlier""}",0.05,200.0,0.25,1.0,1024,43,SECOND,0.07025624647662204,0.30000007152557373,2,"[0.07025624647662204, 0.03512812323831102, 0.03512812323831102]","{""1,0"": 0.03512812323831102, ""2,0"": 0.03512812323831102, ""2,1"": 0.0}",0,1,2.0,1,True,True,True,
sensitivity,eos_truncation,"{""accel_mag"": 0.3, ""k_eos"": 2, ""outer_family"": ""outlier""}",0.05,200.0,0.25,1.0,1024,44,SECOND,0.07025624647662204,0.30000004172325134,2,"[0.07025624647662204, 0.03512812323831102, 0.03512812323831102]","{""1,0"": 0.03512812323831102, ""2,0"": 0.03512812323831102, ""2,1"": 0.0}",0,1,2.0,1,True,True,True,
sensitivity,eos_truncation,"{""accel_mag"": 0.3, ""k_eos"": 2, ""outer_family"": ""outlier""}",0.05,200.0,0.25,3.0,1024,42,SECOND,0.07025624647662204,0.30000004172325134,2,"[0.07025624647662204, 0.03512812323831102, 0.03512812323831102]","{""1,0"": 0.03512812323831102, ""2,0"": 0.03512812323831102, ""2,1"": 0.0}",0,1,2.0,1,True,True,True,
sensitivity,eos_truncation,"{""accel_mag"": 0.3, ""k_eos"": 2, ""outer_family"": ""outlier""}",0.05,200.0,0.25,3.0,1024,43,SECOND,0.07025624647662204,0.30000007152557373,2,"[0.07025624647662204, 0.03512812323831102, 0.03512812323831102]","{""1,0"": 0.03512812323831102, ""2,0"": 0.03512812323831102, ""2,1"": 0.0}",0,1,2.0,1,True,True,True,
sensitivity,eos_truncation,"{""accel_mag"": 0.3, ""k_eos"": 2, ""outer_family"": ""outlier""}",0.05,200.0,0.25,3.0,1024,44,SECOND,0.07025624647662204,0.30000004172325134,2,"[0.07025624647662204, 0.03512812323831102, 0.03512812323831102]","{""1,0"": 0.03512812323831102, ""2,0"": 0.03512812323831102, ""2,1"": 0.0}",0,1,2.0,1,True,True,True,
sensitivity,eos_truncation,"{""accel_mag"": 0.3, ""k_eos"": 2, ""outer_family"": ""outlier""}",0.05,200.0,0.25,5.0,1024,42,SECOND,0.07025624647662204,0.30000007152557373,2,"[0.07025624647662204, 0.03512812323831102, 0.03512812323831102]","{""1,0"": 0.03512812323831102, ""2,0"": 0.03512812323831102, ""2,1"": 0.0}",0,1,2.0,1,True,True,True,
sensitivity,eos_truncation,"{""accel_mag"": 0.3, ""k_eos"": 2, ""outer_family"": ""outlier""}",0.05,200.0,0.25,5.0,1024,43,SECOND,0.07025624647662204,0.30000007152557373,2,"[0.07025624647662204, 0.03512812323831102, 0.03512812323831102]","{""1,0"": 0.03512812323831102, ""2,0"": 0.03512812323831102, ""2,1"": 0.0}",0,1,2.0,1,True,True,True,
sensitivity,eos_truncation,"{""accel_mag"": 0.3, ""k_eos"": 2, ""outer_family"": ""outlier""}",0.05,200.0,0.25,5.0,1024,44,SECOND,0.07025624647662204,0.30000004172325134,2,"[0.07025624647662204, 0.03512812323831102, 0.03512812323831102]","{""1,0"": 0.03512812323831102, ""2,0"": 0.03512812323831102, ""2,1"": 0.0}",0,1,2.0,1,True,True,True,
sensitivity,eos_truncation,"{""accel_mag"": 0.3, ""k_eos"": 2, ""outer_family"": ""outlier""}",0.05,200.0,0.5,1.0,1024,42,SECOND,0.08309519561779743,0.30000007152557373,2,"[0.08309519561779743, 0.04154759780889872, 0.04154759780889872]","{""1,0"": 0.04154759780889872, ""2,0"": 0.04154759780889872, ""2,1"": 0.0}",0,1,2.0,1,True,True,True,
sensitivity,eos_truncation,"{""accel_mag"": 0.3, ""k_eos"": 2, ""outer_family"": ""outlier""}",0.05,200.0,0.5,1.0,1024,43,SECOND,0.08309519561779743,0.30000007152557373,2,"[0.08309519561779743, 0.04154759780889872, 0.04154759780889872]","{""1,0"": 0.04154759780889872, ""2,0"": 0.04154759780889872, ""2,1"": 0.0}",0,1,2.0,1,True,True,True,
sensitivity,eos_truncation,"{""accel_mag"": 0.3, ""k_eos"": 2, ""outer_family"": ""outlier""}",0.05,200.0,0.5,1.0,1024,44,SECOND,0.08309519561779743,0.30000004172325134,2,"[0.08309519561779743, 0.04154759780889872, 0.04154759780889872]","{""1,0"": 0.04154759780889872, ""2,0"": 0.04154759780889872, ""2,1"": 0.0}",0,1,2.0,1,True,True,True,
sensitivity,eos_truncation,"{""accel_mag"": 0.3, ""k_eos"": 2, ""outer_family"": ""outlier""}",0.05,200.0,0.5,3.0,1024,42,SECOND,0.08309519561779743,0.30000004172325134,2,"[0.08309519561779743, 0.04154759780889872, 0.04154759780889872]","{""1,0"": 0.04154759780889872, ""2,0"": 0.04154759780889872, ""2,1"": 0.0}",0,1,2.0,1,True,True,True,
sensitivity,eos_truncation,"{""accel_mag"": 0.3, ""k_eos"": 2, ""outer_family"": ""outlier""}",0.05,200.0,0.5,3.0,1024,43,SECOND,0.08309519561779743,0.30000007152557373,2,"[0.08309519561779743, 0.04154759780889872, 0.04154759780889872]","{""1,0"": 0.04154759780889872, ""2,0"": 0.04154759780889872, ""2,1"": 0.0}",0,1,2.0,1,True,True,True,
sensitivity,eos_truncation,"{""accel_mag"": 0.3, ""k_eos"": 2, ""outer_family"": ""outlier""}",0.05,200.0,0.5,3.0,1024,44,SECOND,0.08309519561779743,0.30000004172325134,2,"[0.08309519561779743, 0.04154759780889872, 0.04154759780889872]","{""1,0"": 0.04154759780889872, ""2,0"": 0.04154759780889872, ""2,1"": 0.0}",0,1,2.0,1,True,True,True,
sensitivity,eos_truncation,"{""accel_mag"": 0.3, ""k_eos"": 2, ""outer_family"": ""outlier""}",0.05,200.0,0.5,5.0,1024,42,SECOND,0.08309519561779743,0.30000007152557373,2,"[0.08309519561779743, 0.04154759780889872, 0.04154759780889872]","{""1,0"": 0.04154759780889872, ""2,0"": 0.04154759780889872, ""2,1"": 0.0}",0,1,2.0,1,True,True,True,
sensitivity,eos_truncation,"{""accel_mag"": 0.3, ""k_eos"": 2, ""outer_family"": ""outlier""}",0.05,200.0,0.5,5.0,1024,43,SECOND,0.08309519561779743,0.30000007152557373,2,"[0.08309519561779743, 0.04154759780889872, 0.04154759780889872]","{""1,0"": 0.04154759780889872, ""2,0"": 0.04154759780889872, ""2,1"": 0.0}",0,1,2.0,1,True,True,True,
sensitivity,eos_truncation,"{""accel_mag"": 0.3, ""k_eos"": 2, ""outer_family"": ""outlier""}",0.05,200.0,0.5,5.0,1024,44,SECOND,0.08309519561779743,0.30000004172325134,2,"[0.08309519561779743, 0.04154759780889872, 0.04154759780889872]","{""1,0"": 0.04154759780889872, ""2,0"": 0.04154759780889872, ""2,1"": 0.0}",0,1,2.0,1,True,True,True,
sensitivity,eos_truncation,"{""accel_mag"": 0.3, ""k_eos"": 2, ""outer_family"": ""outlier""}",0.05,200.0,1.0,1.0,1024,42,SECOND,0.08806130863301753,0.30000007152557373,2,"[0.08806130863301753, 0.044030654316508766, 0.044030654316508766]","{""1,0"": 0.044030654316508766, ""2,0"": 0.044030654316508766, ""2,1"": 0.0}",0,1,2.0,1,True,True,True,
sensitivity,eos_truncation,"{""accel_mag"": 0.3, ""k_eos"": 2, ""outer_family"": ""outlier""}",0.05,200.0,1.0,1.0,1024,43,SECOND,0.08806130863301753,0.30000007152557373,2,"[0.08806130863301753, 0.044030654316508766, 0.044030654316508766]","{""1,0"": 0.044030654316508766, ""2,0"": 0.044030654316508766, ""2,1"": 0.0}",0,1,2.0,1,True,True,True,
sensitivity,eos_truncation,"{""accel_mag"": 0.3, ""k_eos"": 2, ""outer_family"": ""outlier""}",0.05,200.0,1.0,1.0,1024,44,SECOND,0.08806130863301753,0.30000004172325134,2,"[0.08806130863301753, 0.044030654316508766, 0.044030654316508766]","{""1,0"": 0.044030654316508766, ""2,0"": 0.044030654316508766, ""2,1"": 0.0}",0,1,2.0,1,True,True,True,
sensitivity,eos_truncation,"{""accel_mag"": 0.3, ""k_eos"": 2, ""outer_family"": ""outlier""}",0.05,200.0,1.0,3.0,1024,42,SECOND,0.08806130863301753,0.30000004172325134,2,"[0.08806130863301753, 0.044030654316508766, 0.044030654316508766]","{""1,0"": 0.044030654316508766, ""2,0"": 0.044030654316508766, ""2,1"": 0.0}",0,1,2.0,1,True,True,True,
sensitivity,eos_truncation,"{""accel_mag"": 0.3, ""k_eos"": 2, ""outer_family"": ""outlier""}",0.05,200.0,1.0,3.0,1024,43,SECOND,0.08806130863301753,0.30000007152557373,2,"[0.08806130863301753, 0.044030654316508766, 0.044030654316508766]","{""1,0"": 0.044030654316508766, ""2,0"": 0.044030654316508766, ""2,1"": 0.0}",0,1,2.0,1,True,True,True,
sensitivity,eos_truncation,"{""accel_mag"": 0.3, ""k_eos"": 2, ""outer_family"": ""outlier""}",0.05,200.0,1.0,3.0,1024,44,SECOND,0.08806130863301753,0.30000004172325134,2,"[0.08806130863301753, 0.044030654316508766, 0.044030654316508766]","{""1,0"": 0.044030654316508766, ""2,0"": 0.044030654316508766, ""2,1"": 0.0}",0,1,2.0,1,True,True,True,
sensitivity,eos_truncation,"{""accel_mag"": 0.3, ""k_eos"": 2, ""outer_family"": ""outlier""}",0.05,200.0,1.0,5.0,1024,42,SECOND,0.08806130863301753,0.30000007152557373,2,"[0.08806130863301753, 0.044030654316508766, 0.044030654316508766]","{""1,0"": 0.044030654316508766, ""2,0"": 0.044030654316508766, ""2,1"": 0.0}",0,1,2.0,1,True,True,True,
sensitivity,eos_truncation,"{""accel_mag"": 0.3, ""k_eos"": 2, ""outer_family"": ""outlier""}",0.05,200.0,1.0,5.0,1024,43,SECOND,0.08806130863301753,0.30000007152557373,2,"[0.08806130863301753, 0.044030654316508766, 0.044030654316508766]","{""1,0"": 0.044030654316508766, ""2,0"": 0.044030654316508766, ""2,1"": 0.0}",0,1,2.0,1,True,True,True,
sensitivity,eos_truncation,"{""accel_mag"": 0.3, ""k_eos"": 2, ""outer_family"": ""outlier""}",0.05,200.0,1.0,5.0,1024,44,SECOND,0.08806130863301753,0.30000004172325134,2,"[0.08806130863301753, 0.044030654316508766, 0.044030654316508766]","{""1,0"": 0.044030654316508766, ""2,0"": 0.044030654316508766, ""2,1"": 0.0}",0,1,2.0,1,True,True,True,
sensitivity,eos_truncation,"{""accel_mag"": 0.3, ""k_eos"": 2, ""outer_family"": ""outlier""}",0.05,500.0,0.25,1.0,1024,42,SECOND,0.07025624647662204,0.30000007152557373,2,"[0.07025624647662204, 0.03512812323831102, 0.03512812323831102]","{""1,0"": 0.03512812323831102, ""2,0"": 0.03512812323831102, ""2,1"": 0.0}",0,1,2.0,1,True,True,True,
sensitivity,eos_truncation,"{""accel_mag"": 0.3, ""k_eos"": 2, ""outer_family"": ""outlier""}",0.05,500.0,0.25,1.0,1024,43,SECOND,0.07025624647662204,0.30000007152557373,2,"[0.07025624647662204, 0.03512812323831102, 0.03512812323831102]","{""1,0"": 0.03512812323831102, ""2,0"": 0.03512812323831102, ""2,1"": 0.0}",0,1,2.0,1,True,True,True,
sensitivity,eos_truncation,"{""accel_mag"": 0.3, ""k_eos"": 2, ""outer_family"": ""outlier""}",0.05,500.0,0.25,1.0,1024,44,SECOND,0.07025624647662204,0.30000004172325134,2,"[0.07025624647662204, 0.03512812323831102, 0.03512812323831102]","{""1,0"": 0.03512812323831102, ""2,0"": 0.03512812323831102, ""2,1"": 0.0}",0,1,2.0,1,True,True,True,
sensitivity,eos_truncation,"{""accel_mag"": 0.3, ""k_eos"": 2, ""outer_family"": ""outlier""}",0.05,500.0,0.25,3.0,1024,42,SECOND,0.07025624647662204,0.30000004172325134,2,"[0.07025624647662204, 0.03512812323831102, 0.03512812323831102]","{""1,0"": 0.03512812323831102, ""2,0"": 0.03512812323831102, ""2,1"": 0.0}",0,1,2.0,1,True,True,True,
sensitivity,eos_truncation,"{""accel_mag"": 0.3, ""k_eos"": 2, ""outer_family"": ""outlier""}",0.05,500.0,0.25,3.0,1024,43,SECOND,0.07025624647662204,0.30000007152557373,2,"[0.07025624647662204, 0.03512812323831102, 0.03512812323831102]","{""1,0"": 0.03512812323831102, ""2,0"": 0.03512812323831102, ""2,1"": 0.0}",0,1,2.0,1,True,True,True,
sensitivity,eos_truncation,"{""accel_mag"": 0.3, ""k_eos"": 2, ""outer_family"": ""outlier""}",0.05,500.0,0.25,3.0,1024,44,SECOND,0.07025624647662204,0.30000004172325134,2,"[0.07025624647662204, 0.03512812323831102, 0.03512812323831102]","{""1,0"": 0.03512812323831102, ""2,0"": 0.03512812323831102, ""2,1"": 0.0}",0,1,2.0,1,True,True,True,
sensitivity,eos_truncation,"{""accel_mag"": 0.3, ""k_eos"": 2, ""outer_family"": ""outlier""}",0.05,500.0,0.25,5.0,1024,42,SECOND,0.07025624647662204,0.30000007152557373,2,"[0.07025624647662204, 0.03512812323831102, 0.03512812323831102]","{""1,0"": 0.03512812323831102, ""2,0"": 0.03512812323831102, ""2,1"": 0.0}",0,1,2.0,1,True,True,True,
sensitivity,eos_truncation,"{""accel_mag"": 0.3, ""k_eos"": 2, ""outer_family"": ""outlier""}",0.05,500.0,0.25,5.0,1024,43,SECOND,0.07025624647662204,0.30000007152557373,2,"[0.07025624647662204, 0.03512812323831102, 0.03512812323831102]","{""1,0"": 0.03512812323831102, ""2,0"": 0.03512812323831102, ""2,1"": 0.0}",0,1,2.0,1,True,True,True,
sensitivity,eos_truncation,"{""accel_mag"": 0.3, ""k_eos"": 2, ""outer_family"": ""outlier""}",0.05,500.0,0.25,5.0,1024,44,SECOND,0.07025624647662204,0.30000004172325134,2,"[0.07025624647662204, 0.03512812323831102, 0.03512812323831102]","{""1,0"": 0.03512812323831102, ""2,0"": 0.03512812323831102, ""2,1"": 0.0}",0,1,2.0,1,True,True,True,
sensitivity,eos_truncation,"{""accel_mag"": 0.3, ""k_eos"": 2, ""outer_family"": ""outlier""}",0.05,500.0,0.5,1.0,1024,42,SECOND,0.08309519561779743,0.30000007152557373,2,"[0.08309519561779743, 0.04154759780889872, 0.04154759780889872]","{""1,0"": 0.04154759780889872, ""2,0"": 0.04154759780889872, ""2,1"": 0.0}",0,1,2.0,1,True,True,True,
sensitivity,eos_truncation,"{""accel_mag"": 0.3, ""k_eos"": 2, ""outer_family"": ""outlier""}",0.05,500.0,0.5,1.0,1024,43,SECOND,0.08309519561779743,0.30000007152557373,2,"[0.08309519561779743, 0.04154759780889872, 0.04154759780889872]","{""1,0"": 0.04154759780889872, ""2,0"": 0.04154759780889872, ""2,1"": 0.0}",0,1,2.0,1,True,True,True,
sensitivity,eos_truncation,"{""accel_mag"": 0.3, ""k_eos"": 2, ""outer_family"": ""outlier""}",0.05,500.0,0.5,1.0,1024,44,SECOND,0.08309519561779743,0.30000004172325134,2,"[0.08309519561779743, 0.04154759780889872, 0.04154759780889872]","{""1,0"": 0.04154759780889872, ""2,0"": 0.04154759780889872, ""2,1"": 0.0}",0,1,2.0,1,True,True,True,
sensitivity,eos_truncation,"{""accel_mag"": 0.3, ""k_eos"": 2, ""outer_family"": ""outlier""}",0.05,500.0,0.5,3.0,1024,42,SECOND,0.08309519561779743,0.30000004172325134,2,"[0.08309519561779743, 0.04154759780889872, 0.04154759780889872]","{""1,0"": 0.04154759780889872, ""2,0"": 0.04154759780889872, ""2,1"": 0.0}",0,1,2.0,1,True,True,True,
sensitivity,eos_truncation,"{""accel_mag"": 0.3, ""k_eos"": 2, ""outer_family"": ""outlier""}",0.05,500.0,0.5,3.0,1024,43,SECOND,0.08309519561779743,0.30000007152557373,2,"[0.08309519561779743, 0.04154759780889872, 0.04154759780889872]","{""1,0"": 0.04154759780889872, ""2,0"": 0.04154759780889872, ""2,1"": 0.0}",0,1,2.0,1,True,True,True,
sensitivity,eos_truncation,"{""accel_mag"": 0.3, ""k_eos"": 2, ""outer_family"": ""outlier""}",0.05,500.0,0.5,3.0,1024,44,SECOND,0.08309519561779743,0.30000004172325134,2,"[0.08309519561779743, 0.04154759780889872, 0.04154759780889872]","{""1,0"": 0.04154759780889872, ""2,0"": 0.04154759780889872, ""2,1"": 0.0}",0,1,2.0,1,True,True,True,
sensitivity,eos_truncation,"{""accel_mag"": 0.3, ""k_eos"": 2, ""outer_family"": ""outlier""}",0.05,500.0,0.5,5.0,1024,42,SECOND,0.08309519561779743,0.30000007152557373,2,"[0.08309519561779743, 0.04154759780889872, 0.04154759780889872]","{""1,0"": 0.04154759780889872, ""2,0"": 0.04154759780889872, ""2,1"": 0.0}",0,1,2.0,1,True,True,True,
sensitivity,eos_truncation,"{""accel_mag"": 0.3, ""k_eos"": 2, ""outer_family"": ""outlier""}",0.05,500.0,0.5,5.0,1024,43,SECOND,0.08309519561779743,0.30000007152557373,2,"[0.08309519561779743, 0.04154759780889872, 0.04154759780889872]","{""1,0"": 0.04154759780889872, ""2,0"": 0.04154759780889872, ""2,1"": 0.0}",0,1,2.0,1,True,True,True,
sensitivity,eos_truncation,"{""accel_mag"": 0.3, ""k_eos"": 2, ""outer_family"": ""outlier""}",0.05,500.0,0.5,5.0,1024,44,SECOND,0.08309519561779743,0.30000004172325134,2,"[0.08309519561779743, 0.04154759780889872, 0.04154759780889872]","{""1,0"": 0.04154759780889872, ""2,0"": 0.04154759780889872, ""2,1"": 0.0}",0,1,2.0,1,True,True,True,
sensitivity,eos_truncation,"{""accel_mag"": 0.3, ""k_eos"": 2, ""outer_family"": ""outlier""}",0.05,500.0,1.0,1.0,1024,42,SECOND,0.08806130863301753,0.30000007152557373,2,"[0.08806130863301753, 0.044030654316508766, 0.044030654316508766]","{""1,0"": 0.044030654316508766, ""2,0"": 0.044030654316508766, ""2,1"": 0.0}",0,1,2.0,1,True,True,True,
sensitivity,eos_truncation,"{""accel_mag"": 0.3, ""k_eos"": 2, ""outer_family"": ""outlier""}",0.05,500.0,1.0,1.0,1024,43,SECOND,0.08806130863301753,0.30000007152557373,2,"[0.08806130863301753, 0.044030654316508766, 0.044030654316508766]","{""1,0"": 0.044030654316508766, ""2,0"": 0.044030654316508766, ""2,1"": 0.0}",0,1,2.0,1,True,True,True,
sensitivity,eos_truncation,"{""accel_mag"": 0.3, ""k_eos"": 2, ""outer_family"": ""outlier""}",0.05,500.0,1.0,1.0,1024,44,SECOND,0.08806130863301753,0.30000004172325134,2,"[0.08806130863301753, 0.044030654316508766, 0.044030654316508766]","{""1,0"": 0.044030654316508766, ""2,0"": 0.044030654316508766, ""2,1"": 0.0}",0,1,2.0,1,True,True,True,
sensitivity,eos_truncation,"{""accel_mag"": 0.3, ""k_eos"": 2, ""outer_family"": ""outlier""}",0.05,500.0,1.0,3.0,1024,42,SECOND,0.08806130863301753,0.30000004172325134,2,"[0.08806130863301753, 0.044030654316508766, 0.044030654316508766]","{""1,0"": 0.044030654316508766, ""2,0"": 0.044030654316508766, ""2,1"": 0.0}",0,1,2.0,1,True,True,True,
sensitivity,eos_truncation,"{""accel_mag"": 0.3, ""k_eos"": 2, ""outer_family"": ""outlier""}",0.05,500.0,1.0,3.0,1024,43,SECOND,0.08806130863301753,0.30000007152557373,2,"[0.08806130863301753, 0.044030654316508766, 0.044030654316508766]","{""1,0"": 0.044030654316508766, ""2,0"": 0.044030654316508766, ""2,1"": 0.0}",0,1,2.0,1,True,True,True,
sensitivity,eos_truncation,"{""accel_mag"": 0.3, ""k_eos"": 2, ""outer_family"": ""outlier""}",0.05,500.0,1.0,3.0,1024,44,SECOND,0.08806130863301753,0.30000004172325134,2,"[0.08806130863301753, 0.044030654316508766, 0.044030654316508766]","{""1,0"": 0.044030654316508766, ""2,0"": 0.044030654316508766, ""2,1"": 0.0}",0,1,2.0,1,True,True,True,
sensitivity,eos_truncation,"{""accel_mag"": 0.3, ""k_eos"": 2, ""outer_family"": ""outlier""}",0.05,500.0,1.0,5.0,1024,42,SECOND,0.08806130863301753,0.30000007152557373,2,"[0.08806130863301753, 0.044030654316508766, 0.044030654316508766]","{""1,0"": 0.044030654316508766, ""2,0"": 0.044030654316508766, ""2,1"": 0.0}",0,1,2.0,1,True,True,True,
sensitivity,eos_truncation,"{""accel_mag"": 0.3, ""k_eos"": 2, ""outer_family"": ""outlier""}",0.05,500.0,1.0,5.0,1024,43,SECOND,0.08806130863301753,0.30000007152557373,2,"[0.08806130863301753, 0.044030654316508766, 0.044030654316508766]","{""1,0"": 0.044030654316508766, ""2,0"": 0.044030654316508766, ""2,1"": 0.0}",0,1,2.0,1,True,True,True,
sensitivity,eos_truncation,"{""accel_mag"": 0.3, ""k_eos"": 2, ""outer_family"": ""outlier""}",0.05,500.0,1.0,5.0,1024,44,SECOND,0.08806130863301753,0.30000004172325134,2,"[0.08806130863301753, 0.044030654316508766, 0.044030654316508766]","{""1,0"": 0.044030654316508766, ""2,0"": 0.044030654316508766, ""2,1"": 0.0}",0,1,2.0,1,True,True,True,
sensitivity,eos_truncation,"{""accel_mag"": 0.3, ""k_eos"": 2, ""outer_family"": ""outlier""}",0.1,100.0,0.25,1.0,1024,42,SECOND,0.06978603359099665,0.30000007152557373,2,"[0.06978603359099665, 0.034893016795498326, 0.034893016795498326]","{""1,0"": 0.034893016795498326, ""2,0"": 0.034893016795498326, ""2,1"": 0.0}",0,1,2.0,1,True,True,True,
sensitivity,eos_truncation,"{""accel_mag"": 0.3, ""k_eos"": 2, ""outer_family"": ""outlier""}",0.1,100.0,0.25,1.0,1024,43,SECOND,0.06978603359099665,0.30000007152557373,2,"[0.06978603359099665, 0.034893016795498326, 0.034893016795498326]","{""1,0"": 0.034893016795498326, ""2,0"": 0.034893016795498326, ""2,1"": 0.0}",0,1,2.0,1,True,True,True,
sensitivity,eos_truncation,"{""accel_mag"": 0.3, ""k_eos"": 2, ""outer_family"": ""outlier""}",0.1,100.0,0.25,1.0,1024,44,SECOND,0.06978603359099665,0.30000004172325134,2,"[0.06978603359099665, 0.034893016795498326, 0.034893016795498326]","{""1,0"": 0.034893016795498326, ""2,0"": 0.034893016795498326, ""2,1"": 0.0}",0,1,2.0,1,True,True,True,
sensitivity,eos_truncation,"{""accel_mag"": 0.3, ""k_eos"": 2, ""outer_family"": ""outlier""}",0.1,100.0,0.25,3.0,1024,42,SECOND,0.06978603359099665,0.30000004172325134,2,"[0.06978603359099665, 0.034893016795498326, 0.034893016795498326]","{""1,0"": 0.034893016795498326, ""2,0"": 0.034893016795498326, ""2,1"": 0.0}",0,1,2.0,1,True,True,True,
sensitivity,eos_truncation,"{""accel_mag"": 0.3, ""k_eos"": 2, ""outer_family"": ""outlier""}",0.1,100.0,0.25,3.0,1024,43,SECOND,0.06978603359099665,0.30000007152557373,2,"[0.06978603359099665, 0.034893016795498326, 0.034893016795498326]","{""1,0"": 0.034893016795498326, ""2,0"": 0.034893016795498326, ""2,1"": 0.0}",0,1,2.0,1,True,True,True,
sensitivity,eos_truncation,"{""accel_mag"": 0.3, ""k_eos"": 2, ""outer_family"": ""outlier""}",0.1,100.0,0.25,3.0,1024,44,SECOND,0.06978603359099665,0.30000004172325134,2,"[0.06978603359099665, 0.034893016795498326, 0.034893016795498326]","{""1,0"": 0.034893016795498326, ""2,0"": 0.034893016795498326, ""2,1"": 0.0}",0,1,2.0,1,True,True,True,
sensitivity,eos_truncation,"{""accel_mag"": 0.3, ""k_eos"": 2, ""outer_family"": ""outlier""}",0.1,100.0,0.25,5.0,1024,42,SECOND,0.06978603359099665,0.30000007152557373,2,"[0.06978603359099665, 0.034893016795498326, 0.034893016795498326]","{""1,0"": 0.034893016795498326, ""2,0"": 0.034893016795498326, ""2,1"": 0.0}",0,1,2.0,1,True,True,True,
sensitivity,eos_truncation,"{""accel_mag"": 0.3, ""k_eos"": 2, ""outer_family"": ""outlier""}",0.1,100.0,0.25,5.0,1024,43,SECOND,0.06978603359099665,0.30000007152557373,2,"[0.06978603359099665, 0.034893016795498326, 0.034893016795498326]","{""1,0"": 0.034893016795498326, ""2,0"": 0.034893016795498326, ""2,1"": 0.0}",0,1,2.0,1,True,True,True,
sensitivity,eos_truncation,"{""accel_mag"": 0.3, ""k_eos"": 2, ""outer_family"": ""outlier""}",0.1,100.0,0.25,5.0,1024,44,SECOND,0.06978603359099665,0.30000004172325134,2,"[0.06978603359099665, 0.034893016795498326, 0.034893016795498326]","{""1,0"": 0.034893016795498326, ""2,0"": 0.034893016795498326, ""2,1"": 0.0}",0,1,2.0,1,True,True,True,
sensitivity,eos_truncation,"{""accel_mag"": 0.3, ""k_eos"": 2, ""outer_family"": ""outlier""}",0.1,100.0,0.5,1.0,1024,42,SECOND,0.08253905386994513,0.30000007152557373,2,"[0.08253905386994513, 0.041269526934972565, 0.041269526934972565]","{""1,0"": 0.041269526934972565, ""2,0"": 0.041269526934972565, ""2,1"": 0.0}",0,1,2.0,1,True,True,True,
sensitivity,eos_truncation,"{""accel_mag"": 0.3, ""k_eos"": 2, ""outer_family"": ""outlier""}",0.1,100.0,0.5,1.0,1024,43,SECOND,0.08253905386994513,0.30000007152557373,2,"[0.08253905386994513, 0.041269526934972565, 0.041269526934972565]","{""1,0"": 0.041269526934972565, ""2,0"": 0.041269526934972565, ""2,1"": 0.0}",0,1,2.0,1,True,True,True,
sensitivity,eos_truncation,"{""accel_mag"": 0.3, ""k_eos"": 2, ""outer_family"": ""outlier""}",0.1,100.0,0.5,1.0,1024,44,SECOND,0.08253905386994513,0.30000004172325134,2,"[0.08253905386994513, 0.041269526934972565, 0.041269526934972565]","{""1,0"": 0.041269526934972565, ""2,0"": 0.041269526934972565, ""2,1"": 0.0}",0,1,2.0,1,True,True,True,
sensitivity,eos_truncation,"{""accel_mag"": 0.3, ""k_eos"": 2, ""outer_family"": ""outlier""}",0.1,100.0,0.5,3.0,1024,42,SECOND,0.08253905386994513,0.30000004172325134,2,"[0.08253905386994513, 0.041269526934972565, 0.041269526934972565]","{""1,0"": 0.041269526934972565, ""2,0"": 0.041269526934972565, ""2,1"": 0.0}",0,1,2.0,1,True,True,True,
sensitivity,eos_truncation,"{""accel_mag"": 0.3, ""k_eos"": 2, ""outer_family"": ""outlier""}",0.1,100.0,0.5,3.0,1024,43,SECOND,0.08253905386994513,0.30000007152557373,2,"[0.08253905386994513, 0.041269526934972565, 0.041269526934972565]","{""1,0"": 0.041269526934972565, ""2,0"": 0.041269526934972565, ""2,1"": 0.0}",0,1,2.0,1,True,True,True,
sensitivity,eos_truncation,"{""accel_mag"": 0.3, ""k_eos"": 2, ""outer_family"": ""outlier""}",0.1,100.0,0.5,3.0,1024,44,SECOND,0.08253905386994513,0.30000004172325134,2,"[0.08253905386994513, 0.041269526934972565, 0.041269526934972565]","{""1,0"": 0.041269526934972565, ""2,0"": 0.041269526934972565, ""2,1"": 0.0}",0,1,2.0,1,True,True,True,
sensitivity,eos_truncation,"{""accel_mag"": 0.3, ""k_eos"": 2, ""outer_family"": ""outlier""}",0.1,100.0,0.5,5.0,1024,42,SECOND,0.08253905386994513,0.30000007152557373,2,"[0.08253905386994513, 0.041269526934972565, 0.041269526934972565]","{""1,0"": 0.041269526934972565, ""2,0"": 0.041269526934972565, ""2,1"": 0.0}",0,1,2.0,1,True,True,True,
sensitivity,eos_truncation,"{""accel_mag"": 0.3, ""k_eos"": 2, ""outer_family"": ""outlier""}",0.1,100.0,0.5,5.0,1024,43,SECOND,0.08253905386994513,0.30000007152557373,2,"[0.08253905386994513, 0.041269526934972565, 0.041269526934972565]","{""1,0"": 0.041269526934972565, ""2,0"": 0.041269526934972565, ""2,1"": 0.0}",0,1,2.0,1,True,True,True,
sensitivity,eos_truncation,"{""accel_mag"": 0.3, ""k_eos"": 2, ""outer_family"": ""outlier""}",0.1,100.0,0.5,5.0,1024,44,SECOND,0.08253905386994513,0.30000004172325134,2,"[0.08253905386994513, 0.041269526934972565, 0.041269526934972565]","{""1,0"": 0.041269526934972565, ""2,0"": 0.041269526934972565, ""2,1"": 0.0}",0,1,2.0,1,True,True,True,
sensitivity,eos_truncation,"{""accel_mag"": 0.3, ""k_eos"": 2, ""outer_family"": ""outlier""}",0.1,100.0,1.0,1.0,1024,42,SECOND,0.0874719295511439,0.30000007152557373,2,"[0.0874719295511439, 0.04373596477557195, 0.04373596477557195]","{""1,0"": 0.04373596477557195, ""2,0"": 0.04373596477557195, ""2,1"": 0.0}",0,1,2.0,1,True,True,True,
sensitivity,eos_truncation,"{""accel_mag"": 0.3, ""k_eos"": 2, ""outer_family"": ""outlier""}",0.1,100.0,1.0,1.0,1024,43,SECOND,0.0874719295511439,0.30000007152557373,2,"[0.0874719295511439, 0.04373596477557195, 0.04373596477557195]","{""1,0"": 0.04373596477557195, ""2,0"": 0.04373596477557195, ""2,1"": 0.0}",0,1,2.0,1,True,True,True,
sensitivity,eos_truncation,"{""accel_mag"": 0.3, ""k_eos"": 2, ""outer_family"": ""outlier""}",0.1,100.0,1.0,1.0,1024,44,SECOND,0.0874719295511439,0.30000004172325134,2,"[0.0874719295511439, 0.04373596477557195, 0.04373596477557195]","{""1,0"": 0.04373596477557195, ""2,0"": 0.04373596477557195, ""2,1"": 0.0}",0,1,2.0,1,True,True,True,
sensitivity,eos_truncation,"{""accel_mag"": 0.3, ""k_eos"": 2, ""outer_family"": ""outlier""}",0.1,100.0,1.0,3.0,1024,42,SECOND,0.0874719295511439,0.30000004172325134,2,"[0.0874719295511439, 0.04373596477557195, 0.04373596477557195]","{""1,0"": 0.04373596477557195, ""2,0"": 0.04373596477557195, ""2,1"": 0.0}",0,1,2.0,1,True,True,True,
sensitivity,eos_truncation,"{""accel_mag"": 0.3, ""k_eos"": 2, ""outer_family"": ""outlier""}",0.1,100.0,1.0,3.0,1024,43,SECOND,0.0874719295511439,0.30000007152557373,2,"[0.0874719295511439, 0.04373596477557195, 0.04373596477557195]","{""1,0"": 0.04373596477557195, ""2,0"": 0.04373596477557195, ""2,1"": 0.0}",0,1,2.0,1,True,True,True,
sensitivity,eos_truncation,"{""accel_mag"": 0.3, ""k_eos"": 2, ""outer_family"": ""outlier""}",0.1,100.0,1.0,3.0,1024,44,SECOND,0.0874719295511439,0.30000004172325134,2,"[0.0874719295511439, 0.04373596477557195, 0.04373596477557195]","{""1,0"": 0.04373596477557195, ""2,0"": 0.04373596477557195, ""2,1"": 0.0}",0,1,2.0,1,True,True,True,
sensitivity,eos_truncation,"{""accel_mag"": 0.3, ""k_eos"": 2, ""outer_family"": ""outlier""}",0.1,100.0,1.0,5.0,1024,42,SECOND,0.0874719295511439,0.30000007152557373,2,"[0.0874719295511439, 0.04373596477557195, 0.04373596477557195]","{""1,0"": 0.04373596477557195, ""2,0"": 0.04373596477557195, ""2,1"": 0.0}",0,1,2.0,1,True,True,True,
sensitivity,eos_truncation,"{""accel_mag"": 0.3, ""k_eos"": 2, ""outer_family"": ""outlier""}",0.1,100.0,1.0,5.0,1024,43,SECOND,0.0874719295511439,0.30000007152557373,2,"[0.0874719295511439, 0.04373596477557195, 0.04373596477557195]","{""1,0"": 0.04373596477557195, ""2,0"": 0.04373596477557195, ""2,1"": 0.0}",0,1,2.0,1,True,True,True,
sensitivity,eos_truncation,"{""accel_mag"": 0.3, ""k_eos"": 2, ""outer_family"": ""outlier""}",0.1,100.0,1.0,5.0,1024,44,SECOND,0.0874719295511439,0.30000004172325134,2,"[0.0874719295511439, 0.04373596477557195, 0.04373596477557195]","{""1,0"": 0.04373596477557195, ""2,0"": 0.04373596477557195, ""2,1"": 0.0}",0,1,2.0,1,True,True,True,
sensitivity,eos_truncation,"{""accel_mag"": 0.3, ""k_eos"": 2, ""outer_family"": ""outlier""}",0.1,200.0,0.25,1.0,1024,42,SECOND,0.0702530555264778,0.30000007152557373,2,"[0.0702530555264778, 0.0351265277632389, 0.0351265277632389]","{""1,0"": 0.0351265277632389, ""2,0"": 0.0351265277632389, ""2,1"": 0.0}",0,1,2.0,1,True,True,True,
sensitivity,eos_truncation,"{""accel_mag"": 0.3, ""k_eos"": 2, ""outer_family"": ""outlier""}",0.1,200.0,0.25,1.0,1024,43,SECOND,0.0702530555264778,0.30000007152557373,2,"[0.0702530555264778, 0.0351265277632389, 0.0351265277632389]","{""1,0"": 0.0351265277632389, ""2,0"": 0.0351265277632389, ""2,1"": 0.0}",0,1,2.0,1,True,True,True,
sensitivity,eos_truncation,"{""accel_mag"": 0.3, ""k_eos"": 2, ""outer_family"": ""outlier""}",0.1,200.0,0.25,1.0,1024,44,SECOND,0.0702530555264778,0.30000004172325134,2,"[0.0702530555264778, 0.0351265277632389, 0.0351265277632389]","{""1,0"": 0.0351265277632389, ""2,0"": 0.0351265277632389, ""2,1"": 0.0}",0,1,2.0,1,True,True,True,
sensitivity,eos_truncation,"{""accel_mag"": 0.3, ""k_eos"": 2, ""outer_family"": ""outlier""}",0.1,200.0,0.25,3.0,1024,42,SECOND,0.0702530555264778,0.30000004172325134,2,"[0.0702530555264778, 0.0351265277632389, 0.0351265277632389]","{""1,0"": 0.0351265277632389, ""2,0"": 0.0351265277632389, ""2,1"": 0.0}",0,1,2.0,1,True,True,True,
sensitivity,eos_truncation,"{""accel_mag"": 0.3, ""k_eos"": 2, ""outer_family"": ""outlier""}",0.1,200.0,0.25,3.0,1024,43,SECOND,0.0702530555264778,0.30000007152557373,2,"[0.0702530555264778, 0.0351265277632389, 0.0351265277632389]","{""1,0"": 0.0351265277632389, ""2,0"": 0.0351265277632389, ""2,1"": 0.0}",0,1,2.0,1,True,True,True,
sensitivity,eos_truncation,"{""accel_mag"": 0.3, ""k_eos"": 2, ""outer_family"": ""outlier""}",0.1,200.0,0.25,3.0,1024,44,SECOND,0.0702530555264778,0.30000004172325134,2,"[0.0702530555264778, 0.0351265277632389, 0.0351265277632389]","{""1,0"": 0.0351265277632389, ""2,0"": 0.0351265277632389, ""2,1"": 0.0}",0,1,2.0,1,True,True,True,
sensitivity,eos_truncation,"{""accel_mag"": 0.3, ""k_eos"": 2, ""outer_family"": ""outlier""}",0.1,200.0,0.25,5.0,1024,42,SECOND,0.0702530555264778,0.30000007152557373,2,"[0.0702530555264778, 0.0351265277632389, 0.0351265277632389]","{""1,0"": 0.0351265277632389, ""2,0"": 0.0351265277632389, ""2,1"": 0.0}",0,1,2.0,1,True,True,True,
sensitivity,eos_truncation,"{""accel_mag"": 0.3, ""k_eos"": 2, ""outer_family"": ""outlier""}",0.1,200.0,0.25,5.0,1024,43,SECOND,0.0702530555264778,0.30000007152557373,2,"[0.0702530555264778, 0.0351265277632389, 0.0351265277632389]","{""1,0"": 0.0351265277632389, ""2,0"": 0.0351265277632389, ""2,1"": 0.0}",0,1,2.0,1,True,True,True,
sensitivity,eos_truncation,"{""accel_mag"": 0.3, ""k_eos"": 2, ""outer_family"": ""outlier""}",0.1,200.0,0.25,5.0,1024,44,SECOND,0.0702530555264778,0.30000004172325134,2,"[0.0702530555264778, 0.0351265277632389, 0.0351265277632389]","{""1,0"": 0.0351265277632389, ""2,0"": 0.0351265277632389, ""2,1"": 0.0}",0,1,2.0,1,True,True,True,
sensitivity,eos_truncation,"{""accel_mag"": 0.3, ""k_eos"": 2, ""outer_family"": ""outlier""}",0.1,200.0,0.5,1.0,1024,42,SECOND,0.08309142153876903,0.30000007152557373,2,"[0.08309142153876903, 0.041545710769384514, 0.041545710769384514]","{""1,0"": 0.041545710769384514, ""2,0"": 0.041545710769384514, ""2,1"": 0.0}",0,1,2.0,1,True,True,True,
sensitivity,eos_truncation,"{""accel_mag"": 0.3, ""k_eos"": 2, ""outer_family"": ""outlier""}",0.1,200.0,0.5,1.0,1024,43,SECOND,0.08309142153876903,0.30000007152557373,2,"[0.08309142153876903, 0.041545710769384514, 0.041545710769384514]","{""1,0"": 0.041545710769384514, ""2,0"": 0.041545710769384514, ""2,1"": 0.0}",0,1,2.0,1,True,True,True,
sensitivity,eos_truncation,"{""accel_mag"": 0.3, ""k_eos"": 2, ""outer_family"": ""outlier""}",0.1,200.0,0.5,1.0,1024,44,SECOND,0.08309142153876903,0.30000004172325134,2,"[0.08309142153876903, 0.041545710769384514, 0.041545710769384514]","{""1,0"": 0.041545710769384514, ""2,0"": 0.041545710769384514, ""2,1"": 0.0}",0,1,2.0,1,True,True,True,
sensitivity,eos_truncation,"{""accel_mag"": 0.3, ""k_eos"": 2, ""outer_family"": ""outlier""}",0.1,200.0,0.5,3.0,1024,42,SECOND,0.08309142153876903,0.30000004172325134,2,"[0.08309142153876903, 0.041545710769384514, 0.041545710769384514]","{""1,0"": 0.041545710769384514, ""2,0"": 0.041545710769384514, ""2,1"": 0.0}",0,1,2.0,1,True,True,True,
sensitivity,eos_truncation,"{""accel_mag"": 0.3, ""k_eos"": 2, ""outer_family"": ""outlier""}",0.1,200.0,0.5,3.0,1024,43,SECOND,0.08309142153876903,0.30000007152557373,2,"[0.08309142153876903, 0.041545710769384514, 0.041545710769384514]","{""1,0"": 0.041545710769384514, ""2,0"": 0.041545710769384514, ""2,1"": 0.0}",0,1,2.0,1,True,True,True,
sensitivity,eos_truncation,"{""accel_mag"": 0.3, ""k_eos"": 2, ""outer_family"": ""outlier""}",0.1,200.0,0.5,3.0,1024,44,SECOND,0.08309142153876903,0.30000004172325134,2,"[0.08309142153876903, 0.041545710769384514, 0.041545710769384514]","{""1,0"": 0.041545710769384514, ""2,0"": 0.041545710769384514, ""2,1"": 0.0}",0,1,2.0,1,True,True,True,
sensitivity,eos_truncation,"{""accel_mag"": 0.3, ""k_eos"": 2, ""outer_family"": ""outlier""}",0.1,200.0,0.5,5.0,1024,42,SECOND,0.08309142153876903,0.30000007152557373,2,"[0.08309142153876903, 0.041545710769384514, 0.041545710769384514]","{""1,0"": 0.041545710769384514, ""2,0"": 0.041545710769384514, ""2,1"": 0.0}",0,1,2.0,1,True,True,True,
sensitivity,eos_truncation,"{""accel_mag"": 0.3, ""k_eos"": 2, ""outer_family"": ""outlier""}",0.1,200.0,0.5,5.0,1024,43,SECOND,0.08309142153876903,0.30000007152557373,2,"[0.08309142153876903, 0.041545710769384514, 0.041545710769384514]","{""1,0"": 0.041545710769384514, ""2,0"": 0.041545710769384514, ""2,1"": 0.0}",0,1,2.0,1,True,True,True,
sensitivity,eos_truncation,"{""accel_mag"": 0.3, ""k_eos"": 2, ""outer_family"": ""outlier""}",0.1,200.0,0.5,5.0,1024,44,SECOND,0.08309142153876903,0.30000004172325134,2,"[0.08309142153876903, 0.041545710769384514, 0.041545710769384514]","{""1,0"": 0.041545710769384514, ""2,0"": 0.041545710769384514, ""2,1"": 0.0}",0,1,2.0,1,True,True,True,
sensitivity,eos_truncation,"{""accel_mag"": 0.3, ""k_eos"": 2, ""outer_family"": ""outlier""}",0.1,200.0,1.0,1.0,1024,42,SECOND,0.08805730899939665,0.30000007152557373,2,"[0.08805730899939665, 0.044028654499698325, 0.044028654499698325]","{""1,0"": 0.044028654499698325, ""2,0"": 0.044028654499698325, ""2,1"": 0.0}",0,1,2.0,1,True,True,True,
sensitivity,eos_truncation,"{""accel_mag"": 0.3, ""k_eos"": 2, ""outer_family"": ""outlier""}",0.1,200.0,1.0,1.0,1024,43,SECOND,0.08805730899939665,0.30000007152557373,2,"[0.08805730899939665, 0.044028654499698325, 0.044028654499698325]","{""1,0"": 0.044028654499698325, ""2,0"": 0.044028654499698325, ""2,1"": 0.0}",0,1,2.0,1,True,True,True,
sensitivity,eos_truncation,"{""accel_mag"": 0.3, ""k_eos"": 2, ""outer_family"": ""outlier""}",0.1,200.0,1.0,1.0,1024,44,SECOND,0.08805730899939665,0.30000004172325134,2,"[0.08805730899939665, 0.044028654499698325, 0.044028654499698325]","{""1,0"": 0.044028654499698325, ""2,0"": 0.044028654499698325, ""2,1"": 0.0}",0,1,2.0,1,True,True,True,
sensitivity,eos_truncation,"{""accel_mag"": 0.3, ""k_eos"": 2, ""outer_family"": ""outlier""}",0.1,200.0,1.0,3.0,1024,42,SECOND,0.08805730899939665,0.30000004172325134,2,"[0.08805730899939665, 0.044028654499698325, 0.044028654499698325]","{""1,0"": 0.044028654499698325, ""2,0"": 0.044028654499698325, ""2,1"": 0.0}",0,1,2.0,1,True,True,True,
sensitivity,eos_truncation,"{""accel_mag"": 0.3, ""k_eos"": 2, ""outer_family"": ""outlier""}",0.1,200.0,1.0,3.0,1024,43,SECOND,0.08805730899939665,0.30000007152557373,2,"[0.08805730899939665, 0.044028654499698325, 0.044028654499698325]","{""1,0"": 0.044028654499698325, ""2,0"": 0.044028654499698325, ""2,1"": 0.0}",0,1,2.0,1,True,True,True,
sensitivity,eos_truncation,"{""accel_mag"": 0.3, ""k_eos"": 2, ""outer_family"": ""outlier""}",0.1,200.0,1.0,3.0,1024,44,SECOND,0.08805730899939665,0.30000004172325134,2,"[0.08805730899939665, 0.044028654499698325, 0.044028654499698325]","{""1,0"": 0.044028654499698325, ""2,0"": 0.044028654499698325, ""2,1"": 0.0}",0,1,2.0,1,True,True,True,
sensitivity,eos_truncation,"{""accel_mag"": 0.3, ""k_eos"": 2, ""outer_family"": ""outlier""}",0.1,200.0,1.0,5.0,1024,42,SECOND,0.08805730899939665,0.30000007152557373,2,"[0.08805730899939665, 0.044028654499698325, 0.044028654499698325]","{""1,0"": 0.044028654499698325, ""2,0"": 0.044028654499698325, ""2,1"": 0.0}",0,1,2.0,1,True,True,True,
sensitivity,eos_truncation,"{""accel_mag"": 0.3, ""k_eos"": 2, ""outer_family"": ""outlier""}",0.1,200.0,1.0,5.0,1024,43,SECOND,0.08805730899939665,0.30000007152557373,2,"[0.08805730899939665, 0.044028654499698325, 0.044028654499698325]","{""1,0"": 0.044028654499698325, ""2,0"": 0.044028654499698325, ""2,1"": 0.0}",0,1,2.0,1,True,True,True,
sensitivity,eos_truncation,"{""accel_mag"": 0.3, ""k_eos"": 2, ""outer_family"": ""outlier""}",0.1,200.0,1.0,5.0,1024,44,SECOND,0.08805730899939665,0.30000004172325134,2,"[0.08805730899939665, 0.044028654499698325, 0.044028654499698325]","{""1,0"": 0.044028654499698325, ""2,0"": 0.044028654499698325, ""2,1"": 0.0}",0,1,2.0,1,True,True,True,
sensitivity,eos_truncation,"{""accel_mag"": 0.3, ""k_eos"": 2, ""outer_family"": ""outlier""}",0.1,500.0,0.25,1.0,1024,42,SECOND,0.07025624647662204,0.30000007152557373,2,"[0.07025624647662204, 0.03512812323831102, 0.03512812323831102]","{""1,0"": 0.03512812323831102, ""2,0"": 0.03512812323831102, ""2,1"": 0.0}",0,1,2.0,1,True,True,True,
sensitivity,eos_truncation,"{""accel_mag"": 0.3, ""k_eos"": 2, ""outer_family"": ""outlier""}",0.1,500.0,0.25,1.0,1024,43,SECOND,0.07025624647662204,0.30000007152557373,2,"[0.07025624647662204, 0.03512812323831102, 0.03512812323831102]","{""1,0"": 0.03512812323831102, ""2,0"": 0.03512812323831102, ""2,1"": 0.0}",0,1,2.0,1,True,True,True,
sensitivity,eos_truncation,"{""accel_mag"": 0.3, ""k_eos"": 2, ""outer_family"": ""outlier""}",0.1,500.0,0.25,1.0,1024,44,SECOND,0.07025624647662204,0.30000004172325134,2,"[0.07025624647662204, 0.03512812323831102, 0.03512812323831102]","{""1,0"": 0.03512812323831102, ""2,0"": 0.03512812323831102, ""2,1"": 0.0}",0,1,2.0,1,True,True,True,
sensitivity,eos_truncation,"{""accel_mag"": 0.3, ""k_eos"": 2, ""outer_family"": ""outlier""}",0.1,500.0,0.25,3.0,1024,42,SECOND,0.07025624647662204,0.30000004172325134,2,"[0.07025624647662204, 0.03512812323831102, 0.03512812323831102]","{""1,0"": 0.03512812323831102, ""2,0"": 0.03512812323831102, ""2,1"": 0.0}",0,1,2.0,1,True,True,True,
sensitivity,eos_truncation,"{""accel_mag"": 0.3, ""k_eos"": 2, ""outer_family"": ""outlier""}",0.1,500.0,0.25,3.0,1024,43,SECOND,0.07025624647662204,0.30000007152557373,2,"[0.07025624647662204, 0.03512812323831102, 0.03512812323831102]","{""1,0"": 0.03512812323831102, ""2,0"": 0.03512812323831102, ""2,1"": 0.0}",0,1,2.0,1,True,True,True,
sensitivity,eos_truncation,"{""accel_mag"": 0.3, ""k_eos"": 2, ""outer_family"": ""outlier""}",0.1,500.0,0.25,3.0,1024,44,SECOND,0.07025624647662204,0.30000004172325134,2,"[0.07025624647662204, 0.03512812323831102, 0.03512812323831102]","{""1,0"": 0.03512812323831102, ""2,0"": 0.03512812323831102, ""2,1"": 0.0}",0,1,2.0,1,True,True,True,
sensitivity,eos_truncation,"{""accel_mag"": 0.3, ""k_eos"": 2, ""outer_family"": ""outlier""}",0.1,500.0,0.25,5.0,1024,42,SECOND,0.07025624647662204,0.30000007152557373,2,"[0.07025624647662204, 0.03512812323831102, 0.03512812323831102]","{""1,0"": 0.03512812323831102, ""2,0"": 0.03512812323831102, ""2,1"": 0.0}",0,1,2.0,1,True,True,True,
sensitivity,eos_truncation,"{""accel_mag"": 0.3, ""k_eos"": 2, ""outer_family"": ""outlier""}",0.1,500.0,0.25,5.0,1024,43,SECOND,0.07025624647662204,0.30000007152557373,2,"[0.07025624647662204, 0.03512812323831102, 0.03512812323831102]","{""1,0"": 0.03512812323831102, ""2,0"": 0.03512812323831102, ""2,1"": 0.0}",0,1,2.0,1,True,True,True,
sensitivity,eos_truncation,"{""accel_mag"": 0.3, ""k_eos"": 2, ""outer_family"": ""outlier""}",0.1,500.0,0.25,5.0,1024,44,SECOND,0.07025624647662204,0.30000004172325134,2,"[0.07025624647662204, 0.03512812323831102, 0.03512812323831102]","{""1,0"": 0.03512812323831102, ""2,0"": 0.03512812323831102, ""2,1"": 0.0}",0,1,2.0,1,True,True,True,
sensitivity,eos_truncation,"{""accel_mag"": 0.3, ""k_eos"": 2, ""outer_family"": ""outlier""}",0.1,500.0,0.5,1.0,1024,42,SECOND,0.08309519561779743,0.30000007152557373,2,"[0.08309519561779743, 0.04154759780889872, 0.04154759780889872]","{""1,0"": 0.04154759780889872, ""2,0"": 0.04154759780889872, ""2,1"": 0.0}",0,1,2.0,1,True,True,True,
sensitivity,eos_truncation,"{""accel_mag"": 0.3, ""k_eos"": 2, ""outer_family"": ""outlier""}",0.1,500.0,0.5,1.0,1024,43,SECOND,0.08309519561779743,0.30000007152557373,2,"[0.08309519561779743, 0.04154759780889872, 0.04154759780889872]","{""1,0"": 0.04154759780889872, ""2,0"": 0.04154759780889872, ""2,1"": 0.0}",0,1,2.0,1,True,True,True,
sensitivity,eos_truncation,"{""accel_mag"": 0.3, ""k_eos"": 2, ""outer_family"": ""outlier""}",0.1,500.0,0.5,1.0,1024,44,SECOND,0.08309519561779743,0.30000004172325134,2,"[0.08309519561779743, 0.04154759780889872, 0.04154759780889872]","{""1,0"": 0.04154759780889872, ""2,0"": 0.04154759780889872, ""2,1"": 0.0}",0,1,2.0,1,True,True,True,
sensitivity,eos_truncation,"{""accel_mag"": 0.3, ""k_eos"": 2, ""outer_family"": ""outlier""}",0.1,500.0,0.5,3.0,1024,42,SECOND,0.08309519561779743,0.30000004172325134,2,"[0.08309519561779743, 0.04154759780889872, 0.04154759780889872]","{""1,0"": 0.04154759780889872, ""2,0"": 0.04154759780889872, ""2,1"": 0.0}",0,1,2.0,1,True,True,True,
sensitivity,eos_truncation,"{""accel_mag"": 0.3, ""k_eos"": 2, ""outer_family"": ""outlier""}",0.1,500.0,0.5,3.0,1024,43,SECOND,0.08309519561779743,0.30000007152557373,2,"[0.08309519561779743, 0.04154759780889872, 0.04154759780889872]","{""1,0"": 0.04154759780889872, ""2,0"": 0.04154759780889872, ""2,1"": 0.0}",0,1,2.0,1,True,True,True,
sensitivity,eos_truncation,"{""accel_mag"": 0.3, ""k_eos"": 2, ""outer_family"": ""outlier""}",0.1,500.0,0.5,3.0,1024,44,SECOND,0.08309519561779743,0.30000004172325134,2,"[0.08309519561779743, 0.04154759780889872, 0.04154759780889872]","{""1,0"": 0.04154759780889872, ""2,0"": 0.04154759780889872, ""2,1"": 0.0}",0,1,2.0,1,True,True,True,
sensitivity,eos_truncation,"{""accel_mag"": 0.3, ""k_eos"": 2, ""outer_family"": ""outlier""}",0.1,500.0,0.5,5.0,1024,42,SECOND,0.08309519561779743,0.30000007152557373,2,"[0.08309519561779743, 0.04154759780889872, 0.04154759780889872]","{""1,0"": 0.04154759780889872, ""2,0"": 0.04154759780889872, ""2,1"": 0.0}",0,1,2.0,1,True,True,True,
sensitivity,eos_truncation,"{""accel_mag"": 0.3, ""k_eos"": 2, ""outer_family"": ""outlier""}",0.1,500.0,0.5,5.0,1024,43,SECOND,0.08309519561779743,0.30000007152557373,2,"[0.08309519561779743, 0.04154759780889872, 0.04154759780889872]","{""1,0"": 0.04154759780889872, ""2,0"": 0.04154759780889872, ""2,1"": 0.0}",0,1,2.0,1,True,True,True,
sensitivity,eos_truncation,"{""accel_mag"": 0.3, ""k_eos"": 2, ""outer_family"": ""outlier""}",0.1,500.0,0.5,5.0,1024,44,SECOND,0.08309519561779743,0.30000004172325134,2,"[0.08309519561779743, 0.04154759780889872, 0.04154759780889872]","{""1,0"": 0.04154759780889872, ""2,0"": 0.04154759780889872, ""2,1"": 0.0}",0,1,2.0,1,True,True,True,
sensitivity,eos_truncation,"{""accel_mag"": 0.3, ""k_eos"": 2, ""outer_family"": ""outlier""}",0.1,500.0,1.0,1.0,1024,42,SECOND,0.08806130863301753,0.30000007152557373,2,"[0.08806130863301753, 0.044030654316508766, 0.044030654316508766]","{""1,0"": 0.044030654316508766, ""2,0"": 0.044030654316508766, ""2,1"": 0.0}",0,1,2.0,1,True,True,True,
sensitivity,eos_truncation,"{""accel_mag"": 0.3, ""k_eos"": 2, ""outer_family"": ""outlier""}",0.1,500.0,1.0,1.0,1024,43,SECOND,0.08806130863301753,0.30000007152557373,2,"[0.08806130863301753, 0.044030654316508766, 0.044030654316508766]","{""1,0"": 0.044030654316508766, ""2,0"": 0.044030654316508766, ""2,1"": 0.0}",0,1,2.0,1,True,True,True,
sensitivity,eos_truncation,"{""accel_mag"": 0.3, ""k_eos"": 2, ""outer_family"": ""outlier""}",0.1,500.0,1.0,1.0,1024,44,SECOND,0.08806130863301753,0.30000004172325134,2,"[0.08806130863301753, 0.044030654316508766, 0.044030654316508766]","{""1,0"": 0.044030654316508766, ""2,0"": 0.044030654316508766, ""2,1"": 0.0}",0,1,2.0,1,True,True,True,
sensitivity,eos_truncation,"{""accel_mag"": 0.3, ""k_eos"": 2, ""outer_family"": ""outlier""}",0.1,500.0,1.0,3.0,1024,42,SECOND,0.08806130863301753,0.30000004172325134,2,"[0.08806130863301753, 0.044030654316508766, 0.044030654316508766]","{""1,0"": 0.044030654316508766, ""2,0"": 0.044030654316508766, ""2,1"": 0.0}",0,1,2.0,1,True,True,True,
sensitivity,eos_truncation,"{""accel_mag"": 0.3, ""k_eos"": 2, ""outer_family"": ""outlier""}",0.1,500.0,1.0,3.0,1024,43,SECOND,0.08806130863301753,0.30000007152557373,2,"[0.08806130863301753, 0.044030654316508766, 0.044030654316508766]","{""1,0"": 0.044030654316508766, ""2,0"": 0.044030654316508766, ""2,1"": 0.0}",0,1,2.0,1,True,True,True,
sensitivity,eos_truncation,"{""accel_mag"": 0.3, ""k_eos"": 2, ""outer_family"": ""outlier""}",0.1,500.0,1.0,3.0,1024,44,SECOND,0.08806130863301753,0.30000004172325134,2,"[0.08806130863301753, 0.044030654316508766, 0.044030654316508766]","{""1,0"": 0.044030654316508766, ""2,0"": 0.044030654316508766, ""2,1"": 0.0}",0,1,2.0,1,True,True,True,
sensitivity,eos_truncation,"{""accel_mag"": 0.3, ""k_eos"": 2, ""outer_family"": ""outlier""}",0.1,500.0,1.0,5.0,1024,42,SECOND,0.08806130863301753,0.30000007152557373,2,"[0.08806130863301753, 0.044030654316508766, 0.044030654316508766]","{""1,0"": 0.044030654316508766, ""2,0"": 0.044030654316508766, ""2,1"": 0.0}",0,1,2.0,1,True,True,True,
sensitivity,eos_truncation,"{""accel_mag"": 0.3, ""k_eos"": 2, ""outer_family"": ""outlier""}",0.1,500.0,1.0,5.0,1024,43,SECOND,0.08806130863301753,0.30000007152557373,2,"[0.08806130863301753, 0.044030654316508766, 0.044030654316508766]","{""1,0"": 0.044030654316508766, ""2,0"": 0.044030654316508766, ""2,1"": 0.0}",0,1,2.0,1,True,True,True,
sensitivity,eos_truncation,"{""accel_mag"": 0.3, ""k_eos"": 2, ""outer_family"": ""outlier""}",0.1,500.0,1.0,5.0,1024,44,SECOND,0.08806130863301753,0.30000004172325134,2,"[0.08806130863301753, 0.044030654316508766, 0.044030654316508766]","{""1,0"": 0.044030654316508766, ""2,0"": 0.044030654316508766, ""2,1"": 0.0}",0,1,2.0,1,True,True,True,
sensitivity,eos_truncation,"{""accel_mag"": 0.3, ""k_eos"": 2, ""outer_family"": ""outlier""}",0.2,100.0,0.25,1.0,1024,42,SECOND,0.0004702147504153978,0.30000007152557373,0,"[0.0004702147504153978, 0.0002351073752076989, 0.0002351073752076989]","{""1,0"": 0.0002351073752076989, ""2,0"": 0.0002351073752076989, ""2,1"": 0.0}",0,1,2.0,1,True,True,True,
sensitivity,eos_truncation,"{""accel_mag"": 0.3, ""k_eos"": 2, ""outer_family"": ""outlier""}",0.2,100.0,0.25,1.0,1024,43,SECOND,0.0004702147504153978,0.30000007152557373,0,"[0.0004702147504153978, 0.0002351073752076989, 0.0002351073752076989]","{""1,0"": 0.0002351073752076989, ""2,0"": 0.0002351073752076989, ""2,1"": 0.0}",0,1,2.0,1,True,True,True,
sensitivity,eos_truncation,"{""accel_mag"": 0.3, ""k_eos"": 2, ""outer_family"": ""outlier""}",0.2,100.0,0.25,1.0,1024,44,SECOND,0.0004702147504153978,0.30000004172325134,0,"[0.0004702147504153978, 0.0002351073752076989, 0.0002351073752076989]","{""1,0"": 0.0002351073752076989, ""2,0"": 0.0002351073752076989, ""2,1"": 0.0}",0,1,2.0,1,True,True,True,
sensitivity,eos_truncation,"{""accel_mag"": 0.3, ""k_eos"": 2, ""outer_family"": ""outlier""}",0.2,100.0,0.25,3.0,1024,42,SECOND,0.0004702147504153978,0.30000004172325134,0,"[0.0004702147504153978, 0.0002351073752076989, 0.0002351073752076989]","{""1,0"": 0.0002351073752076989, ""2,0"": 0.0002351073752076989, ""2,1"": 0.0}",0,1,2.0,1,True,True,True,
sensitivity,eos_truncation,"{""accel_mag"": 0.3, ""k_eos"": 2, ""outer_family"": ""outlier""}",0.2,100.0,0.25,3.0,1024,43,SECOND,0.0004702147504153978,0.30000007152557373,0,"[0.0004702147504153978, 0.0002351073752076989, 0.0002351073752076989]","{""1,0"": 0.0002351073752076989, ""2,0"": 0.0002351073752076989, ""2,1"": 0.0}",0,1,2.0,1,True,True,True,
sensitivity,eos_truncation,"{""accel_mag"": 0.3, ""k_eos"": 2, ""outer_family"": ""outlier""}",0.2,100.0,0.25,3.0,1024,44,SECOND,0.0004702147504153978,0.30000004172325134,0,"[0.0004702147504153978, 0.0002351073752076989, 0.0002351073752076989]","{""1,0"": 0.0002351073752076989, ""2,0"": 0.0002351073752076989, ""2,1"": 0.0}",0,1,2.0,1,True,True,True,
sensitivity,eos_truncation,"{""accel_mag"": 0.3, ""k_eos"": 2, ""outer_family"": ""outlier""}",0.2,100.0,0.25,5.0,1024,42,SECOND,0.0004702147504153978,0.30000007152557373,0,"[0.0004702147504153978, 0.0002351073752076989, 0.0002351073752076989]","{""1,0"": 0.0002351073752076989, ""2,0"": 0.0002351073752076989, ""2,1"": 0.0}",0,1,2.0,1,True,True,True,
sensitivity,eos_truncation,"{""accel_mag"": 0.3, ""k_eos"": 2, ""outer_family"": ""outlier""}",0.2,100.0,0.25,5.0,1024,43,SECOND,0.0004702147504153978,0.30000007152557373,0,"[0.0004702147504153978, 0.0002351073752076989, 0.0002351073752076989]","{""1,0"": 0.0002351073752076989, ""2,0"": 0.0002351073752076989, ""2,1"": 0.0}",0,1,2.0,1,True,True,True,
sensitivity,eos_truncation,"{""accel_mag"": 0.3, ""k_eos"": 2, ""outer_family"": ""outlier""}",0.2,100.0,0.25,5.0,1024,44,SECOND,0.0004702147504153978,0.30000004172325134,0,"[0.0004702147504153978, 0.0002351073752076989, 0.0002351073752076989]","{""1,0"": 0.0002351073752076989, ""2,0"": 0.0002351073752076989, ""2,1"": 0.0}",0,1,2.0,1,True,True,True,
sensitivity,eos_truncation,"{""accel_mag"": 0.3, ""k_eos"": 2, ""outer_family"": ""outlier""}",0.2,100.0,0.5,1.0,1024,42,SECOND,0.0005561439534226012,0.30000007152557373,0,"[0.0005561439534226012, 0.0002780719767113006, 0.0002780719767113006]","{""1,0"": 0.0002780719767113006, ""2,0"": 0.0002780719767113006, ""2,1"": 0.0}",0,1,2.0,1,True,True,True,
sensitivity,eos_truncation,"{""accel_mag"": 0.3, ""k_eos"": 2, ""outer_family"": ""outlier""}",0.2,100.0,0.5,1.0,1024,43,SECOND,0.0005561439534226012,0.30000007152557373,0,"[0.0005561439534226012, 0.0002780719767113006, 0.0002780719767113006]","{""1,0"": 0.0002780719767113006, ""2,0"": 0.0002780719767113006, ""2,1"": 0.0}",0,1,2.0,1,True,True,True,
sensitivity,eos_truncation,"{""accel_mag"": 0.3, ""k_eos"": 2, ""outer_family"": ""outlier""}",0.2,100.0,0.5,1.0,1024,44,SECOND,0.0005561439534226012,0.30000004172325134,0,"[0.0005561439534226012, 0.0002780719767113006, 0.0002780719767113006]","{""1,0"": 0.0002780719767113006, ""2,0"": 0.0002780719767113006, ""2,1"": 0.0}",0,1,2.0,1,True,True,True,
sensitivity,eos_truncation,"{""accel_mag"": 0.3, ""k_eos"": 2, ""outer_family"": ""outlier""}",0.2,100.0,0.5,3.0,1024,42,SECOND,0.0005561439534226012,0.30000004172325134,0,"[0.0005561439534226012, 0.0002780719767113006, 0.0002780719767113006]","{""1,0"": 0.0002780719767113006, ""2,0"": 0.0002780719767113006, ""2,1"": 0.0}",0,1,2.0,1,True,True,True,
sensitivity,eos_truncation,"{""accel_mag"": 0.3, ""k_eos"": 2, ""outer_family"": ""outlier""}",0.2,100.0,0.5,3.0,1024,43,SECOND,0.0005561439534226012,0.30000007152557373,0,"[0.0005561439534226012, 0.0002780719767113006, 0.0002780719767113006]","{""1,0"": 0.0002780719767113006, ""2,0"": 0.0002780719767113006, ""2,1"": 0.0}",0,1,2.0,1,True,True,True,
sensitivity,eos_truncation,"{""accel_mag"": 0.3, ""k_eos"": 2, ""outer_family"": ""outlier""}",0.2,100.0,0.5,3.0,1024,44,SECOND,0.0005561439534226012,0.30000004172325134,0,"[0.0005561439534226012, 0.0002780719767113006, 0.0002780719767113006]","{""1,0"": 0.0002780719767113006, ""2,0"": 0.0002780719767113006, ""2,1"": 0.0}",0,1,2.0,1,True,True,True,
sensitivity,eos_truncation,"{""accel_mag"": 0.3, ""k_eos"": 2, ""outer_family"": ""outlier""}",0.2,100.0,0.5,5.0,1024,42,SECOND,0.0005561439534226012,0.30000007152557373,0,"[0.0005561439534226012, 0.0002780719767113006, 0.0002780719767113006]","{""1,0"": 0.0002780719767113006, ""2,0"": 0.0002780719767113006, ""2,1"": 0.0}",0,1,2.0,1,True,True,True,
sensitivity,eos_truncation,"{""accel_mag"": 0.3, ""k_eos"": 2, ""outer_family"": ""outlier""}",0.2,100.0,0.5,5.0,1024,43,SECOND,0.0005561439534226012,0.30000007152557373,0,"[0.0005561439534226012, 0.0002780719767113006, 0.0002780719767113006]","{""1,0"": 0.0002780719767113006, ""2,0"": 0.0002780719767113006, ""2,1"": 0.0}",0,1,2.0,1,True,True,True,
sensitivity,eos_truncation,"{""accel_mag"": 0.3, ""k_eos"": 2, ""outer_family"": ""outlier""}",0.2,100.0,0.5,5.0,1024,44,SECOND,0.0005561439534226012,0.30000004172325134,0,"[0.0005561439534226012, 0.0002780719767113006, 0.0002780719767113006]","{""1,0"": 0.0002780719767113006, ""2,0"": 0.0002780719767113006, ""2,1"": 0.0}",0,1,2.0,1,True,True,True,
sensitivity,eos_truncation,"{""accel_mag"": 0.3, ""k_eos"": 2, ""outer_family"": ""outlier""}",0.2,100.0,1.0,1.0,1024,42,SECOND,0.0005893814192579472,0.30000007152557373,0,"[0.0005893814192579472, 0.0002946907096289736, 0.0002946907096289736]","{""1,0"": 0.0002946907096289736, ""2,0"": 0.0002946907096289736, ""2,1"": 0.0}",0,1,2.0,1,True,True,True,
sensitivity,eos_truncation,"{""accel_mag"": 0.3, ""k_eos"": 2, ""outer_family"": ""outlier""}",0.2,100.0,1.0,1.0,1024,43,SECOND,0.0005893814192579472,0.30000007152557373,0,"[0.0005893814192579472, 0.0002946907096289736, 0.0002946907096289736]","{""1,0"": 0.0002946907096289736, ""2,0"": 0.0002946907096289736, ""2,1"": 0.0}",0,1,2.0,1,True,True,True,
sensitivity,eos_truncation,"{""accel_mag"": 0.3, ""k_eos"": 2, ""outer_family"": ""outlier""}",0.2,100.0,1.0,1.0,1024,44,SECOND,0.0005893814192579472,0.30000004172325134,0,"[0.0005893814192579472, 0.0002946907096289736, 0.0002946907096289736]","{""1,0"": 0.0002946907096289736, ""2,0"": 0.0002946907096289736, ""2,1"": 0.0}",0,1,2.0,1,True,True,True,
sensitivity,eos_truncation,"{""accel_mag"": 0.3, ""k_eos"": 2, ""outer_family"": ""outlier""}",0.2,100.0,1.0,3.0,1024,42,SECOND,0.0005893814192579472,0.30000004172325134,0,"[0.0005893814192579472, 0.0002946907096289736, 0.0002946907096289736]","{""1,0"": 0.0002946907096289736, ""2,0"": 0.0002946907096289736, ""2,1"": 0.0}",0,1,2.0,1,True,True,True,
sensitivity,eos_truncation,"{""accel_mag"": 0.3, ""k_eos"": 2, ""outer_family"": ""outlier""}",0.2,100.0,1.0,3.0,1024,43,SECOND,0.0005893814192579472,0.30000007152557373,0,"[0.0005893814192579472, 0.0002946907096289736, 0.0002946907096289736]","{""1,0"": 0.0002946907096289736, ""2,0"": 0.0002946907096289736, ""2,1"": 0.0}",0,1,2.0,1,True,True,True,
sensitivity,eos_truncation,"{""accel_mag"": 0.3, ""k_eos"": 2, ""outer_family"": ""outlier""}",0.2,100.0,1.0,3.0,1024,44,SECOND,0.0005893814192579472,0.30000004172325134,0,"[0.0005893814192579472, 0.0002946907096289736, 0.0002946907096289736]","{""1,0"": 0.0002946907096289736, ""2,0"": 0.0002946907096289736, ""2,1"": 0.0}",0,1,2.0,1,True,True,True,
sensitivity,eos_truncation,"{""accel_mag"": 0.3, ""k_eos"": 2, ""outer_family"": ""outlier""}",0.2,100.0,1.0,5.0,1024,42,SECOND,0.0005893814192579472,0.30000007152557373,0,"[0.0005893814192579472, 0.0002946907096289736, 0.0002946907096289736]","{""1,0"": 0.0002946907096289736, ""2,0"": 0.0002946907096289736, ""2,1"": 0.0}",0,1,2.0,1,True,True,True,
sensitivity,eos_truncation,"{""accel_mag"": 0.3, ""k_eos"": 2, ""outer_family"": ""outlier""}",0.2,100.0,1.0,5.0,1024,43,SECOND,0.0005893814192579472,0.30000007152557373,0,"[0.0005893814192579472, 0.0002946907096289736, 0.0002946907096289736]","{""1,0"": 0.0002946907096289736, ""2,0"": 0.0002946907096289736, ""2,1"": 0.0}",0,1,2.0,1,True,True,True,
sensitivity,eos_truncation,"{""accel_mag"": 0.3, ""k_eos"": 2, ""outer_family"": ""outlier""}",0.2,100.0,1.0,5.0,1024,44,SECOND,0.0005893814192579472,0.30000004172325134,0,"[0.0005893814192579472, 0.0002946907096289736, 0.0002946907096289736]","{""1,0"": 0.0002946907096289736, ""2,0"": 0.0002946907096289736, ""2,1"": 0.0}",0,1,2.0,1,True,True,True,
sensitivity,eos_truncation,"{""accel_mag"": 0.3, ""k_eos"": 2, ""outer_family"": ""outlier""}",0.2,200.0,0.25,1.0,1024,42,SECOND,3.18948688728025e-06,0.30000007152557373,0,"[3.18948688728025e-06, 1.594743443640125e-06, 1.594743443640125e-06]","{""1,0"": 1.594743443640125e-06, ""2,0"": 1.594743443640125e-06, ""2,1"": 0.0}",0,1,2.0,1,True,True,True,
sensitivity,eos_truncation,"{""accel_mag"": 0.3, ""k_eos"": 2, ""outer_family"": ""outlier""}",0.2,200.0,0.25,1.0,1024,43,SECOND,3.18948688728025e-06,0.30000007152557373,0,"[3.18948688728025e-06, 1.594743443640125e-06, 1.594743443640125e-06]","{""1,0"": 1.594743443640125e-06, ""2,0"": 1.594743443640125e-06, ""2,1"": 0.0}",0,1,2.0,1,True,True,True,
sensitivity,eos_truncation,"{""accel_mag"": 0.3, ""k_eos"": 2, ""outer_family"": ""outlier""}",0.2,200.0,0.25,1.0,1024,44,SECOND,3.18948688728025e-06,0.30000004172325134,0,"[3.18948688728025e-06, 1.594743443640125e-06, 1.594743443640125e-06]","{""1,0"": 1.594743443640125e-06, ""2,0"": 1.594743443640125e-06, ""2,1"": 0.0}",0,1,2.0,1,True,True,True,
sensitivity,eos_truncation,"{""accel_mag"": 0.3, ""k_eos"": 2, ""outer_family"": ""outlier""}",0.2,200.0,0.25,3.0,1024,42,SECOND,3.18948688728025e-06,0.30000004172325134,0,"[3.18948688728025e-06, 1.594743443640125e-06, 1.594743443640125e-06]","{""1,0"": 1.594743443640125e-06, ""2,0"": 1.594743443640125e-06, ""2,1"": 0.0}",0,1,2.0,1,True,True,True,
sensitivity,eos_truncation,"{""accel_mag"": 0.3, ""k_eos"": 2, ""outer_family"": ""outlier""}",0.2,200.0,0.25,3.0,1024,43,SECOND,3.18948688728025e-06,0.30000007152557373,0,"[3.18948688728025e-06, 1.594743443640125e-06, 1.594743443640125e-06]","{""1,0"": 1.594743443640125e-06, ""2,0"": 1.594743443640125e-06, ""2,1"": 0.0}",0,1,2.0,1,True,True,True,
sensitivity,eos_truncation,"{""accel_mag"": 0.3, ""k_eos"": 2, ""outer_family"": ""outlier""}",0.2,200.0,0.25,3.0,1024,44,SECOND,3.18948688728025e-06,0.30000004172325134,0,"[3.18948688728025e-06, 1.594743443640125e-06, 1.594743443640125e-06]","{""1,0"": 1.594743443640125e-06, ""2,0"": 1.594743443640125e-06, ""2,1"": 0.0}",0,1,2.0,1,True,True,True,
sensitivity,eos_truncation,"{""accel_mag"": 0.3, ""k_eos"": 2, ""outer_family"": ""outlier""}",0.2,200.0,0.25,5.0,1024,42,SECOND,3.18948688728025e-06,0.30000007152557373,0,"[3.18948688728025e-06, 1.594743443640125e-06, 1.594743443640125e-06]","{""1,0"": 1.594743443640125e-06, ""2,0"": 1.594743443640125e-06, ""2,1"": 0.0}",0,1,2.0,1,True,True,True,
sensitivity,eos_truncation,"{""accel_mag"": 0.3, ""k_eos"": 2, ""outer_family"": ""outlier""}",0.2,200.0,0.25,5.0,1024,43,SECOND,3.18948688728025e-06,0.30000007152557373,0,"[3.18948688728025e-06, 1.594743443640125e-06, 1.594743443640125e-06]","{""1,0"": 1.594743443640125e-06, ""2,0"": 1.594743443640125e-06, ""2,1"": 0.0}",0,1,2.0,1,True,True,True,
sensitivity,eos_truncation,"{""accel_mag"": 0.3, ""k_eos"": 2, ""outer_family"": ""outlier""}",0.2,200.0,0.25,5.0,1024,44,SECOND,3.18948688728025e-06,0.30000004172325134,0,"[3.18948688728025e-06, 1.594743443640125e-06, 1.594743443640125e-06]","{""1,0"": 1.594743443640125e-06, ""2,0"": 1.594743443640125e-06, ""2,1"": 0.0}",0,1,2.0,1,True,True,True,
sensitivity,eos_truncation,"{""accel_mag"": 0.3, ""k_eos"": 2, ""outer_family"": ""outlier""}",0.2,200.0,0.5,1.0,1024,42,SECOND,3.7723483691537944e-06,0.30000007152557373,0,"[3.7723483691537944e-06, 1.8861741845768972e-06, 1.8861741845768972e-06]","{""1,0"": 1.8861741845768972e-06, ""2,0"": 1.8861741845768972e-06, ""2,1"": 0.0}",0,1,2.0,1,True,True,True,
sensitivity,eos_truncation,"{""accel_mag"": 0.3, ""k_eos"": 2, ""outer_family"": ""outlier""}",0.2,200.0,0.5,1.0,1024,43,SECOND,3.7723483691537944e-06,0.30000007152557373,0,"[3.7723483691537944e-06, 1.8861741845768972e-06, 1.8861741845768972e-06]","{""1,0"": 1.8861741845768972e-06, ""2,0"": 1.8861741845768972e-06, ""2,1"": 0.0}",0,1,2.0,1,True,True,True,
sensitivity,eos_truncation,"{""accel_mag"": 0.3, ""k_eos"": 2, ""outer_family"": ""outlier""}",0.2,200.0,0.5,1.0,1024,44,SECOND,3.7723483691537944e-06,0.30000004172325134,0,"[3.7723483691537944e-06, 1.8861741845768972e-06, 1.8861741845768972e-06]","{""1,0"": 1.8861741845768972e-06, ""2,0"": 1.8861741845768972e-06, ""2,1"": 0.0}",0,1,2.0,1,True,True,True,
sensitivity,eos_truncation,"{""accel_mag"": 0.3, ""k_eos"": 2, ""outer_family"": ""outlier""}",0.2,200.0,0.5,3.0,1024,42,SECOND,3.7723483691537944e-06,0.30000004172325134,0,"[3.7723483691537944e-06, 1.8861741845768972e-06, 1.8861741845768972e-06]","{""1,0"": 1.8861741845768972e-06, ""2,0"": 1.8861741845768972e-06, ""2,1"": 0.0}",0,1,2.0,1,True,True,True,
sensitivity,eos_truncation,"{""accel_mag"": 0.3, ""k_eos"": 2, ""outer_family"": ""outlier""}",0.2,200.0,0.5,3.0,1024,43,SECOND,3.7723483691537944e-06,0.30000007152557373,0,"[3.7723483691537944e-06, 1.8861741845768972e-06, 1.8861741845768972e-06]","{""1,0"": 1.8861741845768972e-06, ""2,0"": 1.8861741845768972e-06, ""2,1"": 0.0}",0,1,2.0,1,True,True,True,
sensitivity,eos_truncation,"{""accel_mag"": 0.3, ""k_eos"": 2, ""outer_family"": ""outlier""}",0.2,200.0,0.5,3.0,1024,44,SECOND,3.7723483691537944e-06,0.30000004172325134,0,"[3.7723483691537944e-06, 1.8861741845768972e-06, 1.8861741845768972e-06]","{""1,0"": 1.8861741845768972e-06, ""2,0"": 1.8861741845768972e-06, ""2,1"": 0.0}",0,1,2.0,1,True,True,True,
sensitivity,eos_truncation,"{""accel_mag"": 0.3, ""k_eos"": 2, ""outer_family"": ""outlier""}",0.2,200.0,0.5,5.0,1024,42,SECOND,3.7723483691537944e-06,0.30000007152557373,0,"[3.7723483691537944e-06, 1.8861741845768972e-06, 1.8861741845768972e-06]","{""1,0"": 1.8861741845768972e-06, ""2,0"": 1.8861741845768972e-06, ""2,1"": 0.0}",0,1,2.0,1,True,True,True,
sensitivity,eos_truncation,"{""accel_mag"": 0.3, ""k_eos"": 2, ""outer_family"": ""outlier""}",0.2,200.0,0.5,5.0,1024,43,SECOND,3.7723483691537944e-06,0.30000007152557373,0,"[3.7723483691537944e-06, 1.8861741845768972e-06, 1.8861741845768972e-06]","{""1,0"": 1.8861741845768972e-06, ""2,0"": 1.8861741845768972e-06, ""2,1"": 0.0}",0,1,2.0,1,True,True,True,
sensitivity,eos_truncation,"{""accel_mag"": 0.3, ""k_eos"": 2, ""outer_family"": ""outlier""}",0.2,200.0,0.5,5.0,1024,44,SECOND,3.7723483691537944e-06,0.30000004172325134,0,"[3.7723483691537944e-06, 1.8861741845768972e-06, 1.8861741845768972e-06]","{""1,0"": 1.8861741845768972e-06, ""2,0"": 1.8861741845768972e-06, ""2,1"": 0.0}",0,1,2.0,1,True,True,True,
sensitivity,eos_truncation,"{""accel_mag"": 0.3, ""k_eos"": 2, ""outer_family"": ""outlier""}",0.2,200.0,1.0,1.0,1024,42,SECOND,3.997799530255418e-06,0.30000007152557373,0,"[3.997799530255418e-06, 1.998899765127709e-06, 1.998899765127709e-06]","{""1,0"": 1.998899765127709e-06, ""2,0"": 1.998899765127709e-06, ""2,1"": 0.0}",0,1,2.0,1,True,True,True,
sensitivity,eos_truncation,"{""accel_mag"": 0.3, ""k_eos"": 2, ""outer_family"": ""outlier""}",0.2,200.0,1.0,1.0,1024,43,SECOND,3.997799530255418e-06,0.30000007152557373,0,"[3.997799530255418e-06, 1.998899765127709e-06, 1.998899765127709e-06]","{""1,0"": 1.998899765127709e-06, ""2,0"": 1.998899765127709e-06, ""2,1"": 0.0}",0,1,2.0,1,True,True,True,
sensitivity,eos_truncation,"{""accel_mag"": 0.3, ""k_eos"": 2, ""outer_family"": ""outlier""}",0.2,200.0,1.0,1.0,1024,44,SECOND,3.997799530255418e-06,0.30000004172325134,0,"[3.997799530255418e-06, 1.998899765127709e-06, 1.998899765127709e-06]","{""1,0"": 1.998899765127709e-06, ""2,0"": 1.998899765127709e-06, ""2,1"": 0.0}",0,1,2.0,1,True,True,True,
sensitivity,eos_truncation,"{""accel_mag"": 0.3, ""k_eos"": 2, ""outer_family"": ""outlier""}",0.2,200.0,1.0,3.0,1024,42,SECOND,3.997799530255418e-06,0.30000004172325134,0,"[3.997799530255418e-06, 1.998899765127709e-06, 1.998899765127709e-06]","{""1,0"": 1.998899765127709e-06, ""2,0"": 1.998899765127709e-06, ""2,1"": 0.0}",0,1,2.0,1,True,True,True,
sensitivity,eos_truncation,"{""accel_mag"": 0.3, ""k_eos"": 2, ""outer_family"": ""outlier""}",0.2,200.0,1.0,3.0,1024,43,SECOND,3.997799530255418e-06,0.30000007152557373,0,"[3.997799530255418e-06, 1.998899765127709e-06, 1.998899765127709e-06]","{""1,0"": 1.998899765127709e-06, ""2,0"": 1.998899765127709e-06, ""2,1"": 0.0}",0,1,2.0,1,True,True,True,
sensitivity,eos_truncation,"{""accel_mag"": 0.3, ""k_eos"": 2, ""outer_family"": ""outlier""}",0.2,200.0,1.0,3.0,1024,44,SECOND,3.997799530255418e-06,0.30000004172325134,0,"[3.997799530255418e-06, 1.998899765127709e-06, 1.998899765127709e-06]","{""1,0"": 1.998899765127709e-06, ""2,0"": 1.998899765127709e-06, ""2,1"": 0.0}",0,1,2.0,1,True,True,True,
sensitivity,eos_truncation,"{""accel_mag"": 0.3, ""k_eos"": 2, ""outer_family"": ""outlier""}",0.2,200.0,1.0,5.0,1024,42,SECOND,3.997799530255418e-06,0.30000007152557373,0,"[3.997799530255418e-06, 1.998899765127709e-06, 1.998899765127709e-06]","{""1,0"": 1.998899765127709e-06, ""2,0"": 1.998899765127709e-06, ""2,1"": 0.0}",0,1,2.0,1,True,True,True,
sensitivity,eos_truncation,"{""accel_mag"": 0.3, ""k_eos"": 2, ""outer_family"": ""outlier""}",0.2,200.0,1.0,5.0,1024,43,SECOND,3.997799530255418e-06,0.30000007152557373,0,"[3.997799530255418e-06, 1.998899765127709e-06, 1.998899765127709e-06]","{""1,0"": 1.998899765127709e-06, ""2,0"": 1.998899765127709e-06, ""2,1"": 0.0}",0,1,2.0,1,True,True,True,
sensitivity,eos_truncation,"{""accel_mag"": 0.3, ""k_eos"": 2, ""outer_family"": ""outlier""}",0.2,200.0,1.0,5.0,1024,44,SECOND,3.997799530255418e-06,0.30000004172325134,0,"[3.997799530255418e-06, 1.998899765127709e-06, 1.998899765127709e-06]","{""1,0"": 1.998899765127709e-06, ""2,0"": 1.998899765127709e-06, ""2,1"": 0.0}",0,1,2.0,1,True,True,True,
sensitivity,eos_truncation,"{""accel_mag"": 0.3, ""k_eos"": 2, ""outer_family"": ""outlier""}",0.2,500.0,0.25,1.0,1024,42,SECOND,9.75716627028262e-13,0.30000007152557373,0,"[9.75716627028262e-13, 4.87858313514131e-13, 4.87858313514131e-13]","{""1,0"": 4.87858313514131e-13, ""2,0"": 4.87858313514131e-13, ""2,1"": 0.0}",0,1,2.0,1,True,True,True,
sensitivity,eos_truncation,"{""accel_mag"": 0.3, ""k_eos"": 2, ""outer_family"": ""outlier""}",0.2,500.0,0.25,1.0,1024,43,SECOND,9.75716627028262e-13,0.30000007152557373,0,"[9.75716627028262e-13, 4.87858313514131e-13, 4.87858313514131e-13]","{""1,0"": 4.87858313514131e-13, ""2,0"": 4.87858313514131e-13, ""2,1"": 0.0}",0,1,2.0,1,True,True,True,
sensitivity,eos_truncation,"{""accel_mag"": 0.3, ""k_eos"": 2, ""outer_family"": ""outlier""}",0.2,500.0,0.25,1.0,1024,44,SECOND,9.75716627028262e-13,0.30000004172325134,0,"[9.75716627028262e-13, 4.87858313514131e-13, 4.87858313514131e-13]","{""1,0"": 4.87858313514131e-13, ""2,0"": 4.87858313514131e-13, ""2,1"": 0.0}",0,1,2.0,1,True,True,True,
sensitivity,eos_truncation,"{""accel_mag"": 0.3, ""k_eos"": 2, ""outer_family"": ""outlier""}",0.2,500.0,0.25,3.0,1024,42,SECOND,9.75716627028262e-13,0.30000004172325134,0,"[9.75716627028262e-13, 4.87858313514131e-13, 4.87858313514131e-13]","{""1,0"": 4.87858313514131e-13, ""2,0"": 4.87858313514131e-13, ""2,1"": 0.0}",0,1,2.0,1,True,True,True,
sensitivity,eos_truncation,"{""accel_mag"": 0.3, ""k_eos"": 2, ""outer_family"": ""outlier""}",0.2,500.0,0.25,3.0,1024,43,SECOND,9.75716627028262e-13,0.30000007152557373,0,"[9.75716627028262e-13, 4.87858313514131e-13, 4.87858313514131e-13]","{""1,0"": 4.87858313514131e-13, ""2,0"": 4.87858313514131e-13, ""2,1"": 0.0}",0,1,2.0,1,True,True,True,
sensitivity,eos_truncation,"{""accel_mag"": 0.3, ""k_eos"": 2, ""outer_family"": ""outlier""}",0.2,500.0,0.25,3.0,1024,44,SECOND,9.75716627028262e-13,0.30000004172325134,0,"[9.75716627028262e-13, 4.87858313514131e-13, 4.87858313514131e-13]","{""1,0"": 4.87858313514131e-13, ""2,0"": 4.87858313514131e-13, ""2,1"": 0.0}",0,1,2.0,1,True,True,True,
sensitivity,eos_truncation,"{""accel_mag"": 0.3, ""k_eos"": 2, ""outer_family"": ""outlier""}",0.2,500.0,0.25,5.0,1024,42,SECOND,9.75716627028262e-13,0.30000007152557373,0,"[9.75716627028262e-13, 4.87858313514131e-13, 4.87858313514131e-13]","{""1,0"": 4.87858313514131e-13, ""2,0"": 4.87858313514131e-13, ""2,1"": 0.0}",0,1,2.0,1,True,True,True,
sensitivity,eos_truncation,"{""accel_mag"": 0.3, ""k_eos"": 2, ""outer_family"": ""outlier""}",0.2,500.0,0.25,5.0,1024,43,SECOND,9.75716627028262e-13,0.30000007152557373,0,"[9.75716627028262e-13, 4.87858313514131e-13, 4.87858313514131e-13]","{""1,0"": 4.87858313514131e-13, ""2,0"": 4.87858313514131e-13, ""2,1"": 0.0}",0,1,2.0,1,True,True,True,
sensitivity,eos_truncation,"{""accel_mag"": 0.3, ""k_eos"": 2, ""outer_family"": ""outlier""}",0.2,500.0,0.25,5.0,1024,44,SECOND,9.75716627028262e-13,0.30000004172325134,0,"[9.75716627028262e-13, 4.87858313514131e-13, 4.87858313514131e-13]","{""1,0"": 4.87858313514131e-13, ""2,0"": 4.87858313514131e-13, ""2,1"": 0.0}",0,1,2.0,1,True,True,True,
sensitivity,eos_truncation,"{""accel_mag"": 0.3, ""k_eos"": 2, ""outer_family"": ""outlier""}",0.2,500.0,0.5,1.0,1024,42,SECOND,1.1540235645442525e-12,0.30000007152557373,0,"[1.1540235645442525e-12, 5.770117822721262e-13, 5.770117822721262e-13]","{""1,0"": 5.770117822721262e-13, ""2,0"": 5.770117822721262e-13, ""2,1"": 0.0}",0,1,2.0,1,True,True,True,
sensitivity,eos_truncation,"{""accel_mag"": 0.3, ""k_eos"": 2, ""outer_family"": ""outlier""}",0.2,500.0,0.5,1.0,1024,43,SECOND,1.1540235645442525e-12,0.30000007152557373,0,"[1.1540235645442525e-12, 5.770117822721262e-13, 5.770117822721262e-13]","{""1,0"": 5.770117822721262e-13, ""2,0"": 5.770117822721262e-13, ""2,1"": 0.0}",0,1,2.0,1,True,True,True,
sensitivity,eos_truncation,"{""accel_mag"": 0.3, ""k_eos"": 2, ""outer_family"": ""outlier""}",0.2,500.0,0.5,1.0,1024,44,SECOND,1.1540235645442525e-12,0.30000004172325134,0,"[1.1540235645442525e-12, 5.770117822721262e-13, 5.770117822721262e-13]","{""1,0"": 5.770117822721262e-13, ""2,0"": 5.770117822721262e-13, ""2,1"": 0.0}",0,1,2.0,1,True,True,True,
sensitivity,eos_truncation,"{""accel_mag"": 0.3, ""k_eos"": 2, ""outer_family"": ""outlier""}",0.2,500.0,0.5,3.0,1024,42,SECOND,1.1540235645442525e-12,0.30000004172325134,0,"[1.1540235645442525e-12, 5.770117822721262e-13, 5.770117822721262e-13]","{""1,0"": 5.770117822721262e-13, ""2,0"": 5.770117822721262e-13, ""2,1"": 0.0}",0,1,2.0,1,True,True,True,
sensitivity,eos_truncation,"{""accel_mag"": 0.3, ""k_eos"": 2, ""outer_family"": ""outlier""}",0.2,500.0,0.5,3.0,1024,43,SECOND,1.1540235645442525e-12,0.30000007152557373,0,"[1.1540235645442525e-12, 5.770117822721262e-13, 5.770117822721262e-13]","{""1,0"": 5.770117822721262e-13, ""2,0"": 5.770117822721262e-13, ""2,1"": 0.0}",0,1,2.0,1,True,True,True,
sensitivity,eos_truncation,"{""accel_mag"": 0.3, ""k_eos"": 2, ""outer_family"": ""outlier""}",0.2,500.0,0.5,3.0,1024,44,SECOND,1.1540235645442525e-12,0.30000004172325134,0,"[1.1540235645442525e-12, 5.770117822721262e-13, 5.770117822721262e-13]","{""1,0"": 5.770117822721262e-13, ""2,0"": 5.770117822721262e-13, ""2,1"": 0.0}",0,1,2.0,1,True,True,True,
sensitivity,eos_truncation,"{""accel_mag"": 0.3, ""k_eos"": 2, ""outer_family"": ""outlier""}",0.2,500.0,0.5,5.0,1024,42,SECOND,1.1540235645442525e-12,0.30000007152557373,0,"[1.1540235645442525e-12, 5.770117822721262e-13, 5.770117822721262e-13]","{""1,0"": 5.770117822721262e-13, ""2,0"": 5.770117822721262e-13, ""2,1"": 0.0}",0,1,2.0,1,True,True,True,
sensitivity,eos_truncation,"{""accel_mag"": 0.3, ""k_eos"": 2, ""outer_family"": ""outlier""}",0.2,500.0,0.5,5.0,1024,43,SECOND,1.1540235645442525e-12,0.30000007152557373,0,"[1.1540235645442525e-12, 5.770117822721262e-13, 5.770117822721262e-13]","{""1,0"": 5.770117822721262e-13, ""2,0"": 5.770117822721262e-13, ""2,1"": 0.0}",0,1,2.0,1,True,True,True,
sensitivity,eos_truncation,"{""accel_mag"": 0.3, ""k_eos"": 2, ""outer_family"": ""outlier""}",0.2,500.0,0.5,5.0,1024,44,SECOND,1.1540235645442525e-12,0.30000004172325134,0,"[1.1540235645442525e-12, 5.770117822721262e-13, 5.770117822721262e-13]","{""1,0"": 5.770117822721262e-13, ""2,0"": 5.770117822721262e-13, ""2,1"": 0.0}",0,1,2.0,1,True,True,True,
sensitivity,eos_truncation,"{""accel_mag"": 0.3, ""k_eos"": 2, ""outer_family"": ""outlier""}",0.2,500.0,1.0,1.0,1024,42,SECOND,1.2229927919604091e-12,0.30000007152557373,0,"[1.2229927919604091e-12, 6.114963959802046e-13, 6.114963959802046e-13]","{""1,0"": 6.114963959802046e-13, ""2,0"": 6.114963959802046e-13, ""2,1"": 0.0}",0,1,2.0,1,True,True,True,
sensitivity,eos_truncation,"{""accel_mag"": 0.3, ""k_eos"": 2, ""outer_family"": ""outlier""}",0.2,500.0,1.0,1.0,1024,43,SECOND,1.2229927919604091e-12,0.30000007152557373,0,"[1.2229927919604091e-12, 6.114963959802046e-13, 6.114963959802046e-13]","{""1,0"": 6.114963959802046e-13, ""2,0"": 6.114963959802046e-13, ""2,1"": 0.0}",0,1,2.0,1,True,True,True,
sensitivity,eos_truncation,"{""accel_mag"": 0.3, ""k_eos"": 2, ""outer_family"": ""outlier""}",0.2,500.0,1.0,1.0,1024,44,SECOND,1.2229927919604091e-12,0.30000004172325134,0,"[1.2229927919604091e-12, 6.114963959802046e-13, 6.114963959802046e-13]","{""1,0"": 6.114963959802046e-13, ""2,0"": 6.114963959802046e-13, ""2,1"": 0.0}",0,1,2.0,1,True,True,True,
sensitivity,eos_truncation,"{""accel_mag"": 0.3, ""k_eos"": 2, ""outer_family"": ""outlier""}",0.2,500.0,1.0,3.0,1024,42,SECOND,1.2229927919604091e-12,0.30000004172325134,0,"[1.2229927919604091e-12, 6.114963959802046e-13, 6.114963959802046e-13]","{""1,0"": 6.114963959802046e-13, ""2,0"": 6.114963959802046e-13, ""2,1"": 0.0}",0,1,2.0,1,True,True,True,
sensitivity,eos_truncation,"{""accel_mag"": 0.3, ""k_eos"": 2, ""outer_family"": ""outlier""}",0.2,500.0,1.0,3.0,1024,43,SECOND,1.2229927919604091e-12,0.30000007152557373,0,"[1.2229927919604091e-12, 6.114963959802046e-13, 6.114963959802046e-13]","{""1,0"": 6.114963959802046e-13, ""2,0"": 6.114963959802046e-13, ""2,1"": 0.0}",0,1,2.0,1,True,True,True,
sensitivity,eos_truncation,"{""accel_mag"": 0.3, ""k_eos"": 2, ""outer_family"": ""outlier""}",0.2,500.0,1.0,3.0,1024,44,SECOND,1.2229927919604091e-12,0.30000004172325134,0,"[1.2229927919604091e-12, 6.114963959802046e-13, 6.114963959802046e-13]","{""1,0"": 6.114963959802046e-13, ""2,0"": 6.114963959802046e-13, ""2,1"": 0.0}",0,1,2.0,1,True,True,True,
sensitivity,eos_truncation,"{""accel_mag"": 0.3, ""k_eos"": 2, ""outer_family"": ""outlier""}",0.2,500.0,1.0,5.0,1024,42,SECOND,1.2229927919604091e-12,0.30000007152557373,0,"[1.2229927919604091e-12, 6.114963959802046e-13, 6.114963959802046e-13]","{""1,0"": 6.114963959802046e-13, ""2,0"": 6.114963959802046e-13, ""2,1"": 0.0}",0,1,2.0,1,True,True,True,
sensitivity,eos_truncation,"{""accel_mag"": 0.3, ""k_eos"": 2, ""outer_family"": ""outlier""}",0.2,500.0,1.0,5.0,1024,43,SECOND,1.2229927919604091e-12,0.30000007152557373,0,"[1.2229927919604091e-12, 6.114963959802046e-13, 6.114963959802046e-13]","{""1,0"": 6.114963959802046e-13, ""2,0"": 6.114963959802046e-13, ""2,1"": 0.0}",0,1,2.0,1,True,True,True,
sensitivity,eos_truncation,"{""accel_mag"": 0.3, ""k_eos"": 2, ""outer_family"": ""outlier""}",0.2,500.0,1.0,5.0,1024,44,SECOND,1.2229927919604091e-12,0.30000004172325134,0,"[1.2229927919604091e-12, 6.114963959802046e-13, 6.114963959802046e-13]","{""1,0"": 6.114963959802046e-13, ""2,0"": 6.114963959802046e-13, ""2,1"": 0.0}",0,1,2.0,1,True,True,True,
full_v,baseline,{},0.1,200.0,0.5,3.0,32000,42,SECOND,0.0,0.0,0,"[0.0, 0.0, 0.0]","{""1,0"": 0.0, ""2,0"": 0.0, ""2,1"": 0.0}",,,,,True,,True,
full_v,baseline,{},0.1,200.0,0.5,3.0,32000,43,SECOND,0.0,0.0,0,"[0.0, 0.0, 0.0]","{""1,0"": 0.0, ""2,0"": 0.0, ""2,1"": 0.0}",,,,,True,,True,
full_v,baseline,{},0.1,200.0,0.5,3.0,32000,44,SECOND,0.0,0.0,0,"[0.0, 0.0, 0.0]","{""1,0"": 0.0, ""2,0"": 0.0, ""2,1"": 0.0}",,,,,True,,True,
full_v,constant_bias,"{""alpha_mag"": 0.5}",0.1,200.0,0.5,3.0,32000,42,SECOND,0.0,2.6497279585209912e-17,6,"[0.0, 0.0, 0.0]","{""1,0"": 0.0, ""2,0"": 0.0, ""2,1"": 0.0}",,,,,True,,True,
full_v,constant_bias,"{""alpha_mag"": 0.5}",0.1,200.0,0.5,3.0,32000,43,SECOND,0.0,1.701093968981317e-17,6,"[0.0, 0.0, 0.0]","{""1,0"": 0.0, ""2,0"": 0.0, ""2,1"": 0.0}",,,,,True,,True,
full_v,constant_bias,"{""alpha_mag"": 0.5}",0.1,200.0,0.5,3.0,32000,44,SECOND,0.0,2.152522574528418e-17,6,"[0.0, 0.0, 0.0]","{""1,0"": 0.0, ""2,0"": 0.0, ""2,1"": 0.0}",,,,,True,,True,
full_v,linear_drift,"{""drift_rate"": 0.05}",0.1,200.0,0.5,3.0,32000,42,SECOND,0.0,3.9652964954662293e-17,2,"[0.0, 0.0, 0.0]","{""1,0"": 0.0, ""2,0"": 0.0, ""2,1"": 0.0}",,,,,True,,True,
full_v,linear_drift,"{""drift_rate"": 0.05}",0.1,200.0,0.5,3.0,32000,43,SECOND,0.0,3.852821218252104e-17,2,"[0.0, 0.0, 0.0]","{""1,0"": 0.0, ""2,0"": 0.0, ""2,1"": 0.0}",,,,,True,,True,
full_v,linear_drift,"{""drift_rate"": 0.05}",0.1,200.0,0.5,3.0,32000,44,SECOND,0.0,4.027799754898878e-17,2,"[0.0, 0.0, 0.0]","{""1,0"": 0.0, ""2,0"": 0.0, ""2,1"": 0.0}",,,,,True,,True,
full_v,accelerating,"{""accel_mag"": 0.2}",0.1,200.0,0.5,3.0,32000,42,SECOND,0.09629122109234912,0.20000003278255463,6,"[0.04814561054617456, 0.09629122109234912, 0.04814561054617456]","{""1,0"": 0.04814561054617456, ""2,0"": 0.0, ""2,1"": 0.04814561054617456}",1,1,2.0,1,True,True,True,
full_v,accelerating,"{""accel_mag"": 0.2}",0.1,200.0,0.5,3.0,32000,43,SECOND,0.09629119071532305,0.20000001788139343,4,"[0.048145595357661525, 0.09629119071532305, 0.048145595357661525]","{""1,0"": 0.048145595357661525, ""2,0"": 0.0, ""2,1"": 0.048145595357661525}",1,1,2.0,1,True,True,True,
full_v,accelerating,"{""accel_mag"": 0.2}",0.1,200.0,0.5,3.0,32000,44,SECOND,0.09629119901655064,0.20000001788139343,4,"[0.04814559950827532, 0.09629119901655064, 0.04814559950827532]","{""1,0"": 0.04814559950827532, ""2,0"": 0.0, ""2,1"": 0.04814559950827532}",1,1,2.0,1,True,True,True,
full_v,noise_floor,"{""sigma_noise"": 0.01}",0.1,200.0,0.5,3.0,32000,42,SECOND,1.5939428627780866e-12,0.013736640103161335,0,"[1.5550010999638787e-12, 1.019361261627711e-12, 6.135233639645836e-13]","{""1,0"": 9.80419498813503e-13, ""2,0"": 5.745816011503758e-13, ""2,1"": 3.8941762814207834e-14}",,,,,True,,True,
full_v,noise_floor,"{""sigma_noise"": 0.01}",0.1,200.0,0.5,3.0,32000,43,SECOND,5.886624955581509e-13,0.00983265321701765,0,"[2.693557672964121e-13, 5.497929790973705e-13, 3.581762447225193e-13]","{""1,0"": 2.3048625083563166e-13, ""2,0"": 3.886951646078041e-14, ""2,1"": 3.1930672826173886e-13}",,,,,True,,True,
full_v,noise_floor,"{""sigma_noise"": 0.01}",0.1,200.0,0.5,3.0,32000,44,SECOND,5.032079222142699e-13,0.008572674356400967,0,"[2.7831725933852514e-13, 2.7554936604125316e-13, 4.525492190487615e-13]","{""1,0"": 5.0658703165508397e-14, ""2,0"": 2.2765855617301675e-13, ""2,1"": 2.2489066287574477e-13}",,,,,True,,True,
full_v,outlier,"{""accel_mag"": 0.3}",0.1,200.0,0.5,3.0,32000,42,SECOND,0.2492818587731768,0.30000007152557373,6,"[0.2492818587731768, 0.1246409293865884, 0.1246409293865884]","{""1,0"": 0.1246409293865884, ""2,0"": 0.1246409293865884, ""2,1"": 0.0}",0,1,2.0,1,True,True,True,
full_v,outlier,"{""accel_mag"": 0.3}",0.1,200.0,0.5,3.0,32000,43,SECOND,0.24928179744189333,0.30000004172325134,6,"[0.24928179744189333, 0.12464089872094666, 0.12464089872094666]","{""1,0"": 0.12464089872094666, ""2,0"": 0.12464089872094666, ""2,1"": 0.0}",0,1,2.0,1,True,True,True,
full_v,outlier,"{""accel_mag"": 0.3}",0.1,200.0,0.5,3.0,32000,44,SECOND,0.24928182810753563,0.30000007152557373,6,"[0.24928182810753563, 0.12464091405376782, 0.12464091405376782]","{""1,0"": 0.12464091405376782, ""2,0"": 0.12464091405376782, ""2,1"": 0.0}",0,1,2.0,1,True,True,True,
full_v,eos_truncation,"{""accel_mag"": 0.3, ""k_eos"": 2, ""outer_family"": ""outlier""}",0.1,200.0,0.5,3.0,32000,42,SECOND,0.08309143687124201,0.30000007152557373,2,"[0.08309143687124201, 0.04154571843562101, 0.04154571843562101]","{""1,0"": 0.04154571843562101, ""2,0"": 0.04154571843562101, ""2,1"": 0.0}",0,1,2.0,1,True,True,True,
full_v,eos_truncation,"{""accel_mag"": 0.3, ""k_eos"": 2, ""outer_family"": ""outlier""}",0.1,200.0,0.5,3.0,32000,43,SECOND,0.08309140620629725,0.30000004172325134,2,"[0.08309140620629725, 0.041545703103148625, 0.041545703103148625]","{""1,0"": 0.041545703103148625, ""2,0"": 0.041545703103148625, ""2,1"": 0.0}",0,1,2.0,1,True,True,True,
full_v,eos_truncation,"{""accel_mag"": 0.3, ""k_eos"": 2, ""outer_family"": ""outlier""}",0.1,200.0,0.5,3.0,32000,44,SECOND,0.08309142153876903,0.30000007152557373,2,"[0.08309142153876903, 0.041545710769384514, 0.041545710769384514]","{""1,0"": 0.041545710769384514, ""2,0"": 0.041545710769384514, ""2,1"": 0.0}",0,1,2.0,1,True,True,True,
